period,inflation_yoy,month,inflation_yoy_lag1,inflation_yoy_lag2,inflation_yoy_lag3,inflation_yoy_lag4,banks_balance_sheet_yoy_lag1,banks_balance_sheet_yoy_lag2,banks_balance_sheet_yoy_lag3,banks_balance_sheet_yoy_lag4,current_account_yoy_diff_lag1,current_account_yoy_diff_lag2,current_account_yoy_diff_lag3,current_account_yoy_diff_lag4,employed_persons_yoy_lag1,employed_persons_yoy_lag2,employed_persons_yoy_lag3,employed_persons_yoy_lag4,energy_inflation_lag1,energy_inflation_lag2,energy_inflation_lag3,energy_inflation_lag4,foreign_direct_investment_yoy_diff_lag1,foreign_direct_investment_yoy_diff_lag2,foreign_direct_investment_yoy_diff_lag3,foreign_direct_investment_yoy_diff_lag4,import_prices_yoy_lag1,import_prices_yoy_lag2,import_prices_yoy_lag3,import_prices_yoy_lag4,interest_rate_lag1,interest_rate_lag2,interest_rate_lag3,interest_rate_lag4,manufacturing_production_lag1,manufacturing_production_lag2,manufacturing_production_lag3,manufacturing_production_lag4,private_sector_credit_yoy_lag1,private_sector_credit_yoy_lag2,private_sector_credit_yoy_lag3,private_sector_credit_yoy_lag4,producer_prices_yoy_lag1,producer_prices_yoy_lag2,producer_prices_yoy_lag3,producer_prices_yoy_lag4,unemployment_rate_lag1,unemployment_rate_lag2,unemployment_rate_lag3,unemployment_rate_lag4
1999-04-01,0.0046378575074257,4,0.0060069775746294,0.006704957746483,0.0083858544523387,0.0111641526701067,-55.048684631556455,-54.906844310591296,-53.35585951836119,10.195448209695002,-1494.013,-1286.136,-975.6909999999998,-5352.360999999999,1.65305908443667,1.7930348297692689,1.9016436966682093,1.922208235272116,-2.3,-4.0,-4.0,-5.5,-5576.734,-6168.739,4283.543,-5449.01,-4.936066908173942,-6.369924286757644,-7.006756261671665,-6.872437907024942,3.0,3.0,3.0,3.0,-1.8,-1.1,0.6,-0.3,7.912577225323503,7.841846556265608,7.92287068145896,7.368967602856635,-2.4982930490509148,-2.4982930490509148,-2.349594136893085,-2.049852154834131,10.6,10.7,10.7,10.8
1999-05-01,0.0049611270846599,5,0.0046378575074257,0.0060069775746294,0.006704957746483,0.0083858544523387,-54.77364364173525,-55.048684631556455,-54.906844310591296,-53.35585951836119,1349.352,-1494.013,-1286.136,-975.6909999999998,1.110819033794641,1.65305908443667,1.7930348297692689,1.9016436966682093,2.7,-2.3,-4.0,-4.0,5179.771,-5576.734,-6168.739,4283.543,-4.018687223786976,-4.936066908173942,-6.369924286757644,-7.006756261671665,2.75,3.0,3.0,3.0,-0.4,-1.8,-1.1,0.6,7.6625715935922045,7.912577225323503,7.841846556265608,7.92287068145896,-1.9048194970694432,-2.4982930490509148,-2.4982930490509148,-2.349594136893085,10.6,10.6,10.7,10.7
1999-06-01,0.0044247443759326,6,0.0049611270846599,0.0046378575074257,0.0060069775746294,0.006704957746483,-55.17328352213138,-54.77364364173525,-55.048684631556455,-54.906844310591296,-4448.122,1349.352,-1494.013,-1286.136,1.2456692966003047,1.110819033794641,1.65305908443667,1.7930348297692689,2.5,2.7,-2.3,-4.0,-1693.1419999999998,5179.771,-5576.734,-6168.739,-3.1130918595173362,-4.018687223786976,-4.936066908173942,-6.369924286757644,2.5,2.75,3.0,3.0,-0.4,-0.4,-1.8,-1.1,7.6489244923610755,7.6625715935922045,7.912577225323503,7.841846556265608,-1.9048194970694432,-1.9048194970694432,-2.4982930490509148,-2.4982930490509148,10.5,10.6,10.6,10.7
1999-07-01,0.0042535899539055,7,0.0044247443759326,0.0049611270846599,0.0046378575074257,0.0060069775746294,-56.03472343571596,-55.17328352213138,-54.77364364173525,-55.048684631556455,1356.127,-4448.122,1349.352,-1494.013,1.5954415496819863,1.2456692966003047,1.110819033794641,1.65305908443667,4.1,2.5,2.7,-2.3,6191.185,-1693.1419999999998,5179.771,-5576.734,-1.8229671491661215,-3.1130918595173362,-4.018687223786976,-4.936066908173942,2.5,2.5,2.75,3.0,0.5,-0.4,-0.4,-1.8,7.720907006167899,7.6489244923610755,7.6625715935922045,7.912577225323503,-1.6117565021068536,-1.9048194970694432,-1.9048194970694432,-2.4982930490509148,10.5,10.5,10.6,10.6
1999-08-01,0.0037671603530018,8,0.0042535899539055,0.0044247443759326,0.0049611270846599,0.0046378575074257,-55.46633039061142,-56.03472343571596,-55.17328352213138,-54.77364364173525,-650.549,1356.127,-4448.122,1349.352,1.5512190153600613,1.5954415496819863,1.2456692966003047,1.110819033794641,5.4,4.1,2.5,2.7,1147.0030000000006,6191.185,-1693.1419999999998,5179.771,-0.5201572196073201,-1.8229671491661215,-3.1130918595173362,-4.018687223786976,2.5,2.5,2.5,2.75,-0.1,0.5,-0.4,-0.4,7.6771669696315215,7.720907006167899,7.6489244923610755,7.6625715935922045,-1.0256500167189486,-1.6117565021068536,-1.9048194970694432,-1.9048194970694432,10.5,10.5,10.5,10.6
1999-09-01,0.0024598128853572,9,0.0037671603530018,0.0042535899539055,0.0044247443759326,0.0049611270846599,-56.13419274991909,-55.46633039061142,-56.03472343571596,-55.17328352213138,-2249.3449999999993,-650.549,1356.127,-4448.122,1.6111945800604488,1.5512190153600613,1.5954415496819863,1.2456692966003047,7.4,5.4,4.1,2.5,8550.326000000001,1147.0030000000006,6191.185,-1693.1419999999998,0.9108716198240607,-0.5201572196073201,-1.8229671491661215,-3.1130918595173362,2.5,2.5,2.5,2.5,2.4,-0.1,0.5,-0.4,7.649224527549414,7.6771669696315215,7.720907006167899,7.6489244923610755,-0.7326040092072716,-1.0256500167189486,-1.6117565021068536,-1.9048194970694432,10.5,10.5,10.5,10.5
1999-10-01,0.0020765347822955,10,0.0024598128853572,0.0037671603530018,0.0042535899539055,0.0044247443759326,-55.14839457590366,-56.13419274991909,-55.46633039061142,-56.03472343571596,-1535.7180000000003,-2249.3449999999993,-650.549,1356.127,1.5038263942027896,1.6111945800604488,1.5512190153600613,1.5954415496819863,8.6,7.4,5.4,4.1,-2287.446999999999,8550.326000000001,1147.0030000000006,6191.185,2.6009268475117864,0.9108716198240607,-0.5201572196073201,-1.8229671491661215,2.5,2.5,2.5,2.5,2.8,2.4,-0.1,0.5,7.555539853264648,7.649224527549414,7.6771669696315215,7.720907006167899,-0.439561147303813,-0.7326040092072716,-1.0256500167189486,-1.6117565021068536,10.5,10.5,10.5,10.5
1999-11-01,0.0048622697731852,11,0.0020765347822955,0.0024598128853572,0.0037671603530018,0.0042535899539055,-55.30113683946869,-55.14839457590366,-56.13419274991909,-55.46633039061142,-59.08100000000013,-1535.7180000000003,-2249.3449999999993,-650.549,1.4527976259250508,1.5038263942027896,1.6111945800604488,1.5512190153600613,8.6,8.6,7.4,5.4,15811.284,-2287.446999999999,8550.326000000001,1147.0030000000006,4.17270442266684,2.6009268475117864,0.9108716198240607,-0.5201572196073201,2.5,2.5,2.5,2.5,3.0,2.8,2.4,-0.1,7.481038187425781,7.555539853264648,7.649224527549414,7.6771669696315215,0.2932553421277184,-0.439561147303813,-0.7326040092072716,-1.0256500167189486,10.5,10.5,10.5,10.5
1999-12-01,0.0049378430294613,12,0.0048622697731852,0.0020765347822955,0.0024598128853572,0.0037671603530018,-55.66512398343004,-55.30113683946869,-55.14839457590366,-56.13419274991909,-1781.136,-59.08100000000013,-1535.7180000000003,-2249.3449999999993,1.6151298364999178,1.4527976259250508,1.5038263942027896,1.6111945800604488,8.9,8.6,8.6,7.4,-3473.716,15811.284,-2287.446999999999,8550.326000000001,5.708423811762842,4.17270442266684,2.6009268475117864,0.9108716198240607,2.75,2.5,2.5,2.5,4.7,3.0,2.8,2.4,7.381606245176897,7.481038187425781,7.555539853264648,7.649224527549414,0.8823586658515126,0.2932553421277184,-0.439561147303813,-0.7326040092072716,10.4,10.5,10.5,10.5
2000-01-01,0.0074040535944366,1,0.0049378430294613,0.0048622697731852,0.0020765347822955,0.0024598128853572,-56.37233099043879,-55.66512398343004,-55.30113683946869,-55.14839457590366,-2200.15,-1781.136,-59.08100000000013,-1535.7180000000003,1.9797055575599742,1.6151298364999178,1.4527976259250508,1.5038263942027896,12.2,8.9,8.6,8.6,31686.94,-3473.716,15811.284,-2287.446999999999,7.993944989038937,5.708423811762842,4.17270442266684,2.6009268475117864,3.0,2.75,2.5,2.5,4.2,4.7,3.0,2.8,7.0144199422102815,7.381606245176897,7.481038187425781,7.555539853264648,1.1764841579586793,0.8823586658515126,0.2932553421277184,-0.439561147303813,10.3,10.4,10.5,10.5
2000-02-01,0.0053785300391853,2,0.0074040535944366,0.0049378430294613,0.0048622697731852,0.0020765347822955,7.1448393425564305,-56.37233099043879,-55.66512398343004,-55.30113683946869,1141.821,-2200.15,-1781.136,-59.08100000000013,2.2856971802465154,1.9797055575599742,1.6151298364999178,1.4527976259250508,14.6,12.2,8.9,8.6,642.694,31686.94,-3473.716,15811.284,8.745930532858548,7.993944989038937,5.708423811762842,4.17270442266684,3.0,3.0,2.75,2.5,2.3,4.2,4.7,3.0,6.5822567497241025,7.0144199422102815,7.381606245176897,7.481038187425781,2.0588962577622105,1.1764841579586793,0.8823586658515126,0.2932553421277184,10.2,10.3,10.4,10.5
2000-03-01,0.0046467946029364,3,0.0053785300391853,0.0074040535944366,0.0049378430294613,0.0048622697731852,8.366707237530946,7.1448393425564305,-56.37233099043879,-55.66512398343004,2055.281,1141.821,-2200.15,-1781.136,2.398025338018961,2.2856971802465154,1.9797055575599742,1.6151298364999178,15.9,14.6,12.2,8.9,138760.56999999998,642.694,31686.94,-3473.716,9.835617667662078,8.745930532858548,7.993944989038937,5.708423811762842,3.125,3.0,3.0,2.75,6.4,2.3,4.2,4.7,6.723704890457682,6.5822567497241025,7.0144199422102815,7.381606245176897,2.2075951699200402,2.0588962577622105,1.1764841579586793,0.8823586658515126,10.1,10.2,10.3,10.4
2000-04-01,0.0069499235535293,4,0.0046467946029364,0.0053785300391853,0.0074040535944366,0.0049378430294613,8.966630703155154,8.366707237530946,7.1448393425564305,-56.37233099043879,1386.8159999999998,2055.281,1141.821,-2200.15,2.5174730701044368,2.398025338018961,2.2856971802465154,1.9797055575599742,17.7,15.9,14.6,12.2,14870.717,138760.56999999998,642.694,31686.94,9.881450337115982,9.835617667662078,8.745930532858548,7.993944989038937,3.375,3.125,3.0,3.0,5.9,6.4,2.3,4.2,7.546272292101364,6.723704890457682,6.5822567497241025,7.0144199422102815,2.3530497410193973,2.2075951699200402,2.0588962577622105,1.1764841579586793,10.1,10.1,10.2,10.3
2000-05-01,0.0029764910457759,5,0.0069499235535293,0.0046467946029364,0.0053785300391853,0.0074040535944366,8.939907667598135,8.966630703155154,8.366707237530946,7.1448393425564305,-3148.883,1386.8159999999998,2055.281,1141.821,2.9492993450219274,2.5174730701044368,2.398025338018961,2.2856971802465154,9.0,17.7,15.9,14.6,1873.04,14870.717,138760.56999999998,642.694,9.097177820572622,9.881450337115982,9.835617667662078,8.745930532858548,3.625,3.375,3.125,3.0,6.4,5.9,6.4,2.3,7.56662197238942,7.546272292101364,6.723704890457682,6.5822567497241025,2.194674772470595,2.3530497410193973,2.2075951699200402,2.0588962577622105,9.6,10.1,10.1,10.2
2000-06-01,0.0035919507282304,6,0.0029764910457759,0.0069499235535293,0.0046467946029364,0.0053785300391853,9.032104537178043,8.939907667598135,8.966630703155154,8.366707237530946,1292.284,-3148.883,1386.8159999999998,2055.281,2.747285769337715,2.9492993450219274,2.5174730701044368,2.398025338018961,11.0,9.0,17.7,15.9,4896.522000000001,1873.04,14870.717,138760.56999999998,10.377823684669707,9.097177820572622,9.881450337115982,9.835617667662078,3.75,3.625,3.375,3.125,8.0,6.4,5.9,6.4,7.706043714476074,7.56662197238942,7.546272292101364,6.723704890457682,2.483692314693897,2.194674772470595,2.3530497410193973,2.2075951699200402,9.5,9.6,10.1,10.1
2000-07-01,0.0037987218269348,7,0.0035919507282304,0.0029764910457759,0.0069499235535293,0.0046467946029364,7.672447054543952,9.032104537178043,8.939907667598135,8.966630703155154,-1851.5059999999999,1292.284,-3148.883,1386.8159999999998,2.31259355219251,2.747285769337715,2.9492993450219274,2.5174730701044368,14.0,11.0,9.0,17.7,23642.286,4896.522000000001,1873.04,14870.717,10.114665638064135,10.377823684669707,9.097177820572622,9.881450337115982,4.0,3.75,3.625,3.375,5.6,8.0,6.4,5.9,6.2911123092597165,7.706043714476074,7.56662197238942,7.546272292101364,2.76783874221449,2.483692314693897,2.194674772470595,2.3530497410193973,9.5,9.5,9.6,10.1
2000-08-01,0.0033623543362306,8,0.0037987218269348,0.0035919507282304,0.0029764910457759,0.0069499235535293,7.504154570467314,7.672447054543952,9.032104537178043,8.939907667598135,-1696.179,-1851.5059999999999,1292.284,-3148.883,2.1536175645605837,2.31259355219251,2.747285769337715,2.9492993450219274,12.7,14.0,11.0,9.0,16352.039999999999,23642.286,4896.522000000001,1873.04,9.803255823896784,10.114665638064135,10.377823684669707,9.097177820572622,4.25,4.0,3.75,3.625,7.4,5.6,8.0,6.4,6.140792773130244,6.2911123092597165,7.706043714476074,7.56662197238942,3.0459207484708983,2.76783874221449,2.483692314693897,2.194674772470595,9.5,9.5,9.5,9.6
2000-09-01,0.0040603732210282,9,0.0033623543362306,0.0037987218269348,0.0035919507282304,0.0029764910457759,7.543923902330718,7.504154570467314,7.672447054543952,9.032104537178043,-2110.751000000001,-1696.179,-1851.5059999999999,1292.284,1.8692133012152112,2.1536175645605837,2.31259355219251,2.747285769337715,11.3,12.7,14.0,11.0,18570.704999999998,16352.039999999999,23642.286,4896.522000000001,10.09466437637938,9.803255823896784,10.114665638064135,10.377823684669707,4.375,4.25,4.0,3.75,6.9,7.4,5.6,8.0,6.196454753424163,6.140792773130244,6.2911123092597165,7.706043714476074,3.1840605855658843,3.0459207484708983,2.76783874221449,2.483692314693897,9.5,9.5,9.5,9.5
2000-10-01,0.0048307648464716,10,0.0040603732210282,0.0033623543362306,0.0037987218269348,0.0035919507282304,7.059551293856003,7.543923902330718,7.504154570467314,7.672447054543952,-1498.0239999999994,-2110.751000000001,-1696.179,-1851.5059999999999,1.7702262791511103,1.8692133012152112,2.1536175645605837,2.31259355219251,16.4,11.3,12.7,14.0,15725.702999999998,18570.704999999998,16352.039999999999,23642.286,11.04821657778814,10.09466437637938,9.803255823896784,10.114665638064135,4.5,4.375,4.25,4.0,6.7,6.9,7.4,5.6,6.398952518076229,6.196454753424163,6.140792773130244,6.2911123092597165,3.888178754420668,3.1840605855658843,3.0459207484708983,2.76783874221449,9.4,9.5,9.5,9.5
2000-11-01,0.0019995872048035,11,0.0048307648464716,0.0040603732210282,0.0033623543362306,0.0037987218269348,7.04341687806771,7.059551293856003,7.543923902330718,7.504154570467314,-529.8179999999998,-1498.0239999999994,-2110.751000000001,-1696.179,1.7429965358791932,1.7702262791511103,1.8692133012152112,2.1536175645605837,15.4,16.4,11.3,12.7,1258.7240000000002,15725.702999999998,18570.704999999998,16352.039999999999,10.994767966473162,11.04821657778814,10.09466437637938,9.803255823896784,4.625,4.5,4.375,4.25,5.9,6.7,6.9,7.4,6.155847611197807,6.398952518076229,6.196454753424163,6.140792773130244,4.01775702324505,3.888178754420668,3.1840605855658843,3.0459207484708983,9.4,9.4,9.5,9.5
2000-12-01,0.0106993203615575,12,0.0019995872048035,0.0048307648464716,0.0040603732210282,0.0033623543362306,6.428976406000331,7.04341687806771,7.059551293856003,7.543923902330718,-4074.761,-529.8179999999998,-1498.0239999999994,-2110.751000000001,1.4642289267570163,1.7429965358791932,1.7702262791511103,1.8692133012152112,16.3,15.4,16.4,11.3,4852.401999999999,1258.7240000000002,15725.702999999998,18570.704999999998,10.068377073733448,10.994767966473162,11.04821657778814,10.09466437637938,4.75,4.625,4.5,4.375,6.5,5.9,6.7,6.9,5.793039896934182,6.155847611197807,6.398952518076229,6.196454753424163,4.158305184118571,4.01775702324505,3.888178754420668,3.1840605855658843,9.3,9.4,9.4,9.5
2001-01-01,0.005569318852773,1,0.0106993203615575,0.0019995872048035,0.0048307648464716,0.0040603732210282,6.859025240042627,6.428976406000331,7.04341687806771,7.059551293856003,614.194,-4074.761,-529.8179999999998,-1498.0239999999994,1.0856393072520731,1.4642289267570163,1.7429965358791932,1.7702262791511103,12.6,16.3,15.4,16.4,-66169.089,4852.401999999999,1258.7240000000002,15725.702999999998,6.477083615778145,10.068377073733448,10.994767966473162,11.04821657778814,4.75,4.75,4.625,4.5,6.6,6.5,5.9,6.7,4.907727854374144,5.793039896934182,6.155847611197807,6.398952518076229,3.8714512180689553,4.158305184118571,4.01775702324505,3.888178754420668,9.3,9.3,9.4,9.4
2001-02-01,0.009068169723033,2,0.005569318852773,0.0106993203615575,0.0019995872048035,0.0048307648464716,6.047973552794694,6.859025240042627,6.428976406000331,7.04341687806771,633.0810000000001,614.194,-4074.761,-529.8179999999998,0.29716207115146887,1.0856393072520731,1.4642289267570163,1.7429965358791932,9.6,12.6,16.3,15.4,-600.0709999999999,-66169.089,4852.401999999999,1258.7240000000002,5.160112877508283,6.477083615778145,10.068377073733448,10.994767966473162,4.75,4.75,4.75,4.625,7.6,6.6,6.5,5.9,4.786141031082813,4.907727854374144,5.793039896934182,6.155847611197807,4.134587473829576,3.8714512180689553,4.158305184118571,4.01775702324505,9.3,9.3,9.3,9.4
2001-03-01,0.0097797877580587,3,0.009068169723033,0.005569318852773,0.0106993203615575,0.0019995872048035,6.972665177296378,6.047973552794694,6.859025240042627,6.428976406000331,-448.651,633.0810000000001,614.194,-4074.761,0.11576405560997927,0.29716207115146887,1.0856393072520731,1.4642289267570163,12.0,9.6,12.6,16.3,-122738.65499999998,-600.0709999999999,-66169.089,4852.401999999999,4.286370443178189,5.160112877508283,6.477083615778145,10.068377073733448,4.75,4.75,4.75,4.75,6.5,7.6,6.6,6.5,4.858247016196593,4.786141031082813,4.907727854374144,5.793039896934182,4.413527682587404,4.134587473829576,3.8714512180689553,4.158305184118571,9.3,9.3,9.3,9.3
2001-04-01,0.0111864233974259,4,0.0097797877580587,0.009068169723033,0.005569318852773,0.0106993203615575,7.492773737227765,6.972665177296378,6.047973552794694,6.859025240042627,-539.6169999999997,-448.651,633.0810000000001,614.194,-0.07795506662606755,0.11576405560997927,0.29716207115146887,1.0856393072520731,8.8,12.0,9.6,12.6,-20476.884,-122738.65499999998,-600.0709999999999,-66169.089,3.321776346248484,4.286370443178189,5.160112877508283,6.477083615778145,4.75,4.75,4.75,4.75,4.8,6.5,7.6,6.6,3.780819654683576,4.858247016196593,4.786141031082813,4.907727854374144,4.546237407675768,4.413527682587404,4.134587473829576,3.8714512180689553,9.3,9.3,9.3,9.3
2001-05-01,0.0132379870342687,5,0.0111864233974259,0.0097797877580587,0.009068169723033,0.005569318852773,6.897623068427272,7.492773737227765,6.972665177296378,6.047973552794694,-397.5189999999998,-539.6169999999997,-448.651,633.0810000000001,-0.10806872211244212,-0.07795506662606755,0.11576405560997927,0.29716207115146887,12.4,8.8,12.0,9.6,-3661.867,-20476.884,-122738.65499999998,-600.0709999999999,3.908135004247093,3.321776346248484,4.286370443178189,5.160112877508283,4.75,4.75,4.75,4.75,1.6,4.8,6.5,7.6,3.378080833915753,3.780819654683576,4.858247016196593,4.786141031082813,4.665156861804665,4.546237407675768,4.413527682587404,4.134587473829576,9.3,9.3,9.3,9.3
2001-06-01,0.0134465283719427,6,0.0132379870342687,0.0111864233974259,0.0097797877580587,0.009068169723033,6.486335557422684,6.897623068427272,7.492773737227765,6.972665177296378,1262.0410000000002,-397.5189999999998,-539.6169999999997,-448.651,-0.22105007745043537,-0.10806872211244212,-0.07795506662606755,0.11576405560997927,14.0,12.4,8.8,12.0,-7350.446000000001,-3661.867,-20476.884,-122738.65499999998,3.156311102306475,3.908135004247093,3.321776346248484,4.286370443178189,4.625,4.75,4.75,4.75,0.4,1.6,4.8,6.5,2.9192111925471664,3.378080833915753,3.780819654683576,4.858247016196593,4.652001563489261,4.665156861804665,4.546237407675768,4.413527682587404,9.2,9.3,9.3,9.3
2001-07-01,0.0120716163435465,7,0.0134465283719427,0.0132379870342687,0.0111864233974259,0.0097797877580587,7.045132373612262,6.486335557422684,6.897623068427272,7.492773737227765,288.00800000000004,1262.0410000000002,-397.5189999999998,-539.6169999999997,-0.4698442080062648,-0.22105007745043537,-0.10806872211244212,-0.07795506662606755,8.9,14.0,12.4,8.8,-23579.980000000003,-7350.446000000001,-3661.867,-20476.884,3.156311102306475,3.156311102306475,3.908135004247093,3.321776346248484,4.5,4.625,4.75,4.75,3.0,0.4,1.6,4.8,3.1648453699974155,2.9192111925471664,3.378080833915753,3.780819654683576,4.357681719909934,4.652001563489261,4.665156861804665,4.546237407675768,9.3,9.2,9.3,9.3
2001-08-01,0.0134887793601929,8,0.0120716163435465,0.0134465283719427,0.0132379870342687,0.0111864233974259,5.848975597189465,7.045132373612262,6.486335557422684,6.897623068427272,2014.611,288.00800000000004,1262.0410000000002,-397.5189999999998,-0.5680976517448144,-0.4698442080062648,-0.22105007745043537,-0.10806872211244212,5.9,8.9,14.0,12.4,-4538.78,-23579.980000000003,-7350.446000000001,-3661.867,1.291855899155614,3.156311102306475,3.156311102306475,3.908135004247093,4.5,4.5,4.625,4.75,-1.4,3.0,0.4,1.6,2.70257395578799,3.1648453699974155,2.9192111925471664,3.378080833915753,3.0944803849421554,4.357681719909934,4.652001563489261,4.665156861804665,9.3,9.3,9.2,9.3
2001-09-01,0.0150335602783897,9,0.0134887793601929,0.0120716163435465,0.0134465283719427,0.0132379870342687,5.08268544228514,5.848975597189465,7.045132373612262,6.486335557422684,7813.809000000001,2014.611,288.00800000000004,1262.0410000000002,-0.5402226789469111,-0.5680976517448144,-0.4698442080062648,-0.22105007745043537,5.4,5.9,8.9,14.0,-22247.452999999998,-4538.78,-23579.980000000003,-7350.446000000001,-0.5872007477222496,1.291855899155614,3.156311102306475,3.156311102306475,4.375,4.5,4.5,4.625,0.0,-1.4,3.0,0.4,2.2121759080361514,2.70257395578799,3.1648453699974155,2.9192111925471664,2.670573325913761,3.0944803849421554,4.357681719909934,4.652001563489261,9.3,9.3,9.3,9.2
2001-10-01,0.0167896442757751,10,0.0150335602783897,0.0134887793601929,0.0120716163435465,0.0134465283719427,5.500461298403003,5.08268544228514,5.848975597189465,7.045132373612262,2743.9589999999994,7813.809000000001,2014.611,288.00800000000004,-0.5706328878916977,-0.5402226789469111,-0.5680976517448144,-0.4698442080062648,1.4,5.4,5.9,8.9,-10431.817,-22247.452999999998,-4538.78,-23579.980000000003,-2.7973852042405767,-0.5872007477222496,1.291855899155614,3.156311102306475,4.0,4.375,4.5,4.5,-1.6,0.0,-1.4,3.0,1.7238466450448797,2.2121759080361514,2.70257395578799,3.1648453699974155,1.9581045199107194,2.670573325913761,3.0944803849421554,4.357681719909934,9.4,9.3,9.3,9.3
2001-11-01,0.0162620450890482,11,0.0167896442757751,0.0150335602783897,0.0134887793601929,0.0120716163435465,4.3485944200964965,5.500461298403003,5.08268544228514,5.848975597189465,4715.344999999999,2743.9589999999994,7813.809000000001,2014.611,-0.6759074440155999,-0.5706328878916977,-0.5402226789469111,-0.5680976517448144,-0.6,1.4,5.4,5.9,-12115.677,-10431.817,-22247.452999999998,-4538.78,-4.684697329678844,-2.7973852042405767,-0.5872007477222496,1.291855899155614,3.75,4.0,4.375,4.5,-2.9,-1.6,0.0,-1.4,1.707417928605004,1.7238466450448797,2.2121759080361514,2.70257395578799,0.561011289076685,1.9581045199107194,2.670573325913761,3.0944803849421554,9.5,9.4,9.3,9.3
2001-12-01,0.016788279139126,12,0.0162620450890482,0.0167896442757751,0.0150335602783897,0.0134887793601929,4.208107970796604,4.3485944200964965,5.500461298403003,5.08268544228514,4935.849,4715.344999999999,2743.9589999999994,7813.809000000001,-0.5100449493848913,-0.6759074440155999,-0.5706328878916977,-0.5402226789469111,-3.1,-0.6,1.4,5.4,-17787.19,-12115.677,-10431.817,-22247.452999999998,-5.267455155097434,-4.684697329678844,-2.7973852042405767,-0.5872007477222496,3.5,3.75,4.0,4.375,-5.0,-2.9,-1.6,0.0,1.5551326860792969,1.707417928605004,1.7238466450448797,2.2121759080361514,0.0,0.561011289076685,1.9581045199107194,2.670573325913761,9.6,9.5,9.4,9.3
2002-01-01,0.0174769069946192,1,0.016788279139126,0.0162620450890482,0.0167896442757751,0.0150335602783897,3.794677084768594,4.208107970796604,4.3485944200964965,5.500461298403003,5629.459,4935.849,4715.344999999999,2743.9589999999994,-0.524975145375528,-0.5100449493848913,-0.6759074440155999,-0.5706328878916977,-2.7,-3.1,-0.6,1.4,52283.782,-17787.19,-12115.677,-10431.817,-3.6668803637086356,-5.267455155097434,-4.684697329678844,-2.7973852042405767,3.25,3.5,3.75,4.0,-4.8,-5.0,-2.9,-1.6,1.664682435168352,1.5551326860792969,1.707417928605004,1.7238466450448797,0.1405481608735215,0.0,0.561011289076685,1.9581045199107194,9.6,9.6,9.5,9.4
2002-02-01,0.0178268040602622,2,0.0174769069946192,0.016788279139126,0.0162620450890482,0.0167896442757751,3.365126906988003,3.794677084768594,4.208107970796604,4.3485944200964965,6603.363,5629.459,4935.849,4715.344999999999,-0.10315115072732084,-0.524975145375528,-0.5100449493848913,-0.6759074440155999,0.2,-2.7,-3.1,-0.6,-2827.394,52283.782,-17787.19,-12115.677,-2.60678267699177,-3.6668803637086356,-5.267455155097434,-4.684697329678844,3.25,3.25,3.5,3.75,-4.0,-4.8,-5.0,-2.9,1.3052662668586734,1.664682435168352,1.5551326860792969,1.707417928605004,-0.27972046210607004,0.1405481608735215,0.0,0.561011289076685,9.6,9.6,9.6,9.5
2002-03-01,0.0201781499117537,3,0.0178268040602622,0.0174769069946192,0.016788279139126,0.0162620450890482,1.7178623245543534,3.365126906988003,3.794677084768594,4.208107970796604,3192.462,6603.363,5629.459,4935.849,-0.13339207917653084,-0.10315115072732084,-0.524975145375528,-0.5100449493848913,-1.9,0.2,-2.7,-3.1,-13909.093,-2827.394,52283.782,-17787.19,-2.597548640326064,-2.60678267699177,-3.6668803637086356,-5.267455155097434,3.25,3.25,3.25,3.5,-4.8,-4.0,-4.8,-5.0,0.4345943029207433,1.3052662668586734,1.664682435168352,1.5551326860792969,-0.5586606708638975,-0.27972046210607004,0.1405481608735215,0.0,9.6,9.6,9.6,9.6
2002-04-01,0.0141981899959358,4,0.0201781499117537,0.0178268040602622,0.0174769069946192,0.016788279139126,0.44980320616545555,1.7178623245543534,3.365126906988003,3.794677084768594,2466.854,3192.462,6603.363,5629.459,-0.18633232968348068,-0.13339207917653084,-0.10315115072732084,-0.524975145375528,0.2,-1.9,0.2,-2.7,954.2790000000005,-13909.093,-2827.394,52283.782,-1.6470960595924566,-2.597548640326064,-2.60678267699177,-3.6668803637086356,3.25,3.25,3.25,3.25,-3.2,-4.8,-4.0,-4.8,-0.6148518781282419,0.4345943029207433,1.3052662668586734,1.664682435168352,-0.27816429618772176,-0.5586606708638975,-0.27972046210607004,0.1405481608735215,9.6,9.6,9.6,9.6
2002-05-01,0.0177520573594511,5,0.0141981899959358,0.0201781499117537,0.0178268040602622,0.0174769069946192,0.045134276813385554,0.44980320616545555,1.7178623245543534,3.365126906988003,5341.583,2466.854,3192.462,6603.363,-0.23917132283237663,-0.18633232968348068,-0.13339207917653084,-0.10315115072732084,0.6,0.2,-1.9,0.2,5335.192000000001,954.2790000000005,-13909.093,-2827.394,-1.875787707055654,-1.6470960595924566,-2.597548640326064,-2.60678267699177,3.25,3.25,3.25,3.25,-1.1,-3.2,-4.8,-4.0,-0.5470403881108865,-0.6148518781282419,0.4345943029207433,1.3052662668586734,-1.1111225425071147,-0.27816429618772176,-0.5586606708638975,-0.27972046210607004,9.5,9.6,9.6,9.6
2002-06-01,0.0177124179305385,6,0.0177520573594511,0.0141981899959358,0.0201781499117537,0.0178268040602622,0.19098587554076119,0.045134276813385554,0.44980320616545555,1.7178623245543534,2835.58,5341.583,2466.854,3192.462,-0.3981157776767219,-0.23917132283237663,-0.18633232968348068,-0.13339207917653084,-2.7,0.6,0.2,-1.9,10548.986,5335.192000000001,954.2790000000005,-13909.093,-3.39412334280329,-1.875787707055654,-1.6470960595924566,-2.597548640326064,3.25,3.25,3.25,3.25,-3.4,-1.1,-3.2,-4.8,-0.7096601353310916,-0.5470403881108865,-0.6148518781282419,0.4345943029207433,-1.386984786415013,-1.1111225425071147,-0.27816429618772176,-0.5586606708638975,9.7,9.5,9.6,9.6
2002-07-01,0.0154722547709473,7,0.0177124179305385,0.0177520573594511,0.0141981899959358,0.0201781499117537,-0.3555390114524215,0.19098587554076119,0.045134276813385554,0.44980320616545555,4883.496999999999,2835.58,5341.583,2466.854,-0.45941114727749977,-0.3981157776767219,-0.23917132283237663,-0.18633232968348068,-2.9,-2.7,0.6,0.2,-6577.691,10548.986,5335.192000000001,954.2790000000005,-4.471333040994363,-3.39412334280329,-1.875787707055654,-1.6470960595924566,3.25,3.25,3.25,3.25,-1.3,-3.4,-1.1,-3.2,-0.03837706948761621,-0.7096601353310916,-0.5470403881108865,-0.6148518781282419,-1.5246310572873512,-1.386984786415013,-1.1111225425071147,-0.27816429618772176,9.8,9.7,9.5,9.6
2002-08-01,0.0154447512824003,8,0.0154722547709473,0.0177124179305385,0.0177520573594511,0.0141981899959358,0.39843942939015164,-0.3555390114524215,0.19098587554076119,0.045134276813385554,5928.989,4883.496999999999,2835.58,5341.583,-0.34342600860313155,-0.45941114727749977,-0.3981157776767219,-0.23917132283237663,-0.6,-2.9,-2.7,0.6,-9424.855,-6577.691,10548.986,5335.192000000001,-3.8054532263099183,-4.471333040994363,-3.39412334280329,-1.875787707055654,3.25,3.25,3.25,3.25,0.0,-1.3,-3.4,-1.1,0.13623773319455523,-0.03837706948761621,-0.7096601353310916,-0.5470403881108865,-1.114217655324179,-1.5246310572873512,-1.386984786415013,-1.1111225425071147,9.8,9.8,9.7,9.5
2002-09-01,0.0157329717211798,9,0.0154447512824003,0.0154722547709473,0.0177124179305385,0.0177520573594511,0.6292978290465712,0.39843942939015164,-0.3555390114524215,0.19098587554076119,2597.404,5928.989,4883.496999999999,2835.58,-0.5684919993635518,-0.34342600860313155,-0.45941114727749977,-0.3981157776767219,0.2,-0.6,-2.9,-2.7,4532.987999999999,-9424.855,-6577.691,10548.986,-2.383903117605257,-3.8054532263099183,-4.471333040994363,-3.39412334280329,3.25,3.25,3.25,3.25,-0.3,0.0,-1.3,-3.4,0.255022504725666,0.13623773319455523,-0.03837706948761621,-0.7096601353310916,-1.1157716870653367,-1.114217655324179,-1.5246310572873512,-1.386984786415013,9.8,9.8,9.8,9.7
2002-10-01,0.0125031098065235,10,0.0157329717211798,0.0154447512824003,0.0154722547709473,0.0177124179305385,0.5106709069480075,0.6292978290465712,0.39843942939015164,-0.3555390114524215,6515.950000000001,2597.404,5928.989,4883.496999999999,-0.5865860919502808,-0.5684919993635518,-0.34342600860313155,-0.45941114727749977,-0.3,0.2,-0.6,-2.9,-2075.233,4532.987999999999,-9424.855,-6577.691,-1.5485717439380764,-2.383903117605257,-3.8054532263099183,-4.471333040994363,3.25,3.25,3.25,3.25,-0.1,-0.3,0.0,-1.3,0.2646941809524961,0.255022504725666,0.13623773319455523,-0.03837706948761621,-1.114217655324179,-1.1157716870653367,-1.114217655324179,-1.5246310572873512,9.9,9.8,9.8,9.8
2002-11-01,0.0120115033531664,11,0.0125031098065235,0.0157329717211798,0.0154447512824003,0.0154722547709473,0.7070319963982996,0.5106709069480075,0.6292978290465712,0.39843942939015164,1904.7600000000002,6515.950000000001,2597.404,5928.989,-0.6931998310021115,-0.5865860919502808,-0.5684919993635518,-0.34342600860313155,3.5,-0.3,0.2,-0.6,3253.372,-2075.233,4532.987999999999,-9424.855,-0.11997601919038203,-1.5485717439380764,-2.383903117605257,-3.8054532263099183,3.25,3.25,3.25,3.25,0.5,-0.1,-0.3,0.0,0.1345695905769162,0.2646941809524961,0.255022504725666,0.13623773319455523,0.13976242666382532,-1.114217655324179,-1.1157716870653367,-1.114217655324179,10.0,9.9,9.8,9.8
2002-12-01,0.0106643454991441,12,0.0120115033531664,0.0125031098065235,0.0157329717211798,0.0154447512824003,1.4099862804457075,0.7070319963982996,0.5106709069480075,0.6292978290465712,5662.282,1904.7600000000002,6515.950000000001,2597.404,-0.8982512985184599,-0.6931998310021115,-0.5865860919502808,-0.5684919993635518,2.9,3.5,-0.3,0.2,14921.843,3253.372,-2075.233,4532.987999999999,-1.0876240144138904,-0.11997601919038203,-1.5485717439380764,-2.383903117605257,3.25,3.25,3.25,3.25,3.4,0.5,-0.1,-0.3,-0.1360770144790635,0.1345695905769162,0.2646941809524961,0.255022504725666,0.28050509276091873,0.13976242666382532,-1.114217655324179,-1.1157716870653367,10.1,10.0,9.9,9.8
2003-01-01,0.0091165824063415,1,0.0106643454991441,0.0120115033531664,0.0125031098065235,0.0157329717211798,1.0311182084342008,1.4099862804457075,0.7070319963982996,0.5106709069480075,-674.2470000000003,5662.282,1904.7600000000002,6515.950000000001,-0.95399081245926,-0.8982512985184599,-0.6931998310021115,-0.5865860919502808,4.2,2.9,3.5,-0.3,-13165.472999999998,14921.843,3253.372,-2075.233,-0.12055456553490274,-1.0876240144138904,-0.11997601919038203,-1.5485717439380764,3.0,3.25,3.25,3.25,0.6,3.4,0.5,-0.1,-0.6327161157450689,-0.1360770144790635,0.1345695905769162,0.2646941809524961,0.42046312820316345,0.28050509276091873,0.13976242666382532,-1.114217655324179,10.2,10.1,10.0,9.9
2003-02-01,0.009080860055727,2,0.0091165824063415,0.0106643454991441,0.0120115033531664,0.0125031098065235,1.315098485478039,1.0311182084342008,1.4099862804457075,0.7070319963982996,-2703.2520000000004,-674.2470000000003,5662.282,1904.7600000000002,-1.1952232634879323,-0.95399081245926,-0.8982512985184599,-0.6931998310021115,7.0,4.2,2.9,3.5,6588.819,-13165.472999999998,14921.843,3253.372,-0.1201201345634395,-0.12055456553490274,-1.0876240144138904,-0.11997601919038203,2.75,3.0,3.25,3.25,2.0,0.6,3.4,0.5,-0.7225818015163199,-0.6327161157450689,-0.1360770144790635,0.1345695905769162,1.6667052485210831,0.42046312820316345,0.28050509276091873,0.13976242666382532,10.4,10.2,10.1,10.0
2003-03-01,0.0081522893444976,3,0.009080860055727,0.0091165824063415,0.0106643454991441,0.0120115033531664,2.343763814499944,1.315098485478039,1.0311182084342008,1.4099862804457075,-73.01600000000008,-2703.2520000000004,-674.2470000000003,5662.282,-1.155086554646978,-1.1952232634879323,-0.95399081245926,-0.8982512985184599,8.5,7.0,4.2,2.9,-1038.0719999999997,6588.819,-13165.472999999998,14921.843,-0.23952107259548328,-0.1201201345634395,-0.12055456553490274,-1.0876240144138904,2.75,2.75,3.0,3.25,1.4,2.0,0.6,3.4,-0.4355083470425569,-0.7225818015163199,-0.6327161157450689,-0.1360770144790635,1.941808585710092,1.6667052485210831,0.42046312820316345,0.28050509276091873,10.5,10.4,10.2,10.1
2003-04-01,0.0106302141881426,4,0.0081522893444976,0.009080860055727,0.0091165824063415,0.0106643454991441,1.8878242171060933,2.343763814499944,1.315098485478039,1.0311182084342008,12.44000000000051,-73.01600000000008,-2703.2520000000004,-674.2470000000003,-1.280946886122436,-1.155086554646978,-1.1952232634879323,-0.95399081245926,7.4,8.5,7.0,4.2,13935.659,-1038.0719999999997,6588.819,-13165.472999999998,-1.5541257211211246,-0.23952107259548328,-0.1201201345634395,-0.12055456553490274,2.625,2.75,2.75,3.0,0.9,1.4,2.0,0.6,-0.2731962378399899,-0.4355083470425569,-0.7225818015163199,-0.6327161157450689,1.5204162960434253,1.941808585710092,1.6667052485210831,0.42046312820316345,10.5,10.5,10.4,10.2
2003-05-01,0.0067569522747934,5,0.0106302141881426,0.0081522893444976,0.009080860055727,0.0091165824063415,1.8578680284383253,1.8878242171060933,2.343763814499944,1.315098485478039,-2035.3449999999998,12.44000000000051,-73.01600000000008,-2703.2520000000004,-1.5623134703456998,-1.280946886122436,-1.155086554646978,-1.1952232634879323,2.0,7.4,8.5,7.0,-7354.822,13935.659,-1038.0719999999997,6588.819,-3.369753249717089,-1.5541257211211246,-0.23952107259548328,-0.1201201345634395,2.5,2.625,2.75,2.75,0.1,0.9,1.4,2.0,-0.501064818785224,-0.2731962378399899,-0.4355083470425569,-0.7225818015163199,1.662088123604022,1.5204162960434253,1.941808585710092,1.6667052485210831,10.6,10.5,10.5,10.4
2003-06-01,0.0080150659436259,6,0.0067569522747934,0.0106302141881426,0.0081522893444976,0.009080860055727,1.8785019327957286,1.8578680284383253,1.8878242171060933,2.343763814499944,-179.89099999999996,-2035.3449999999998,12.44000000000051,-73.01600000000008,-1.5418191193072417,-1.5623134703456998,-1.280946886122436,-1.155086554646978,1.2,2.0,7.4,8.5,-7822.432,-7354.822,13935.659,-1038.0719999999997,-4.131814933073041,-3.369753249717089,-1.5541257211211246,-0.23952107259548328,2.5,2.5,2.625,2.75,0.8,0.1,0.9,1.4,-0.6526373506826388,-0.501064818785224,-0.2731962378399899,-0.4355083470425569,1.5246310572873512,1.662088123604022,1.5204162960434253,1.941808585710092,10.6,10.6,10.5,10.5
2003-07-01,0.0088667840873881,7,0.0080150659436259,0.0067569522747934,0.0106302141881426,0.0081522893444976,2.9854014948369922,1.8785019327957286,1.8578680284383253,1.8878242171060933,-1755.554,-179.89099999999996,-2035.3449999999998,12.44000000000051,-1.150169171916282,-1.5418191193072417,-1.5623134703456998,-1.280946886122436,2.8,1.2,2.0,7.4,7861.1939999999995,-7822.432,-7354.822,13935.659,-3.1787517436884904,-4.131814933073041,-3.369753249717089,-1.5541257211211246,2.25,2.5,2.5,2.625,-2.8,0.8,0.1,0.9,-0.1447206200374751,-0.6526373506826388,-0.501064818785224,-0.2731962378399899,1.5246310572873512,1.5246310572873512,1.662088123604022,1.5204162960434253,10.6,10.6,10.6,10.5
2003-08-01,0.0094876905039313,8,0.0088667840873881,0.0080150659436259,0.0067569522747934,0.0106302141881426,2.451291298149627,2.9854014948369922,1.8785019327957286,1.8578680284383253,-1773.623,-1755.554,-179.89099999999996,-2035.3449999999998,-1.0246329934442855,-1.150169171916282,-1.5418191193072417,-1.5623134703456998,3.1,2.8,1.2,2.0,13817.880000000001,7861.1939999999995,-7822.432,-7354.822,-2.329964382805194,-3.1787517436884904,-4.131814933073041,-3.369753249717089,2.0,2.25,2.5,2.5,1.5,-2.8,0.8,0.1,-0.2826722178527419,-0.1447206200374751,-0.6526373506826388,-0.501064818785224,1.8043515193934212,1.5246310572873512,1.5246310572873512,1.662088123604022,10.6,10.6,10.6,10.6
2003-09-01,0.00883384443269,9,0.0094876905039313,0.0088667840873881,0.0080150659436259,0.0067569522747934,1.6109692031454514,2.451291298149627,2.9854014948369922,1.8785019327957286,-2536.4570000000003,-1773.623,-1755.554,-179.89099999999996,-1.0289414332534719,-1.0246329934442855,-1.150169171916282,-1.5418191193072417,4.0,3.1,2.8,1.2,-1739.3939999999998,13817.880000000001,7861.1939999999995,-7822.432,-2.1952101019881987,-2.329964382805194,-3.1787517436884904,-4.131814933073041,2.0,2.0,2.25,2.5,-2.7,1.5,-2.8,0.8,-0.23838707635306378,-0.2826722178527419,-0.1447206200374751,-0.6526373506826388,1.9445057119223286,1.8043515193934212,1.5246310572873512,1.5246310572873512,10.5,10.6,10.6,10.6
2003-10-01,0.0100189568858137,10,0.00883384443269,0.0094876905039313,0.0088667840873881,0.0080150659436259,0.9377507795615969,1.6109692031454514,2.451291298149627,2.9854014948369922,-347.683,-2536.4570000000003,-1773.623,-1755.554,-0.9734048931248296,-1.0289414332534719,-1.0246329934442855,-1.150169171916282,2.5,4.0,3.1,2.8,-3365.3589999999995,-1739.3939999999998,13817.880000000001,7861.1939999999995,-2.7999394500358044,-2.1952101019881987,-2.329964382805194,-3.1787517436884904,2.0,2.0,2.0,2.25,-2.3,-2.7,1.5,-2.8,0.0055139281633032056,-0.23838707635306378,-0.2826722178527419,-0.1447206200374751,1.941808585710092,1.9445057119223286,1.8043515193934212,1.5246310572873512,10.5,10.5,10.6,10.6
2003-11-01,0.0088099621708206,11,0.0100189568858137,0.00883384443269,0.0094876905039313,0.0088667840873881,0.5376512869050387,0.9377507795615969,1.6109692031454514,2.451291298149627,567.5789999999997,-347.683,-2536.4570000000003,-1773.623,-0.7849974045061714,-0.9734048931248296,-1.0289414332534719,-1.0246329934442855,2.1,2.5,4.0,3.1,-14414.152,-3365.3589999999995,-1739.3939999999998,13817.880000000001,-2.92347251083509,-2.7999394500358044,-2.1952101019881987,-2.329964382805194,2.0,2.0,2.0,2.0,1.5,-2.3,-2.7,1.5,-0.3076105991784317,0.0055139281633032056,-0.23838707635306378,-0.2826722178527419,1.662088123604022,1.941808585710092,1.9445057119223286,1.8043515193934212,10.5,10.5,10.5,10.6
2003-12-01,0.0085519983067525,12,0.0088099621708206,0.0100189568858137,0.00883384443269,0.0094876905039313,-0.05026446699130105,0.5376512869050387,0.9377507795615969,1.6109692031454514,-1750.7330000000002,567.5789999999997,-347.683,-2536.4570000000003,-0.668148253608436,-0.7849974045061714,-0.9734048931248296,-1.0289414332534719,4.1,2.1,2.5,4.0,5228.086,-14414.152,-3365.3589999999995,-1739.3939999999998,-1.7157283618577601,-2.92347251083509,-2.7999394500358044,-2.1952101019881987,2.0,2.0,2.0,2.0,0.9,1.5,-2.3,-2.7,0.0842363166320581,-0.3076105991784317,0.0055139281633032056,-0.23838707635306378,1.941808585710092,1.662088123604022,1.941808585710092,1.9445057119223286,10.5,10.5,10.5,10.5
2004-01-01,0.0124400449352153,1,0.0085519983067525,0.0088099621708206,0.0100189568858137,0.00883384443269,0.2875919296990048,-0.05026446699130105,0.5376512869050387,0.9377507795615969,2724.970000000001,-1750.7330000000002,567.5789999999997,-347.683,-0.5711678539634946,-0.668148253608436,-0.7849974045061714,-0.9734048931248296,3.7,4.1,2.1,2.5,-6806.845,5228.086,-14414.152,-3365.3589999999995,-2.9377877716731504,-1.7157283618577601,-2.92347251083509,-2.7999394500358044,2.0,2.0,2.0,2.0,2.6,0.9,1.5,-2.3,-0.02044488999946026,0.0842363166320581,-0.3076105991784317,0.0055139281633032056,1.8018505502678472,1.941808585710092,1.662088123604022,1.941808585710092,10.5,10.5,10.5,10.5
2004-02-01,0.0118976312237695,2,0.0124400449352153,0.0085519983067525,0.0088099621708206,0.0100189568858137,0.675883769309138,0.2875919296990048,-0.05026446699130105,0.5376512869050387,6320.923000000001,2724.970000000001,-1750.7330000000002,567.5789999999997,-0.19889847438392394,-0.5711678539634946,-0.668148253608436,-0.7849974045061714,-0.1,3.7,4.1,2.1,-10891.73,-6806.845,5228.086,-14414.152,-3.1748698314579826,-2.9377877716731504,-1.7157283618577601,-2.92347251083509,2.0,2.0,2.0,2.0,1.6,2.6,0.9,1.5,-0.11776345629410656,-0.02044488999946026,0.0842363166320581,-0.3076105991784317,0.13764627087233805,1.8018505502678472,1.941808585710092,1.662088123604022,10.3,10.5,10.5,10.5
2004-03-01,0.0147472107816,3,0.0118976312237695,0.0124400449352153,0.0085519983067525,0.0088099621708206,0.422843929945671,0.675883769309138,0.2875919296990048,-0.05026446699130105,4636.08,6320.923000000001,2724.970000000001,-1750.7330000000002,-0.14277703715546153,-0.19889847438392394,-0.5711678539634946,-0.668148253608436,-2.5,-0.1,3.7,4.1,-23028.644,-10891.73,-6806.845,5228.086,-3.2909734088797826,-3.1748698314579826,-2.9377877716731504,-1.7157283618577601,2.0,2.0,2.0,2.0,2.2,1.6,2.6,0.9,-0.4047442384589317,-0.11776345629410656,-0.02044488999946026,0.0842363166320581,-0.13745706631667076,0.13764627087233805,1.8018505502678472,1.941808585710092,10.3,10.3,10.5,10.5
2004-04-01,0.0182613645100415,4,0.0147472107816,0.0118976312237695,0.0124400449352153,0.0085519983067525,1.1182026269086265,0.422843929945671,0.675883769309138,0.2875919296990048,8197.143,4636.08,6320.923000000001,2724.970000000001,0.16324868435209083,-0.14277703715546153,-0.19889847438392394,-0.5711678539634946,-2.2,-2.5,-0.1,3.7,-17640.561999999998,-23028.644,-10891.73,-6806.845,-1.7011345826537294,-3.2909734088797826,-3.1748698314579826,-2.9377877716731504,2.0,2.0,2.0,2.0,1.4,2.2,1.6,2.6,0.04819689042481201,-0.4047442384589317,-0.11776345629410656,-0.02044488999946026,0.4106781952653904,-0.13745706631667076,0.13764627087233805,1.8018505502678472,10.4,10.3,10.3,10.5
2004-05-01,0.0188946046770634,5,0.0182613645100415,0.0147472107816,0.0118976312237695,0.0124400449352153,2.1183382698428233,1.1182026269086265,0.422843929945671,0.675883769309138,8268.113,8197.143,4636.08,6320.923000000001,0.6253130979052557,0.16324868435209083,-0.14277703715546153,-0.19889847438392394,2.7,-2.2,-2.5,-0.1,-6222.563,-17640.561999999998,-23028.644,-10891.73,0.48840145924256007,-1.7011345826537294,-3.2909734088797826,-3.1748698314579826,2.0,2.0,2.0,2.0,3.4,1.4,2.2,1.6,0.607440000776549,0.04819689042481201,-0.4047442384589317,-0.11776345629410656,0.8207980417830107,0.4106781952653904,-0.13745706631667076,0.13764627087233805,10.4,10.4,10.3,10.3
2004-06-01,0.0171942130094793,6,0.0188946046770634,0.0182613645100415,0.0147472107816,0.0118976312237695,1.7299020838414947,2.1183382698428233,1.1182026269086265,0.422843929945671,7902.573,8268.113,8197.143,4636.08,0.6363994744823742,0.6253130979052557,0.16324868435209083,-0.14277703715546153,7.4,2.7,-2.2,-2.5,-5874.481,-6222.563,-17640.561999999998,-23028.644,2.4511031014349705,0.48840145924256007,-1.7011345826537294,-3.2909734088797826,2.0,2.0,2.0,2.0,5.0,3.4,1.4,2.2,0.34239079178046694,0.607440000776549,0.04819689042481201,-0.4047442384589317,1.366141465581805,0.8207980417830107,0.4106781952653904,-0.13745706631667076,10.5,10.4,10.4,10.3
2004-07-01,0.0162605004753402,7,0.0171942130094793,0.0188946046770634,0.0182613645100415,0.0147472107816,1.1647837338113476,1.7299020838414947,2.1183382698428233,1.1182026269086265,7883.186000000001,7902.573,8268.113,8197.143,0.520741444777606,0.6363994744823742,0.6253130979052557,0.16324868435209083,5.0,7.4,2.7,-2.2,-3317.7349999999997,-5874.481,-6222.563,-17640.561999999998,2.089811763761684,2.4511031014349705,0.48840145924256007,-1.7011345826537294,2.0,2.0,2.0,2.0,5.3,5.0,3.4,1.4,-0.39160733136700543,0.34239079178046694,0.607440000776549,0.04819689042481201,1.2303641195357429,1.366141465581805,0.8207980417830107,0.4106781952653904,10.5,10.5,10.4,10.4
2004-08-01,0.0169622157112518,8,0.0162605004753402,0.0171942130094793,0.0188946046770634,0.0182613645100415,2.1967715363118145,1.1647837338113476,1.7299020838414947,2.1183382698428233,4569.843000000001,7883.186000000001,7902.573,8268.113,0.2934611356455008,0.520741444777606,0.6363994744823742,0.6253130979052557,5.9,5.0,7.4,2.7,-7953.042,-3317.7349999999997,-5874.481,-6222.563,2.087245817044092,2.089811763761684,2.4511031014349705,0.48840145924256007,2.0,2.0,2.0,2.0,4.2,5.3,5.0,3.4,-0.22153869605912035,-0.39160733136700543,0.34239079178046694,0.607440000776549,1.9074147762568217,1.2303641195357429,1.366141465581805,0.8207980417830107,10.6,10.5,10.5,10.4
2004-09-01,0.0171804529985912,9,0.0169622157112518,0.0162605004753402,0.0171942130094793,0.0188946046770634,2.529061506520769,2.1967715363118145,1.1647837338113476,1.7299020838414947,4650.568,4569.843000000001,7883.186000000001,7902.573,0.49286972355186975,0.2934611356455008,0.520741444777606,0.6363994744823742,6.1,5.9,5.0,7.4,-7062.932000000001,-7953.042,-3317.7349999999997,-5874.481,2.5564386705795528,2.087245817044092,2.089811763761684,2.4511031014349705,2.0,2.0,2.0,2.0,5.6,4.2,5.3,5.0,-0.5046281425084231,-0.22153869605912035,-0.39160733136700543,0.34239079178046694,2.3114557299573235,1.9074147762568217,1.2303641195357429,1.366141465581805,10.6,10.6,10.5,10.5
2004-10-01,0.0155156384077637,10,0.0171804529985912,0.0169622157112518,0.0162605004753402,0.0171942130094793,2.923980696280637,2.529061506520769,2.1967715363118145,1.1647837338113476,3214.068,4650.568,4569.843000000001,7883.186000000001,0.5413838908133073,0.49286972355186975,0.2934611356455008,0.520741444777606,6.3,6.1,5.9,5.0,-5318.3,-7062.932000000001,-7953.042,-3317.7349999999997,2.7999394500358044,2.5564386705795528,2.087245817044092,2.089811763761684,2.0,2.0,2.0,2.0,5.6,5.6,4.2,5.3,-0.755623198772426,-0.5046281425084231,-0.22153869605912035,-0.39160733136700543,2.1739986636406528,2.3114557299573235,1.9074147762568217,1.2303641195357429,10.7,10.6,10.6,10.5
2004-11-01,0.0178924968354197,11,0.0155156384077637,0.0171804529985912,0.0169622157112518,0.0162605004753402,3.5568181619503036,2.923980696280637,2.529061506520769,2.1967715363118145,4578.725,3214.068,4650.568,4569.843000000001,0.43149186731206157,0.5413838908133073,0.49286972355186975,0.2934611356455008,9.6,6.3,6.1,5.9,9889.057,-5318.3,-7062.932000000001,-7953.042,3.9981097183835246,2.7999394500358044,2.5564386705795528,2.087245817044092,2.0,2.0,2.0,2.0,3.7,5.6,5.6,4.2,-0.5319626092031626,-0.755623198772426,-0.5046281425084231,-0.22153869605912035,3.243527575315408,2.1739986636406528,2.3114557299573235,1.9074147762568217,10.7,10.7,10.6,10.6
2004-12-01,0.0229269463464039,12,0.0178924968354197,0.0155156384077637,0.0171804529985912,0.0169622157112518,3.5299527218613846,3.5568181619503036,2.923980696280637,2.529061506520769,4904.662,4578.725,3214.068,4650.568,0.41620446410242096,0.43149186731206157,0.5413838908133073,0.49286972355186975,7.0,9.6,6.3,6.1,-7645.671,9889.057,-5318.3,-7062.932000000001,2.6830877796956365,3.9981097183835246,2.7999394500358044,2.5564386705795528,2.0,2.0,2.0,2.0,0.8,3.7,5.6,5.6,-0.6216097895727302,-0.5319626092031626,-0.755623198772426,-0.5046281425084231,2.843793532053418,3.243527575315408,2.1739986636406528,2.3114557299573235,10.8,10.7,10.7,10.6
2005-01-01,0.0131935505068376,1,0.0229269463464039,0.0178924968354197,0.0155156384077637,0.0171804529985912,2.937702151003485,3.5299527218613846,3.5568181619503036,2.923980696280637,4792.960999999999,4904.662,4578.725,3214.068,0.2783418760547107,0.41620446410242096,0.43149186731206157,0.5413838908133073,4.5,7.0,9.6,6.3,8787.334,-7645.671,9889.057,-5318.3,2.089811763761684,2.6830877796956365,3.9981097183835246,2.7999394500358044,2.0,2.0,2.0,2.0,0.5,0.8,3.7,5.6,-0.5430472239513762,-0.6216097895727302,-0.5319626092031626,-0.755623198772426,2.843793532053418,2.843793532053418,3.243527575315408,2.1739986636406528,10.9,10.8,10.7,10.7
2005-02-01,0.0130002052309707,2,0.0131935505068376,0.0229269463464039,0.0178924968354197,0.0155156384077637,3.870615998733662,2.937702151003485,3.5299527218613846,3.5568181619503036,707.6700000000001,4792.960999999999,4904.662,4578.725,-0.053617250719462106,0.2783418760547107,0.41620446410242096,0.43149186731206157,5.3,4.5,7.0,9.6,1765.6410000000005,8787.334,-7645.671,9889.057,2.9341958284015313,2.089811763761684,2.6830877796956365,3.9981097183835246,2.0,2.0,2.0,2.0,4.0,0.5,0.8,3.7,-0.2747795317318946,-0.5430472239513762,-0.6216097895727302,-0.5319626092031626,3.911489864601414,2.843793532053418,2.843793532053418,3.243527575315408,11.6,10.9,10.8,10.7
2005-03-01,0.0113494862209853,3,0.0130002052309707,0.0131935505068376,0.0229269463464039,0.0178924968354197,4.173831350055046,3.870615998733662,2.937702151003485,3.5299527218613846,2356.209,707.6700000000001,4792.960999999999,4904.662,-0.1021085502511454,-0.053617250719462106,0.2783418760547107,0.41620446410242096,6.6,5.3,4.5,7.0,22429.498,1765.6410000000005,8787.334,-7645.671,3.4108056580906876,2.9341958284015313,2.089811763761684,2.6830877796956365,2.0,2.0,2.0,2.0,1.7,4.0,0.5,0.8,-0.09365488860613169,-0.2747795317318946,-0.5430472239513762,-0.6216097895727302,4.043677590393013,3.911489864601414,2.843793532053418,2.843793532053418,11.9,11.6,10.9,10.8
2005-04-01,0.0043687338512654,4,0.0113494862209853,0.0130002052309707,0.0131935505068376,0.0229269463464039,3.374550998183423,4.173831350055046,3.870615998733662,2.937702151003485,-716.7630000000008,2356.209,707.6700000000001,4792.960999999999,-0.31142335316118874,-0.1021085502511454,-0.053617250719462106,0.2783418760547107,8.1,6.6,5.3,4.5,2847.4139999999998,22429.498,1765.6410000000005,8787.334,3.373813963185057,3.4108056580906876,2.9341958284015313,2.089811763761684,2.0,2.0,2.0,2.0,3.6,1.7,4.0,0.5,-0.40471776798920445,-0.09365488860613169,-0.2747795317318946,-0.5430472239513762,4.0166041725334445,4.043677590393013,3.911489864601414,2.843793532053418,12.1,11.9,11.6,10.9
2005-05-01,0.0075091161865419,5,0.0043687338512654,0.0113494862209853,0.0130002052309707,0.0131935505068376,5.130225807667621,3.374550998183423,4.173831350055046,3.870615998733662,-916.6499999999996,-716.7630000000008,2356.209,707.6700000000001,-0.49738021962184575,-0.31142335316118874,-0.1021085502511454,-0.053617250719462106,8.6,8.1,6.6,5.3,3902.519,2847.4139999999998,22429.498,1765.6410000000005,2.4068550520519594,3.373813963185057,3.4108056580906876,2.9341958284015313,2.0,2.0,2.0,2.0,3.0,3.6,1.7,4.0,0.5445699487660605,-0.40471776798920445,-0.09365488860613169,-0.2747795317318946,4.267314112607501,4.0166041725334445,4.043677590393013,3.911489864601414,11.9,12.1,11.9,11.6
2005-06-01,0.0047711991955896,6,0.0075091161865419,0.0043687338512654,0.0113494862209853,0.0130002052309707,4.679596203283687,5.130225807667621,3.374550998183423,4.173831350055046,-2308.4790000000003,-916.6499999999996,-716.7630000000008,2356.209,-0.3675442510184368,-0.49738021962184575,-0.31142335316118874,-0.1021085502511454,5.4,8.6,8.1,6.6,39.41099999999983,3902.519,2847.4139999999998,22429.498,1.4423326961104266,2.4068550520519594,3.373813963185057,3.4108056580906876,2.0,2.0,2.0,2.0,1.2,3.0,3.6,1.7,0.2593987881267523,0.5445699487660605,-0.40471776798920445,-0.09365488860613169,3.8594277551253775,4.267314112607501,4.0166041725334445,4.043677590393013,11.9,11.9,12.1,11.9
2005-07-01,0.0062043787680252,7,0.0047711991955896,0.0075091161865419,0.0043687338512654,0.0113494862209853,4.527459683042245,4.679596203283687,5.130225807667621,3.374550998183423,1928.5259999999998,-2308.4790000000003,-916.6499999999996,-716.7630000000008,-0.3264226497723399,-0.3675442510184368,-0.49738021962184575,-0.31142335316118874,9.5,5.4,8.6,8.1,-572.7689999999998,39.41099999999983,3902.519,2847.4139999999998,3.2318791255167234,1.4423326961104266,2.4068550520519594,3.373813963185057,2.0,2.0,2.0,2.0,3.4,1.2,3.0,3.6,0.05805716374496228,0.2593987881267523,0.5445699487660605,-0.40471776798920445,4.516039611885336,3.8594277551253775,4.267314112607501,4.0166041725334445,11.8,11.9,11.9,12.1
2005-08-01,0.0059371587529275,8,0.0062043787680252,0.0047711991955896,0.0075091161865419,0.0043687338512654,4.477515372536622,4.527459683042245,4.679596203283687,5.130225807667621,-198.88699999999972,1928.5259999999998,-2308.4790000000003,-916.6499999999996,-0.30112818140874964,-0.3264226497723399,-0.3675442510184368,-0.49738021962184575,10.9,9.5,5.4,8.6,-4778.579,-572.7689999999998,39.41099999999983,3902.519,3.5803346814609505,3.2318791255167234,1.4423326961104266,2.4068550520519594,2.0,2.0,2.0,2.0,3.6,3.4,1.2,3.0,0.5198083422394362,0.05805716374496228,0.2593987881267523,0.5445699487660605,4.486240405725983,4.516039611885336,3.8594277551253775,4.267314112607501,11.7,11.8,11.9,11.9
2005-09-01,0.0047556541315989,9,0.0059371587529275,0.0062043787680252,0.0047711991955896,0.0075091161865419,4.31348037272965,4.477515372536622,4.527459683042245,4.679596203283687,1183.9059999999995,-198.88699999999972,1928.5259999999998,-2308.4790000000003,-0.09939978644606384,-0.30112818140874964,-0.3264226497723399,-0.3675442510184368,10.8,10.9,9.5,5.4,4017.94,-4778.579,-572.7689999999998,39.41099999999983,3.0771658666753687,3.5803346814609505,3.2318791255167234,1.4423326961104266,2.0,2.0,2.0,2.0,1.8,3.6,3.4,1.2,0.8379618538508993,0.5198083422394362,0.05805716374496228,0.2593987881267523,4.339931553455489,4.486240405725983,4.516039611885336,3.8594277551253775,11.7,11.7,11.8,11.9
2005-10-01,0.0076032298139008,10,0.0047556541315989,0.0059371587529275,0.0062043787680252,0.0047711991955896,4.138403657143996,4.31348037272965,4.477515372536622,4.527459683042245,2766.133999999999,1183.9059999999995,-198.88699999999972,1928.5259999999998,0.056013852162095645,-0.09939978644606384,-0.30112818140874964,-0.3264226497723399,14.3,10.8,10.9,9.5,6388.502,4017.94,-4778.579,-572.7689999999998,3.3060862260887447,3.0771658666753687,3.5803346814609505,3.2318791255167234,2.0,2.0,2.0,2.0,4.8,1.8,3.6,3.4,1.0992492956267697,0.8379618538508993,0.5198083422394362,0.05805716374496228,4.5970011037655745,4.339931553455489,4.486240405725983,4.516039611885336,11.6,11.7,11.7,11.8
2005-11-01,0.0072180785959776,11,0.0076032298139008,0.0047556541315989,0.0059371587529275,0.0062043787680252,3.8777345539580566,4.138403657143996,4.31348037272965,4.477515372536622,-1246.8459999999995,2766.133999999999,1183.9059999999995,-198.88699999999972,0.15783313698598533,0.056013852162095645,-0.09939978644606384,-0.30112818140874964,11.4,14.3,10.8,10.9,8877.461,6388.502,4017.94,-4778.579,2.9258962538214917,3.3060862260887447,3.0771658666753687,3.5803346814609505,2.0,2.0,2.0,2.0,5.8,4.8,1.8,3.6,1.4301309062330958,1.0992492956267697,0.8379618538508993,0.5198083422394362,4.167269640056848,4.5970011037655745,4.339931553455489,4.486240405725983,11.5,11.6,11.7,11.7
2005-12-01,0.0007414072203619,12,0.0072180785959776,0.0076032298139008,0.0047556541315989,0.0059371587529275,3.5409620253147978,3.8777345539580566,4.138403657143996,4.31348037272965,1259.1149999999998,-1246.8459999999995,2766.133999999999,1183.9059999999995,0.27989840156372736,0.15783313698598533,0.056013852162095645,-0.09939978644606384,11.1,11.4,14.3,10.8,24672.665,8877.461,6388.502,4017.94,4.009971207643126,2.9258962538214917,3.3060862260887447,3.0771658666753687,2.0,2.0,2.0,2.0,6.7,5.8,4.8,1.8,0.9462474729872383,1.4301309062330958,1.0992492956267697,0.8379618538508993,4.439371247358359,4.167269640056848,4.5970011037655745,4.339931553455489,11.5,11.5,11.6,11.7
2006-01-01,0.0040178590998642,1,0.0007414072203619,0.0072180785959776,0.0076032298139008,0.0047556541315989,3.529113931519845,3.5409620253147978,3.8777345539580566,4.138403657143996,-161.4989999999998,1259.1149999999998,-1246.8459999999995,2766.133999999999,0.3995577102335446,0.27989840156372736,0.15783313698598533,0.056013852162095645,13.9,11.1,11.4,14.3,-3610.862000000001,24672.665,8877.461,6388.502,5.4451319604170045,4.009971207643126,2.9258962538214917,3.3060862260887447,2.25,2.0,2.0,2.0,6.0,6.7,5.8,4.8,0.6961785823273559,0.9462474729872383,1.4301309062330958,1.0992492956267697,4.694473426518897,4.439371247358359,4.167269640056848,4.5970011037655745,11.3,11.5,11.5,11.6
2006-02-01,0.0050710198653014,2,0.0040178590998642,0.0007414072203619,0.0072180785959776,0.0076032298139008,3.8279043621246345,3.529113931519845,3.5409620253147978,3.8777345539580566,3517.7790000000005,-161.4989999999998,1259.1149999999998,-1246.8459999999995,0.05106470008318098,0.3995577102335446,0.27989840156372736,0.15783313698598533,15.0,13.9,11.1,11.4,1371.7709999999997,-3610.862000000001,24672.665,8877.461,5.165467486489117,5.4451319604170045,4.009971207643126,2.9258962538214917,2.25,2.25,2.0,2.0,4.0,6.0,6.7,5.8,2.250347014963694,0.6961785823273559,0.9462474729872383,1.4301309062330958,5.2813302610681845,4.694473426518897,4.439371247358359,4.167269640056848,11.4,11.3,11.5,11.5
2006-03-01,0.0037059972958806,3,0.0050710198653014,0.0040178590998642,0.0007414072203619,0.0072180785959776,3.5132339524020395,3.8279043621246345,3.529113931519845,3.5409620253147978,-777.5709999999999,3517.7790000000005,-161.4989999999998,1259.1149999999998,0.1021085502511454,0.05106470008318098,0.3995577102335446,0.27989840156372736,14.3,15.0,13.9,11.1,3648.817,1371.7709999999997,-3610.862000000001,24672.665,4.907526752132707,5.165467486489117,5.4451319604170045,4.009971207643126,2.25,2.25,2.25,2.0,6.2,4.0,6.0,6.7,2.4132844075770876,2.250347014963694,0.6961785823273559,0.9462474729872383,5.7745354429065365,5.2813302610681845,4.694473426518897,4.439371247358359,11.4,11.4,11.3,11.5
2006-04-01,0.0081579881918099,4,0.0037059972958806,0.0050710198653014,0.0040178590998642,0.0007414072203619,3.9695670819575923,3.5132339524020395,3.8279043621246345,3.529113931519845,-179.32699999999932,-777.5709999999999,3517.7790000000005,-161.4989999999998,0.25788674941722434,0.1021085502511454,0.05106470008318098,0.3995577102335446,11.6,14.3,15.0,13.9,2167.0910000000013,3648.817,1371.7709999999997,-3610.862000000001,4.290513134022245,4.907526752132707,5.165467486489117,5.4451319604170045,2.375,2.25,2.25,2.25,3.9,6.2,4.0,6.0,2.6529429409064775,2.4132844075770876,2.250347014963694,0.6961785823273559,5.613718681998225,5.7745354429065365,5.2813302610681845,4.694473426518897,11.4,11.4,11.4,11.3
2006-05-01,0.0041425364211233,5,0.0081579881918099,0.0037059972958806,0.0050710198653014,0.0040178590998642,2.2874140205127347,3.9695670819575923,3.5132339524020395,3.8279043621246345,2822.851999999999,-179.32699999999932,-777.5709999999999,3517.7790000000005,0.49738021962184575,0.25788674941722434,0.1021085502511454,0.05106470008318098,12.6,11.6,14.3,15.0,-6005.642,2167.0910000000013,3648.817,1371.7709999999997,5.775276749786151,4.290513134022245,4.907526752132707,5.165467486489117,2.5,2.375,2.25,2.25,5.4,3.9,6.2,4.0,2.547755775177407,2.6529429409064775,2.4132844075770876,2.250347014963694,5.954893980721998,5.613718681998225,5.7745354429065365,5.2813302610681845,11.3,11.4,11.4,11.4
2006-06-01,0.0072025720948714,6,0.0041425364211233,0.0081579881918099,0.0037059972958806,0.0050710198653014,2.8722314982465136,2.2874140205127347,3.9695670819575923,3.5132339524020395,569.4189999999999,2822.851999999999,-179.32699999999932,-777.5709999999999,0.8504405281888339,0.49738021962184575,0.25788674941722434,0.1021085502511454,13.3,12.6,11.6,14.3,12608.981000000002,-6005.642,2167.0910000000013,3648.817,6.132632698872698,5.775276749786151,4.290513134022245,4.907526752132707,2.5,2.5,2.375,2.25,8.5,5.4,3.9,6.2,2.9703787737945575,2.547755775177407,2.6529429409064775,2.4132844075770876,6.07781962619498,5.954893980721998,5.613718681998225,5.7745354429065365,10.9,11.3,11.4,11.4
2006-07-01,0.0082483565131186,7,0.0072025720948714,0.0041425364211233,0.0081579881918099,0.0037059972958806,3.095681151300411,2.8722314982465136,2.2874140205127347,3.9695670819575923,778.5319999999992,569.4189999999999,2822.851999999999,-179.32699999999932,1.0089671972211889,0.8504405281888339,0.49738021962184575,0.25788674941722434,11.5,13.3,12.6,11.6,1018.3559999999998,12608.981000000002,-6005.642,2167.0910000000013,4.828524115946209,6.132632698872698,5.775276749786151,4.290513134022245,2.625,2.5,2.5,2.375,5.5,8.5,5.4,3.9,2.782754719816616,2.9703787737945575,2.547755775177407,2.6529429409064775,5.556985115481083,6.07781962619498,5.954893980721998,5.613718681998225,10.8,10.9,11.3,11.4
2006-08-01,0.005518986208667,8,0.0082483565131186,0.0072025720948714,0.0041425364211233,0.0081579881918099,2.336894188289307,3.095681151300411,2.8722314982465136,2.2874140205127347,1180.0449999999992,778.5319999999992,569.4189999999999,2822.851999999999,1.259699197282238,1.0089671972211889,0.8504405281888339,0.49738021962184575,9.9,11.5,13.3,12.6,-1859.1320000000005,1018.3559999999998,12608.981000000002,-6005.642,5.363521583263164,4.828524115946209,6.132632698872698,5.775276749786151,2.75,2.625,2.5,2.5,5.8,5.5,8.5,5.4,2.3071626546794732,2.782754719816616,2.9703787737945575,2.547755775177407,5.644131090495197,5.556985115481083,6.07781962619498,5.954893980721998,10.6,10.8,10.9,11.3
2006-09-01,0.0073112225387061,9,0.005518986208667,0.0082483565131186,0.0072025720948714,0.0041425364211233,2.564911024437855,2.336894188289307,3.095681151300411,2.8722314982465136,2559.59,1180.0449999999992,778.5319999999992,569.4189999999999,1.1233081666270905,1.259699197282238,1.0089671972211889,0.8504405281888339,8.0,9.9,11.5,13.3,6576.222,-1859.1320000000005,1018.3559999999998,12608.981000000002,4.779066383634856,5.363521583263164,4.828524115946209,6.132632698872698,2.875,2.75,2.625,2.5,9.6,5.8,5.5,8.5,2.350432985150519,2.3071626546794732,2.782754719816616,2.9703787737945575,5.630004468853311,5.644131090495197,5.556985115481083,6.07781962619498,10.5,10.6,10.8,10.9
2006-10-01,0.00892382600244,10,0.0073112225387061,0.005518986208667,0.0082483565131186,0.0072025720948714,2.851828458638117,2.564911024437855,2.336894188289307,3.095681151300411,2158.5480000000007,2559.59,1180.0449999999992,778.5319999999992,0.9903202572120406,1.1233081666270905,1.259699197282238,1.0089671972211889,1.7,8.0,9.9,11.5,2506.9310000000005,6576.222,-1859.1320000000005,1018.3559999999998,3.537162815227912,4.779066383634856,5.363521583263164,4.828524115946209,3.0,2.875,2.75,2.625,6.7,9.6,5.8,5.5,2.62250916874045,2.350432985150519,2.3071626546794732,2.782754719816616,5.007303798232154,5.630004468853311,5.644131090495197,5.556985115481083,10.5,10.5,10.6,10.8
2006-11-01,0.0091757945252473,11,0.00892382600244,0.0073112225387061,0.005518986208667,0.0082483565131186,2.625045080195676,2.851828458638117,2.564911024437855,2.336894188289307,8358.842999999999,2158.5480000000007,2559.59,1180.0449999999992,0.9669982196344407,0.9903202572120406,1.1233081666270905,1.259699197282238,0.6,1.7,8.0,9.9,-2241.179,2506.9310000000005,6576.222,-1859.1320000000005,2.618248594564321,3.537162815227912,4.779066383634856,5.363521583263164,3.125,3.0,2.875,2.75,4.3,6.7,9.6,5.8,2.0744298951921536,2.62250916874045,2.350432985150519,2.3071626546794732,4.367506350266126,5.007303798232154,5.630004468853311,5.644131090495197,10.3,10.5,10.5,10.6
2006-12-01,0.0096567507986877,12,0.0091757945252473,0.00892382600244,0.0073112225387061,0.005518986208667,2.9428295311467068,2.625045080195676,2.851828458638117,2.564911024437855,6822.575999999999,8358.842999999999,2158.5480000000007,2559.59,1.1243880695978703,0.9669982196344407,0.9903202572120406,1.1233081666270905,3.3,0.6,1.7,8.0,-16284.057,-2241.179,2506.9310000000005,6576.222,2.398744367320127,2.618248594564321,3.537162815227912,4.779066383634856,3.25,3.125,3.0,2.875,7.4,4.3,6.7,9.6,2.1605981662093043,2.0744298951921536,2.62250916874045,2.350432985150519,4.372964061194384,4.367506350266126,5.007303798232154,5.630004468853311,10.1,10.3,10.5,10.5
2007-01-01,0.0151809733430248,1,0.0096567507986877,0.0091757945252473,0.00892382600244,0.0073112225387061,4.039259806239315,2.9428295311467068,2.625045080195676,2.851828458638117,4971.9349999999995,6822.575999999999,8358.842999999999,2158.5480000000007,1.3045692896534788,1.1243880695978703,0.9669982196344407,0.9903202572120406,3.1,3.3,0.6,1.7,16302.909000000001,-16284.057,-2241.179,2506.9310000000005,1.6000341346440905,2.398744367320127,2.618248594564321,3.537162815227912,3.375,3.25,3.125,3.0,7.9,7.4,4.3,6.7,1.5136177640975745,2.1605981662093043,2.0744298951921536,2.62250916874045,4.240036607066067,4.372964061194384,4.367506350266126,5.007303798232154,9.8,10.1,10.3,10.5
2007-02-01,0.0152563770390727,2,0.0151809733430248,0.0096567507986877,0.0091757945252473,0.00892382600244,3.4550120971958975,4.039259806239315,2.9428295311467068,2.625045080195676,3579.3979999999992,4971.9349999999995,6822.575999999999,8358.842999999999,1.9364087446605893,1.3045692896534788,1.1243880695978703,0.9669982196344407,2.0,3.1,3.3,0.6,11921.219000000001,16302.909000000001,-16284.057,-2241.179,0.5704522029642334,1.6000341346440905,2.398744367320127,2.618248594564321,3.5,3.375,3.25,3.125,8.3,7.9,7.4,4.3,0.7707159415049958,1.5136177640975745,2.1605981662093043,2.0744298951921536,2.722940506285454,4.240036607066067,4.372964061194384,4.367506350266126,9.6,9.8,10.1,10.3
2007-03-01,0.0162586225963083,3,0.0152563770390727,0.0151809733430248,0.0096567507986877,0.0091757945252473,3.618902511045441,3.4550120971958975,4.039259806239315,2.9428295311467068,741.4760000000006,3579.3979999999992,4971.9349999999995,6822.575999999999,2.013075494077654,1.9364087446605893,1.3045692896534788,1.1243880695978703,2.4,2.0,3.1,3.3,-7271.566,11921.219000000001,16302.909000000001,-16284.057,0.5685063634608412,0.5704522029642334,1.6000341346440905,2.398744367320127,3.5,3.5,3.375,3.25,8.2,8.3,7.9,7.4,0.38874243178668166,0.7707159415049958,1.5136177640975745,2.1605981662093043,2.0975475986555026,2.722940506285454,4.240036607066067,4.372964061194384,9.5,9.6,9.8,10.1
2007-04-01,0.0196660220464242,4,0.0162586225963083,0.0152563770390727,0.0151809733430248,0.0096567507986877,3.88826920043428,3.618902511045441,3.4550120971958975,4.039259806239315,7278.993999999999,741.4760000000006,3579.3979999999992,4971.9349999999995,2.0744699900440366,2.013075494077654,1.9364087446605893,1.3045692896534788,3.7,2.4,2.0,3.1,2088.2609999999986,-7271.566,11921.219000000001,16302.909000000001,0.4530019071749436,0.5685063634608412,0.5704522029642334,1.6000341346440905,3.625,3.5,3.5,3.375,9.5,8.2,8.3,7.9,0.46578572818560815,0.38874243178668166,0.7707159415049958,1.5136177640975745,1.6000341346440905,2.0975475986555026,2.722940506285454,4.240036607066067,9.3,9.5,9.6,9.8
2007-05-01,0.020764237823915,5,0.0196660220464242,0.0162586225963083,0.0152563770390727,0.0151809733430248,3.8093951970806117,3.88826920043428,3.618902511045441,3.4550120971958975,1549.679,7278.993999999999,741.4760000000006,3579.3979999999992,2.0623960460254054,2.0744699900440366,2.013075494077654,1.9364087446605893,2.0,3.7,2.4,2.0,5247.475,2088.2609999999986,-7271.566,11921.219000000001,0.11217051091998442,0.4530019071749436,0.5685063634608412,0.5704522029642334,3.75,3.625,3.5,3.5,5.9,9.5,8.2,8.3,-0.0016826457923002636,0.46578572818560815,0.38874243178668166,0.7707159415049958,0.8573230710488211,1.6000341346440905,2.0975475986555026,2.722940506285454,9.2,9.3,9.5,9.6
2007-06-01,0.0180944841795192,6,0.020764237823915,0.0196660220464242,0.0162586225963083,0.0152563770390727,3.8786020466707427,3.8093951970806117,3.88826920043428,3.618902511045441,2160.259000000001,1549.679,7278.993999999999,741.4760000000006,1.8140289406121113,2.0623960460254054,2.0744699900440366,2.013075494077654,2.1,2.0,3.7,2.4,-11789.919000000002,5247.475,2088.2609999999986,-7271.566,0.2242153405689784,0.11217051091998442,0.4530019071749436,0.5685063634608412,3.75,3.75,3.625,3.5,6.3,5.9,9.5,8.2,-0.6150423629055268,-0.0016826457923002636,0.46578572818560815,0.38874243178668166,1.0995834674528915,0.8573230710488211,1.6000341346440905,2.0975475986555026,9.1,9.2,9.3,9.5
2007-07-01,0.0189060466873343,7,0.0180944841795192,0.020764237823915,0.0196660220464242,0.0162586225963083,4.138515343583471,3.8786020466707427,3.8093951970806117,3.88826920043428,3387.0789999999997,2160.259000000001,1549.679,7278.993999999999,1.5830141288708077,1.8140289406121113,2.0623960460254054,2.0744699900440366,1.8,2.1,2.0,3.7,5506.110000000001,-11789.919000000002,5247.475,2088.2609999999986,0.44792908040456325,0.2242153405689784,0.11217051091998442,0.4530019071749436,3.875,3.75,3.75,3.625,6.6,6.3,5.9,9.5,-0.5458481782477875,-0.6150423629055268,-0.0016826457923002636,0.46578572818560815,1.2210163906931193,1.0995834674528915,0.8573230710488211,1.6000341346440905,9.0,9.1,9.2,9.3
2007-08-01,0.0208797092423669,8,0.0189060466873343,0.0180944841795192,0.020764237823915,0.0196660220464242,4.48965473064078,4.138515343583471,3.8786020466707427,3.8093951970806117,4009.1900000000005,3387.0789999999997,2160.259000000001,1549.679,1.51286542281035,1.5830141288708077,1.8140289406121113,2.0623960460254054,1.7,1.8,2.1,2.0,5483.046,5506.110000000001,-11789.919000000002,5247.475,-0.33389012655149486,0.44792908040456325,0.2242153405689784,0.11217051091998442,4.0,3.875,3.75,3.75,6.0,6.6,6.3,5.9,-0.2424754587664779,-0.5458481782477875,-0.6150423629055268,-0.0016826457923002636,0.4866189651172803,1.2210163906931193,1.0995834674528915,0.8573230710488211,8.9,9.0,9.1,9.2
2007-09-01,0.0218160175338013,9,0.0208797092423669,0.0189060466873343,0.0180944841795192,0.020764237823915,5.209626578101378,4.48965473064078,4.138515343583471,3.8786020466707427,1298.0830000000005,4009.1900000000005,3387.0789999999997,2160.259000000001,1.521436649200858,1.51286542281035,1.5830141288708077,1.8140289406121113,1.1,1.7,1.8,2.1,-2762.1310000000003,5483.046,5506.110000000001,-11789.919000000002,-0.780818244781134,-0.33389012655149486,0.44792908040456325,0.2242153405689784,4.0,4.0,3.875,3.75,5.6,6.0,6.6,6.3,-0.27949582176187704,-0.2424754587664779,-0.5458481782477875,-0.6150423629055268,0.24301348532915767,0.4866189651172803,1.2210163906931193,1.0995834674528915,8.8,8.9,9.0,9.1
2007-10-01,0.0194752489542837,10,0.0218160175338013,0.0208797092423669,0.0189060466873343,0.0180944841795192,5.726264914248702,5.209626578101378,4.48965473064078,4.138515343583471,3400.1659999999993,1298.0830000000005,4009.1900000000005,3387.0789999999997,1.5331241029267417,1.521436649200858,1.51286542281035,1.5830141288708077,5.7,1.1,1.7,1.8,-1765.7120000000014,-2762.1310000000003,5483.046,5506.110000000001,0.33575856948457883,-0.780818244781134,-0.33389012655149486,0.44792908040456325,4.0,4.0,4.0,3.875,6.5,5.6,6.0,6.6,-0.7963176018398244,-0.27949582176187704,-0.2424754587664779,-0.5458481782477875,0.6086446056402295,0.24301348532915767,0.4866189651172803,1.2210163906931193,8.7,8.8,8.9,9.0
2007-11-01,0.0191440964061762,11,0.0194752489542837,0.0218160175338013,0.0208797092423669,0.0189060466873343,5.711574330418934,5.726264914248702,5.209626578101378,4.48965473064078,177.47899999999936,3400.1659999999993,1298.0830000000005,4009.1900000000005,1.7084612665945187,1.5331241029267417,1.521436649200858,1.51286542281035,6.1,5.7,1.1,1.7,310.34900000000016,-1765.7120000000014,-2762.1310000000003,5483.046,1.4501090690799856,0.33575856948457883,-0.780818244781134,-0.33389012655149486,4.0,4.0,4.0,4.0,7.0,6.5,5.6,6.0,-0.7613812402873066,-0.7963176018398244,-0.27949582176187704,-0.2424754587664779,1.0929070532189833,0.6086446056402295,0.24301348532915767,0.4866189651172803,8.6,8.7,8.8,8.9
2007-12-01,0.0200886973142617,12,0.0191440964061762,0.0194752489542837,0.0218160175338013,0.0208797092423669,5.558454763369092,5.711574330418934,5.726264914248702,5.209626578101378,1333.0020000000004,177.47899999999936,3400.1659999999993,1298.0830000000005,1.5680436948057874,1.7084612665945187,1.5331241029267417,1.521436649200858,10.7,6.1,5.7,1.1,-13422.880000000001,310.34900000000016,-1765.7120000000014,-2762.1310000000003,2.3425499510056014,1.4501090690799856,0.33575856948457883,-0.780818244781134,4.0,4.0,4.0,4.0,4.6,7.0,6.5,5.6,-0.685759411592457,-0.7613812402873066,-0.7963176018398244,-0.27949582176187704,2.056938824810839,1.0929070532189833,0.6086446056402295,0.24301348532915767,8.5,8.6,8.7,8.8
2008-01-01,0.014960121779878,1,0.0200886973142617,0.0191440964061762,0.0194752489542837,0.0218160175338013,5.915579396703663,5.558454763369092,5.711574330418934,5.726264914248702,-260.84200000000055,1333.0020000000004,177.47899999999936,3400.1659999999993,1.408964859630224,1.5680436948057874,1.7084612665945187,1.5331241029267417,8.4,10.7,6.1,5.7,-24369.806,-13422.880000000001,310.34900000000016,-1765.7120000000014,2.6847250036188264,2.3425499510056014,1.4501090690799856,0.33575856948457883,4.0,4.0,4.0,4.0,4.6,4.6,7.0,6.5,0.7516432425859421,-0.685759411592457,-0.7613812402873066,-0.7963176018398244,1.8149318505677137,2.056938824810839,1.0929070532189833,0.6086446056402295,8.4,8.5,8.6,8.7
2008-02-01,0.0149832856043712,2,0.014960121779878,0.0200886973142617,0.0191440964061762,0.0194752489542837,5.414138194028517,5.915579396703663,5.558454763369092,5.711574330418934,-190.52200000000084,-260.84200000000055,1333.0020000000004,177.47899999999936,1.6462809887752172,1.408964859630224,1.5680436948057874,1.7084612665945187,9.3,8.4,10.7,6.1,-12718.889,-24369.806,-13422.880000000001,310.34900000000016,4.013916759034419,2.6847250036188264,2.3425499510056014,1.4501090690799856,4.0,4.0,4.0,4.0,6.0,4.6,4.6,7.0,1.1466502994556649,0.7516432425859421,-0.685759411592457,-0.7613812402873066,2.650757611987853,1.8149318505677137,2.056938824810839,1.0929070532189833,8.2,8.4,8.5,8.6
2008-03-01,0.0168349061829964,3,0.0149832856043712,0.014960121779878,0.0200886973142617,0.0191440964061762,5.174854560916664,5.414138194028517,5.915579396703663,5.558454763369092,3633.1180000000004,-190.52200000000084,-260.84200000000055,1333.0020000000004,1.668875134696357,1.6462809887752172,1.408964859630224,1.5680436948057874,9.0,9.3,8.4,10.7,-1904.5010000000002,-12718.889,-24369.806,-13422.880000000001,4.652001563489261,4.013916759034419,2.6847250036188264,2.3425499510056014,4.0,4.0,4.0,4.0,5.3,6.0,4.6,4.6,1.120953451287754,1.1466502994556649,0.7516432425859421,-0.685759411592457,3.1252543504104224,2.650757611987853,1.8149318505677137,2.056938824810839,8.0,8.2,8.4,8.5
2008-04-01,0.0094661854971205,4,0.0168349061829964,0.0149832856043712,0.014960121779878,0.0200886973142617,5.00128927292387,5.174854560916664,5.414138194028517,5.915579396703663,-3667.673999999999,3633.1180000000004,-190.52200000000084,-260.84200000000055,1.630120821393355,1.668875134696357,1.6462809887752172,1.408964859630224,9.8,9.0,9.3,8.4,-4069.6989999999996,-1904.5010000000002,-12718.889,-24369.806,4.6365920557925655,4.652001563489261,4.013916759034419,2.6847250036188264,4.0,4.0,4.0,4.0,4.3,5.3,6.0,4.6,1.4170370716135139,1.120953451287754,1.1466502994556649,0.7516432425859421,3.7152265631292813,3.1252543504104224,2.650757611987853,1.8149318505677137,7.9,8.0,8.2,8.4
2008-05-01,0.0127872679123974,5,0.0094661854971205,0.0168349061829964,0.0149832856043712,0.014960121779878,5.180462667295416,5.00128927292387,5.174854560916664,5.414138194028517,1272.791000000001,-3667.673999999999,3633.1180000000004,-190.52200000000084,1.4745442822588828,1.630120821393355,1.668875134696357,1.6462809887752172,9.5,9.8,9.0,9.3,7783.165,-4069.6989999999996,-1904.5010000000002,-12718.889,4.601030564883324,4.6365920557925655,4.652001563489261,4.013916759034419,4.0,4.0,4.0,4.0,5.6,4.3,5.3,6.0,1.9480906270409548,1.4170370716135139,1.120953451287754,1.1466502994556649,4.529975922966312,3.7152265631292813,3.1252543504104224,2.650757611987853,7.9,7.9,8.0,8.2
2008-06-01,0.0135949041423977,6,0.0127872679123974,0.0094661854971205,0.0168349061829964,0.0149832856043712,4.811602653977509,5.180462667295416,5.00128927292387,5.174854560916664,-1854.9500000000007,1272.791000000001,-3667.673999999999,3633.1180000000004,1.404329949755656,1.4745442822588828,1.630120821393355,1.668875134696357,12.9,9.5,9.8,9.0,-2172.253,7783.165,-4069.6989999999996,-1904.5010000000002,6.50283227777031,4.601030564883324,4.6365920557925655,4.652001563489261,4.0,4.0,4.0,4.0,1.5,5.6,4.3,5.3,2.3951815542183397,1.9480906270409548,1.4170370716135139,1.120953451287754,5.09287078853653,4.529975922966312,3.7152265631292813,3.1252543504104224,7.9,7.9,7.9,8.0
2008-07-01,0.0139458621256807,7,0.0135949041423977,0.0127872679123974,0.0094661854971205,0.0168349061829964,4.4271049030014,4.811602653977509,5.180462667295416,5.00128927292387,476.8110000000015,-1854.9500000000007,1272.791000000001,-3667.673999999999,1.44801146288831,1.404329949755656,1.4745442822588828,1.630120821393355,14.7,12.9,9.5,9.8,-7045.45,-2172.253,7783.165,-4069.6989999999996,7.63401159376631,6.50283227777031,4.601030564883324,4.6365920557925655,4.0,4.0,4.0,4.0,2.7,1.5,5.6,4.3,2.6132106299106894,2.3951815542183397,1.9480906270409548,1.4170370716135139,5.890984574606328,5.09287078853653,4.529975922966312,3.7152265631292813,7.7,7.9,7.9,7.9
2008-08-01,0.0146898709336564,8,0.0139458621256807,0.0135949041423977,0.0127872679123974,0.0094661854971205,4.401969514478488,4.4271049030014,4.811602653977509,5.180462667295416,-3487.6939999999995,476.8110000000015,-1854.9500000000007,1272.791000000001,1.5001144844625003,1.44801146288831,1.404329949755656,1.4745442822588828,15.1,14.7,12.9,9.5,-5052.845,-7045.45,-2172.253,7783.165,8.132822012720897,7.63401159376631,6.50283227777031,4.601030564883324,4.125,4.0,4.0,4.0,0.3,2.7,1.5,5.6,2.834587390978882,2.6132106299106894,2.3951815542183397,1.9480906270409548,7.929560267053759,5.890984574606328,5.09287078853653,4.529975922966312,7.7,7.7,7.9,7.9
2008-09-01,0.0126352890081875,9,0.0146898709336564,0.0139458621256807,0.0135949041423977,0.0127872679123974,4.656279938022401,4.401969514478488,4.4271049030014,4.811602653977509,-3143.072,-3487.6939999999995,476.8110000000015,-1854.9500000000007,1.3933812778287091,1.5001144844625003,1.44801146288831,1.404329949755656,13.0,15.1,14.7,12.9,-1715.484,-5052.845,-7045.45,-2172.253,7.857725333601895,8.132822012720897,7.63401159376631,6.50283227777031,4.25,4.125,4.0,4.0,2.0,0.3,2.7,1.5,3.857417333611046,2.834587390978882,2.6132106299106894,2.3951815542183397,7.2546420695609015,7.929560267053759,5.890984574606328,5.09287078853653,7.6,7.7,7.7,7.9
2008-10-01,0.0126102406553236,10,0.0126352890081875,0.0146898709336564,0.0139458621256807,0.0135949041423977,5.441962902522235,4.656279938022401,4.401969514478488,4.4271049030014,-2885.547999999999,-3143.072,-3487.6939999999995,476.8110000000015,1.461066951698342,1.3933812778287091,1.5001144844625003,1.44801146288831,12.2,13.0,15.1,14.7,4518.682000000001,-1715.484,-5052.845,-7045.45,6.90673566085831,7.857725333601895,8.132822012720897,7.63401159376631,4.25,4.25,4.125,4.0,-1.5,2.0,0.3,2.7,4.072873449461234,3.857417333611046,2.834587390978882,2.6132106299106894,7.59267056044326,7.2546420695609015,7.929560267053759,5.890984574606328,7.6,7.6,7.7,7.7
2008-11-01,0.0128375699226594,11,0.0126102406553236,0.0126352890081875,0.0146898709336564,0.0139458621256807,7.16515944131455,5.441962902522235,4.656279938022401,4.401969514478488,-2320.7909999999993,-2885.547999999999,-3143.072,-3487.6939999999995,1.3748879218319132,1.461066951698342,1.3933812778287091,1.5001144844625003,9.7,12.2,13.0,15.1,-4515.262,4518.682000000001,-1715.484,-5052.845,2.838618539685367,6.90673566085831,7.857725333601895,8.132822012720897,4.0,4.25,4.25,4.125,-3.4,-1.5,2.0,0.3,4.173293219045959,4.072873449461234,3.857417333611046,2.834587390978882,7.108408112864506,7.59267056044326,7.2546420695609015,7.929560267053759,7.6,7.6,7.6,7.7
2008-12-01,0.0128478049845233,12,0.0128375699226594,0.0126102406553236,0.0126352890081875,0.0146898709336564,5.932863784437359,7.16515944131455,5.441962902522235,4.656279938022401,-9331.822,-2320.7909999999993,-2885.547999999999,-3143.072,1.273119830371705,1.3748879218319132,1.461066951698342,1.3933812778287091,1.4,9.7,12.2,13.0,10185.075,-4515.262,4518.682000000001,-1715.484,-0.5527930052513064,2.838618539685367,6.90673566085831,7.857725333601895,3.5,4.0,4.25,4.25,-7.2,-3.4,-1.5,2.0,4.35217045368077,4.173293219045959,4.072873449461234,3.857417333611046,4.564865080467939,7.108408112864506,7.59267056044326,7.2546420695609015,7.6,7.6,7.6,7.6
2009-01-01,0.0112824478145947,1,0.0128478049845233,0.0128375699226594,0.0126102406553236,0.0126352890081875,4.244640583783266,5.932863784437359,7.16515944131455,5.441962902522235,-3080.9919999999984,-9331.822,-2320.7909999999993,-2885.547999999999,1.2234822429148196,1.273119830371705,1.3748879218319132,1.461066951698342,-0.8,1.4,9.7,12.2,-1281.1780000000003,10185.075,-4515.262,4518.682000000001,-4.169618077758752,-0.5527930052513064,2.838618539685367,6.90673566085831,2.875,3.5,4.0,4.25,-11.6,-7.2,-3.4,-1.5,4.9406578194449935,4.35217045368077,4.173293219045959,4.072873449461234,3.9958312301603627,4.564865080467939,7.108408112864506,7.59267056044326,7.7,7.6,7.6,7.6
2009-02-01,0.0142506751313282,2,0.0112824478145947,0.0128478049845233,0.0128375699226594,0.0126102406553236,4.382473277456889,4.244640583783266,5.932863784437359,7.16515944131455,-7161.380999999999,-3080.9919999999984,-9331.822,-2320.7909999999993,0.8729182761360477,1.2234822429148196,1.273119830371705,1.3748879218319132,-0.8,-0.8,1.4,9.7,3585.866,-1281.1780000000003,10185.075,-4515.262,-5.850937419209412,-4.169618077758752,-0.5527930052513064,2.838618539685367,2.25,2.875,3.5,4.0,-20.2,-11.6,-7.2,-3.4,4.5178261065002445,4.9406578194449935,4.35217045368077,4.173293219045959,1.884625862483169,3.9958312301603627,4.564865080467939,7.108408112864506,7.8,7.7,7.6,7.6
2009-03-01,0.0109641477773507,3,0.0142506751313282,0.0112824478145947,0.0128478049845233,0.0128375699226594,3.3483323835596934,4.382473277456889,4.244640583783266,5.932863784437359,-4447.74,-7161.380999999999,-3080.9919999999984,-9331.822,0.7838566492299748,0.8729182761360477,1.2234822429148196,1.273119830371705,-1.2,-0.8,-0.8,1.4,10086.58,3585.866,-1281.1780000000003,10185.075,-7.061756721395351,-5.850937419209412,-4.169618077758752,-0.5527930052513064,2.0,2.25,2.875,3.5,-22.6,-20.2,-11.6,-7.2,4.713374051232755,4.5178261065002445,4.9406578194449935,4.35217045368077,0.8249899472142275,1.884625862483169,3.9958312301603627,4.564865080467939,7.9,7.8,7.7,7.6
2009-04-01,0.0159751635419143,4,0.0109641477773507,0.0142506751313282,0.0112824478145947,0.0128478049845233,1.857412560781313,3.3483323835596934,4.382473277456889,4.244640583783266,-2009.8870000000006,-4447.74,-7161.380999999999,-3080.9919999999984,0.6197734278520883,0.7838566492299748,0.8729182761360477,1.2234822429148196,-4.5,-1.2,-0.8,-0.8,-4768.226,10086.58,3585.866,-1281.1780000000003,-7.8515646968075,-7.061756721395351,-5.850937419209412,-4.169618077758752,1.75,2.0,2.25,2.875,-21.7,-22.6,-20.2,-11.6,4.606571950711746,4.713374051232755,4.5178261065002445,4.9406578194449935,-0.35356548323077774,0.8249899472142275,1.884625862483169,3.9958312301603627,8.1,7.9,7.8,7.7
2009-05-01,0.0114814736591597,5,0.0159751635419143,0.0109641477773507,0.0142506751313282,0.0112824478145947,1.0597244056116395,1.857412560781313,3.3483323835596934,4.382473277456889,-5234.154,-2009.8870000000006,-4447.74,-7161.380999999999,0.49486859609402245,0.6197734278520883,0.7838566492299748,0.8729182761360477,-5.2,-4.5,-1.2,-0.8,-7359.667,-4768.226,10086.58,3585.866,-9.424008874448031,-7.8515646968075,-7.061756721395351,-5.850937419209412,1.375,1.75,2.0,2.25,-24.0,-21.7,-22.6,-20.2,3.6344602883426447,4.606571950711746,4.713374051232755,4.5178261065002445,-2.7172374637106422,-0.35356548323077774,0.8249899472142275,1.884625862483169,8.3,8.1,7.9,7.8
2009-06-01,0.0121146372608027,6,0.0114814736591597,0.0159751635419143,0.0109641477773507,0.0142506751313282,-0.5018451290290216,1.0597244056116395,1.857412560781313,3.3483323835596934,-351.96200000000044,-5234.154,-2009.8870000000006,-4447.74,0.2990784735700913,0.49486859609402245,0.6197734278520883,0.7838566492299748,-8.0,-5.2,-4.5,-1.2,5170.317999999999,-7359.667,-4768.226,10086.58,-11.43785541698401,-9.424008874448031,-7.8515646968075,-7.061756721395351,1.125,1.375,1.75,2.0,-18.7,-24.0,-21.7,-22.6,3.4738886548870695,3.6344602883426447,4.606571950711746,4.713374051232755,-3.645318371157913,-2.7172374637106422,-0.35356548323077774,0.8249899472142275,8.2,8.3,8.1,7.9
2009-07-01,0.0112266433877818,7,0.0121146372608027,0.0114814736591597,0.0159751635419143,0.0109641477773507,0.34473268147383607,-0.5018451290290216,1.0597244056116395,1.857412560781313,-3109.5110000000004,-351.96200000000044,-5234.154,-2009.8870000000006,0.09562926003088279,0.2990784735700913,0.49486859609402245,0.6197734278520883,-7.9,-8.0,-5.2,-4.5,-3650.572,5170.317999999999,-7359.667,-4768.226,-12.440428672083925,-11.43785541698401,-9.424008874448031,-7.8515646968075,1.0,1.125,1.375,1.75,-19.0,-18.7,-24.0,-21.7,4.613926579582817,3.4738886548870695,3.6344602883426447,4.606571950711746,-4.684697329678844,-3.645318371157913,-2.7172374637106422,-0.35356548323077774,8.3,8.2,8.3,8.1
2009-08-01,0.0114523716187395,8,0.0112266433877818,0.0121146372608027,0.0114814736591597,0.0159751635419143,-0.6623998210109505,0.34473268147383607,-0.5018451290290216,1.0597244056116395,5057.526,-3109.5110000000004,-351.96200000000044,-5234.154,-0.12987492176836923,0.09562926003088279,0.2990784735700913,0.49486859609402245,-11.4,-7.9,-8.0,-5.2,3656.3010000000004,-3650.572,5170.317999999999,-7359.667,-13.986472257978111,-12.440428672083925,-11.43785541698401,-9.424008874448031,1.0,1.0,1.125,1.375,-18.4,-19.0,-18.7,-24.0,3.6169603398992223,4.613926579582817,3.4738886548870695,3.6344602883426447,-8.172573752382917,-4.684697329678844,-3.645318371157913,-2.7172374637106422,8.3,8.3,8.2,8.3
2009-09-01,0.0119505246755089,9,0.0114523716187395,0.0112266433877818,0.0121146372608027,0.0114814736591597,-1.8007035930569515,-0.6623998210109505,0.34473268147383607,-0.5018451290290216,2355.6859999999997,5057.526,-3109.5110000000004,-351.96200000000044,-0.08330271215513108,-0.12987492176836923,0.09562926003088279,0.2990784735700913,-7.0,-11.4,-7.9,-8.0,210.939,3656.3010000000004,-3650.572,5170.317999999999,-11.972591561473855,-13.986472257978111,-12.440428672083925,-11.43785541698401,1.0,1.0,1.0,1.125,-18.4,-18.4,-19.0,-18.7,1.894885935035262,3.6169603398992223,4.613926579582817,3.4738886548870695,-7.133356427040027,-8.172573752382917,-4.684697329678844,-3.645318371157913,8.2,8.3,8.3,8.2
2009-10-01,0.0118531604986467,10,0.0119505246755089,0.0114523716187395,0.0112266433877818,0.0121146372608027,-4.658573630058882,-1.8007035930569515,-0.6623998210109505,0.34473268147383607,-493.6880000000001,2355.6859999999997,5057.526,-3109.5110000000004,-0.15666310851312204,-0.08330271215513108,-0.12987492176836923,0.09562926003088279,-9.0,-7.0,-11.4,-7.9,-9670.754,210.939,3656.3010000000004,-3650.572,-12.183188857209082,-11.972591561473855,-13.986472257978111,-12.440428672083925,1.0,1.0,1.0,1.0,-13.5,-18.4,-18.4,-19.0,1.9044211972511604,1.894885935035262,3.6169603398992223,4.613926579582817,-7.8356840457724175,-7.133356427040027,-8.172573752382917,-4.684697329678844,8.2,8.2,8.3,8.3
2009-11-01,0.0094082459142086,11,0.0118531604986467,0.0119505246755089,0.0114523716187395,0.0112266433877818,-6.678770062099915,-4.658573630058882,-1.8007035930569515,-0.6623998210109505,-2010.0470000000005,-493.6880000000001,2355.6859999999997,5057.526,-0.3156081741938266,-0.15666310851312204,-0.08330271215513108,-0.12987492176836923,-6.9,-9.0,-7.0,-11.4,2529.0699999999997,-9670.754,210.939,3656.3010000000004,-8.534919132215979,-12.183188857209082,-11.972591561473855,-13.986472257978111,1.0,1.0,1.0,1.0,-13.4,-13.5,-18.4,-18.4,1.7105673629046692,1.9044211972511604,1.894885935035262,3.6169603398992223,-7.8356840457724175,-7.8356840457724175,-7.133356427040027,-8.172573752382917,8.1,8.2,8.2,8.3
2009-12-01,0.0100843967455324,12,0.0094082459142086,0.0118531604986467,0.0119505246755089,0.0114523716187395,-6.2034004519048835,-6.678770062099915,-4.658573630058882,-1.8007035930569515,8018.396000000001,-2010.0470000000005,-493.6880000000001,2355.6859999999997,-0.35229394234406186,-0.3156081741938266,-0.15666310851312204,-0.08330271215513108,-2.5,-6.9,-9.0,-7.0,-140.6300000000001,2529.0699999999997,-9670.754,210.939,-5.117660146484404,-8.534919132215979,-12.183188857209082,-11.972591561473855,1.0,1.0,1.0,1.0,-8.8,-13.4,-13.5,-18.4,1.885710618491565,1.7105673629046692,1.9044211972511604,1.894885935035262,-6.012417497846556,-7.8356840457724175,-7.8356840457724175,-7.133356427040027,8.1,8.1,8.2,8.2
2010-01-01,0.0074964733214688,1,0.0100843967455324,0.0094082459142086,0.0118531604986467,0.0119505246755089,-5.776268352181546,-6.2034004519048835,-6.678770062099915,-4.658573630058882,9146.658,8018.396000000001,-2010.0470000000005,-493.6880000000001,-0.2787560490505214,-0.35229394234406186,-0.3156081741938266,-0.15666310851312204,0.9,-2.5,-6.9,-9.0,19988.044,-140.6300000000001,2529.0699999999997,-9670.754,-1.0410736017838929,-5.117660146484404,-8.534919132215979,-12.183188857209082,1.0,1.0,1.0,1.0,-5.3,-8.8,-13.4,-13.5,0.4137479221229867,1.885710618491565,1.7105673629046692,1.9044211972511604,-5.4451319604170045,-6.012417497846556,-7.8356840457724175,-7.8356840457724175,8.1,8.1,8.1,8.2
2010-02-01,0.0060834553911233,2,0.0074964733214688,0.0100843967455324,0.0094082459142086,0.0118531604986467,-5.743578089432688,-5.776268352181546,-6.2034004519048835,-6.678770062099915,1518.4319999999998,9146.658,8018.396000000001,-2010.0470000000005,-0.39628231899104804,-0.2787560490505214,-0.35229394234406186,-0.3156081741938266,0.8,0.9,-2.5,-6.9,-5396.184,19988.044,-140.6300000000001,2529.0699999999997,1.3809195274187225,-1.0410736017838929,-5.117660146484404,-8.534919132215979,1.0,1.0,1.0,1.0,4.6,-5.3,-8.8,-13.4,-0.15802593412690413,0.4137479221229867,1.885710618491565,1.7105673629046692,-3.4424764212520387,-5.4451319604170045,-6.012417497846556,-7.8356840457724175,8.0,8.1,8.1,8.1
2010-03-01,0.0080712572617276,3,0.0060834553911233,0.0074964733214688,0.0100843967455324,0.0094082459142086,-5.031272776431273,-5.743578089432688,-5.776268352181546,-6.2034004519048835,1588.851999999999,1518.4319999999998,9146.658,8018.396000000001,-0.4597709248630011,-0.39628231899104804,-0.2787560490505214,-0.35229394234406186,0.0,0.8,0.9,-2.5,-1814.9089999999997,-5396.184,19988.044,-140.6300000000001,2.4097551579060905,1.3809195274187225,-1.0410736017838929,-5.117660146484404,1.0,1.0,1.0,1.0,7.7,4.6,-5.3,-8.8,-0.34053387255301715,-0.15802593412690413,0.4137479221229867,1.885710618491565,-2.9781831805625103,-3.4424764212520387,-5.4451319604170045,-6.012417497846556,8.0,8.0,8.1,8.1
2010-04-01,0.0058604528476395,4,0.0080712572617276,0.0060834553911233,0.0074964733214688,0.0100843967455324,-4.065690428990187,-5.031272776431273,-5.743578089432688,-5.776268352181546,3641.611999999999,1588.851999999999,1518.4319999999998,9146.658,-0.23961477515133112,-0.4597709248630011,-0.39628231899104804,-0.2787560490505214,3.9,0.0,0.8,0.9,5191.4259999999995,-1814.9089999999997,-5396.184,19988.044,4.338579967707545,2.4097551579060905,1.3809195274187225,-1.0410736017838929,1.0,1.0,1.0,1.0,10.7,7.7,4.6,-5.3,-1.2176680821559316,-0.34053387255301715,-0.15802593412690413,0.4137479221229867,-1.9070899796606255,-2.9781831805625103,-3.4424764212520387,-5.4451319604170045,8.0,8.0,8.0,8.1
2010-05-01,0.0064791808030308,5,0.0058604528476395,0.0080712572617276,0.0060834553911233,0.0074964733214688,-2.852693519930405,-4.065690428990187,-5.031272776431273,-5.743578089432688,3531.4969999999994,3641.611999999999,1588.851999999999,1518.4319999999998,-0.012219710407990192,-0.23961477515133112,-0.4597709248630011,-0.39628231899104804,4.9,3.9,0.0,0.8,-1716.727,5191.4259999999995,-1814.9089999999997,-5396.184,6.930654777559564,4.338579967707545,2.4097551579060905,1.3809195274187225,1.0,1.0,1.0,1.0,14.9,10.7,7.7,4.6,-0.33248941862265013,-1.2176680821559316,-0.34053387255301715,-0.15802593412690413,0.4778981616350819,-1.9070899796606255,-2.9781831805625103,-3.4424764212520387,7.8,8.0,8.0,8.0
2010-06-01,0.0063927731050021,6,0.0064791808030308,0.0058604528476395,0.0080712572617276,0.0060834553911233,0.11475471264947856,-2.852693519930405,-4.065690428990187,-5.031272776431273,-1251.2819999999992,3531.4969999999994,3641.611999999999,1588.851999999999,0.2640136473779364,-0.012219710407990192,-0.23961477515133112,-0.4597709248630011,4.8,4.9,3.9,0.0,3154.2780000000002,-1716.727,5191.4259999999995,-1814.9089999999997,7.696104113612812,6.930654777559564,4.338579967707545,2.4097551579060905,1.0,1.0,1.0,1.0,13.2,14.9,10.7,7.7,-0.5406157137729295,-0.33248941862265013,-1.2176680821559316,-0.34053387255301715,0.9535233150999467,0.4778981616350819,-1.9070899796606255,-2.9781831805625103,7.7,7.8,8.0,8.0
2010-07-01,0.0053485157796124,7,0.0063927731050021,0.0064791808030308,0.0058604528476395,0.0080712572617276,-0.725308531487201,0.11475471264947856,-2.852693519930405,-4.065690428990187,-519.862000000001,-1251.2819999999992,3531.4969999999994,3641.611999999999,0.5036069805177235,0.2640136473779364,-0.012219710407990192,-0.23961477515133112,2.6,4.8,4.9,3.9,1064.233,3154.2780000000002,-1716.727,5191.4259999999995,8.211468715450021,7.696104113612812,6.930654777559564,4.338579967707545,1.0,1.0,1.0,1.0,12.2,13.2,14.9,10.7,-1.168881960487056,-0.5406157137729295,-0.33248941862265013,-1.2176680821559316,1.6647233433156217,0.9535233150999467,0.4778981616350819,-1.9070899796606255,7.7,7.7,7.8,8.0
2010-08-01,0.0066678827625752,8,0.0053485157796124,0.0063927731050021,0.0064791808030308,0.0058604528476395,-2.231528401008376,-0.725308531487201,0.11475471264947856,-2.852693519930405,-4172.945,-519.862000000001,-1251.2819999999992,3531.4969999999994,0.5697045862156358,0.5036069805177235,0.2640136473779364,-0.012219710407990192,4.5,2.6,4.8,4.9,2394.051,1064.233,3154.2780000000002,-1716.727,8.81927120354602,8.211468715450021,7.696104113612812,6.930654777559564,1.0,1.0,1.0,1.0,12.7,12.2,13.2,14.9,-0.6144493787431315,-1.168881960487056,-0.5406157137729295,-0.33248941862265013,3.467173351719399,1.6647233433156217,0.9535233150999467,0.4778981616350819,7.6,7.7,7.7,7.8
2010-09-01,0.0058021725951755,9,0.0066678827625752,0.0053485157796124,0.0063927731050021,0.0064791808030308,-0.939020446604033,-2.231528401008376,-0.725308531487201,0.11475471264947856,-1493.9769999999999,-4172.945,-519.862000000001,-1251.2819999999992,0.6742257317128519,0.5697045862156358,0.5036069805177235,0.2640136473779364,2.3,4.5,2.6,4.8,7451.158,2394.051,1064.233,3154.2780000000002,7.635581891464582,8.81927120354602,8.211468715450021,7.696104113612812,1.0,1.0,1.0,1.0,12.8,12.7,12.2,13.2,0.30776243351873234,-0.6144493787431315,-1.168881960487056,-0.5406157137729295,2.9852963149681777,3.467173351719399,1.6647233433156217,0.9535233150999467,7.6,7.6,7.7,7.7
2010-10-01,0.0064804141830334,10,0.0058021725951755,0.0066678827625752,0.0053485157796124,0.0063927731050021,-1.725703579667126,-0.939020446604033,-2.231528401008376,-0.725308531487201,3537.9840000000004,-1493.9769999999999,-4172.945,-519.862000000001,0.7371100714710366,0.6742257317128519,0.5697045862156358,0.5036069805177235,4.4,2.3,4.5,2.6,10342.405999999999,7451.158,2394.051,1064.233,8.789437925450727,7.635581891464582,8.81927120354602,8.211468715450021,1.0,1.0,1.0,1.0,9.6,12.8,12.7,12.2,-1.103399475850786,0.30776243351873234,-0.6144493787431315,-1.168881960487056,3.7019152435498803,2.9852963149681777,3.467173351719399,1.6647233433156217,7.5,7.6,7.6,7.7
2010-11-01,0.008471363567243,11,0.0064804141830334,0.0058021725951755,0.0066678827625752,0.0053485157796124,-1.3026941130862113,-1.725703579667126,-0.939020446604033,-2.231528401008376,2802.0610000000015,3537.9840000000004,-1493.9769999999999,-4172.945,0.8515673600953733,0.7371100714710366,0.6742257317128519,0.5697045862156358,4.8,4.4,2.3,4.5,-4124.24,10342.405999999999,7451.158,2394.051,7.886968701117336,8.789437925450727,7.635581891464582,8.81927120354602,1.0,1.0,1.0,1.0,13.6,9.6,12.8,12.7,-0.38180135215828415,-1.103399475850786,0.30776243351873234,-0.6144493787431315,4.0529981085561495,3.7019152435498803,2.9852963149681777,3.467173351719399,7.4,7.5,7.6,7.6
2010-12-01,0.0010077859317823,12,0.008471363567243,0.0064804141830334,0.0058021725951755,0.0066678827625752,0.23938206212523738,-1.3026941130862113,-1.725703579667126,-0.939020446604033,-1375.8349999999991,2802.0610000000015,3537.9840000000004,-1493.9769999999999,0.9561281648826636,0.8515673600953733,0.7371100714710366,0.6742257317128519,4.9,4.8,4.4,2.3,5291.593,-4124.24,10342.405999999999,7451.158,8.28213586792872,7.886968701117336,8.789437925450727,7.635581891464582,1.0,1.0,1.0,1.0,12.7,13.6,9.6,12.8,0.41640109060399055,-0.38180135215828415,-1.103399475850786,0.30776243351873234,4.04817179207102,4.0529981085561495,3.7019152435498803,2.9852963149681777,7.4,7.4,7.5,7.6
2011-01-01,0.0070584301708498,1,0.0010077859317823,0.008471363567243,0.0064804141830334,0.0058021725951755,10.63213806949559,0.23938206212523738,-1.3026941130862113,-1.725703579667126,-2384.4550000000017,-1375.8349999999991,2802.0610000000015,3537.9840000000004,0.9625651549930225,0.9561281648826636,0.8515673600953733,0.7371100714710366,8.2,4.9,4.8,4.4,2860.1269999999986,5291.593,-4124.24,10342.405999999999,9.84764093623749,8.28213586792872,7.886968701117336,8.789437925450727,1.0,1.0,1.0,1.0,15.1,12.7,13.6,9.6,-0.6679971831013987,0.41640109060399055,-0.38180135215828415,-1.103399475850786,4.867429602724727,4.04817179207102,4.0529981085561495,3.7019152435498803,7.4,7.4,7.4,7.5
2011-02-01,0.0067124022590911,2,0.0070584301708498,0.0010077859317823,0.008471363567243,0.0064804141830334,8.985435769382377,10.63213806949559,0.23938206212523738,-1.3026941130862113,1956.126000000001,-2384.4550000000017,-1375.8349999999991,2802.0610000000015,1.113898544283387,0.9625651549930225,0.9561281648826636,0.8515673600953733,8.7,8.2,4.9,4.8,6936.147,2860.1269999999986,5291.593,-4124.24,9.375052261267758,9.84764093623749,8.28213586792872,7.886968701117336,1.0,1.0,1.0,1.0,12.8,15.1,12.7,13.6,-0.21800137808263287,-0.6679971831013987,0.41640109060399055,-0.38180135215828415,5.177626952372005,4.867429602724727,4.04817179207102,4.0529981085561495,7.4,7.4,7.4,7.4
2011-03-01,0.0083503965920916,3,0.0067124022590911,0.0070584301708498,0.0010077859317823,0.008471363567243,8.518831957922934,8.985435769382377,10.63213806949559,0.23938206212523738,237.19200000000092,1956.126000000001,-2384.4550000000017,-1375.8349999999991,1.2762606863166326,1.113898544283387,0.9625651549930225,0.9561281648826636,10.2,8.7,8.2,4.9,-6533.419,6936.147,2860.1269999999986,5291.593,9.4072555883975,9.375052261267758,9.84764093623749,8.28213586792872,1.0,1.0,1.0,1.0,15.5,12.8,15.1,12.7,0.5907437703745799,-0.21800137808263287,-0.6679971831013987,0.41640109060399055,5.984189861142575,5.177626952372005,4.867429602724727,4.04817179207102,7.3,7.4,7.4,7.4
2011-04-01,0.0075183153164903,4,0.0083503965920916,0.0067124022590911,0.0070584301708498,0.0010077859317823,6.119598744669119,8.518831957922934,8.985435769382377,10.63213806949559,4877.690000000002,237.19200000000092,1956.126000000001,-2384.4550000000017,1.2383230652160293,1.2762606863166326,1.113898544283387,0.9625651549930225,10.5,10.2,8.7,8.2,-1649.5369999999994,-6533.419,6936.147,2860.1269999999986,9.072885338976278,9.4072555883975,9.375052261267758,9.84764093623749,1.0,1.0,1.0,1.0,12.8,15.5,12.8,15.1,0.2805769260026736,0.5907437703745799,-0.21800137808263287,-0.6679971831013987,6.069540574851207,5.984189861142575,5.177626952372005,4.867429602724727,7.2,7.3,7.4,7.4
2011-05-01,0.0086650076921594,5,0.0075183153164903,0.0083503965920916,0.0067124022590911,0.0070584301708498,5.127757541617406,6.119598744669119,8.518831957922934,8.985435769382377,130.6810000000005,4877.690000000002,237.19200000000092,1956.126000000001,1.1808291149577599,1.2383230652160293,1.2762606863166326,1.113898544283387,10.6,10.5,10.2,8.7,3572.71,-1649.5369999999994,-6533.419,6936.147,7.402956230540525,9.072885338976278,9.4072555883975,9.375052261267758,1.25,1.0,1.0,1.0,11.1,12.8,15.5,12.8,-0.2538769920024109,0.2805769260026736,0.5907437703745799,-0.21800137808263287,6.013372100360304,6.069540574851207,5.984189861142575,5.177626952372005,7.1,7.2,7.3,7.4
2011-06-01,0.0106324079011823,6,0.0086650076921594,0.0075183153164903,0.0083503965920916,0.0067124022590911,4.268426662270919,5.127757541617406,6.119598744669119,8.518831957922934,3613.6709999999994,130.6810000000005,4877.690000000002,237.19200000000092,1.1674464839156684,1.1808291149577599,1.2383230652160293,1.2762606863166326,9.5,10.6,10.5,10.2,-2421.4480000000003,3572.71,-1649.5369999999994,-6533.419,6.126519579260226,7.402956230540525,9.072885338976278,9.4072555883975,1.25,1.25,1.0,1.0,9.1,11.1,12.8,15.5,0.2714949033487457,-0.2538769920024109,0.2805769260026736,0.5907437703745799,5.537746946895439,6.013372100360304,6.069540574851207,5.984189861142575,7.1,7.1,7.2,7.3
2011-07-01,0.0085464079738448,7,0.0106324079011823,0.0086650076921594,0.0075183153164903,0.0083503965920916,2.785325573923636,4.268426662270919,5.127757541617406,6.119598744669119,283.76300000000083,3613.6709999999994,130.6810000000005,4877.690000000002,1.182986742738379,1.1674464839156684,1.1808291149577599,1.2383230652160293,9.1,9.5,10.6,10.5,14104.798,-2421.4480000000003,3572.71,-1649.5369999999994,4.7452233645145725,6.126519579260226,7.402956230540525,9.072885338976278,1.25,1.25,1.25,1.0,7.7,9.1,11.1,12.8,-0.023105307338155967,0.2714949033487457,-0.2538769920024109,0.2805769260026736,5.058549678810653,5.537746946895439,6.013372100360304,6.069540574851207,7.0,7.1,7.1,7.2
2011-08-01,0.0089136235653857,8,0.0085464079738448,0.0106324079011823,0.0086650076921594,0.0075183153164903,6.9419680114929605,2.785325573923636,4.268426662270919,5.127757541617406,-141.37900000000081,283.76300000000083,3613.6709999999994,130.6810000000005,1.2068777740507741,1.182986742738379,1.1674464839156684,1.1808291149577599,10.8,9.1,9.5,10.6,696.236,14104.798,-2421.4480000000003,3572.71,5.475051477140891,4.7452233645145725,6.126519579260226,7.402956230540525,1.5,1.25,1.25,1.25,11.7,7.7,9.1,11.1,0.29210243426351923,-0.023105307338155967,0.2714949033487457,-0.2538769920024109,5.152828440155588,5.058549678810653,5.537746946895439,6.013372100360304,7.0,7.0,7.1,7.1
2011-09-01,0.0106416621667042,9,0.0089136235653857,0.0085464079738448,0.0106324079011823,0.0086650076921594,9.087745270200998,6.9419680114929605,2.785325573923636,4.268426662270919,4005.6309999999994,-141.37900000000081,283.76300000000083,3613.6709999999994,1.2075600171135292,1.2068777740507741,1.182986742738379,1.1674464839156684,10.0,10.8,9.1,9.5,-5761.864,696.236,14104.798,-2421.4480000000003,4.853273077889941,5.475051477140891,4.7452233645145725,6.126519579260226,1.5,1.5,1.25,1.25,9.0,11.7,7.7,9.1,0.747723601361372,0.29210243426351923,-0.023105307338155967,0.2714949033487457,5.0469425689152025,5.152828440155588,5.058549678810653,5.537746946895439,7.0,7.0,7.0,7.1
2011-10-01,0.009206027421289,10,0.0106416621667042,0.0089136235653857,0.0085464079738448,0.0106324079011823,13.481055774592221,9.087745270200998,6.9419680114929605,2.785325573923636,3576.770999999999,4005.6309999999994,-141.37900000000081,283.76300000000083,1.1821297294110522,1.2075600171135292,1.2068777740507741,1.182986742738379,11.4,10.0,10.8,9.1,3219.2839999999997,-5761.864,696.236,14104.798,5.048390543199233,4.853273077889941,5.475051477140891,4.7452233645145725,1.5,1.5,1.5,1.25,5.6,9.0,11.7,7.7,1.8886116490081761,0.747723601361372,0.29210243426351923,-0.023105307338155967,4.918086548325107,5.0469425689152025,5.152828440155588,5.058549678810653,6.9,7.0,7.0,7.0
2011-11-01,0.0108174407692072,11,0.009206027421289,0.0106416621667042,0.0089136235653857,0.0085464079738448,11.741122698258089,13.481055774592221,9.087745270200998,6.9419680114929605,-1586.5310000000009,3576.770999999999,4005.6309999999994,-141.37900000000081,1.1378720859413605,1.1821297294110522,1.2075600171135292,1.2068777740507741,11.3,11.4,10.0,10.8,-2757.655,3219.2839999999997,-5761.864,696.236,5.378206913968242,5.048390543199233,4.853273077889941,5.475051477140891,1.5,1.5,1.5,1.5,4.9,5.6,9.0,11.7,2.6207469734307764,1.8886116490081761,0.747723601361372,0.29210243426351923,4.789969216045797,4.918086548325107,5.0469425689152025,5.152828440155588,6.9,6.9,7.0,7.0
2011-12-01,0.0108602890044764,12,0.0108174407692072,0.009206027421289,0.0106416621667042,0.0089136235653857,10.903145595582231,11.741122698258089,13.481055774592221,9.087745270200998,3192.816999999999,-1586.5310000000009,3576.770999999999,4005.6309999999994,1.163252811972093,1.1378720859413605,1.1821297294110522,1.2075600171135292,11.3,11.3,11.4,10.0,2411.2390000000014,-2757.655,3219.2839999999997,-5761.864,5.027236525344314,5.378206913968242,5.048390543199233,4.853273077889941,1.25,1.5,1.5,1.5,4.6,4.9,5.6,9.0,1.6769273613920888,2.6207469734307764,1.8886116490081761,0.747723601361372,4.5617943461016,4.789969216045797,4.918086548325107,5.0469425689152025,6.8,6.9,6.9,7.0
2012-01-01,0.0121711638486665,1,0.0108602890044764,0.0108174407692072,0.009206027421289,0.0106416621667042,1.36033205959869,10.903145595582231,11.741122698258089,13.481055774592221,2471.319000000003,3192.816999999999,-1586.5310000000009,3576.770999999999,1.1933171992588143,1.163252811972093,1.1378720859413605,1.1821297294110522,8.0,11.3,11.3,11.4,-6689.098999999998,2411.2390000000014,-2757.655,3219.2839999999997,3.520032153723829,5.027236525344314,5.378206913968242,5.048390543199233,1.0,1.25,1.5,1.5,1.4,4.6,4.9,5.6,1.904412057391447,1.6769273613920888,2.6207469734307764,1.8886116490081761,3.417188979307184,4.5617943461016,4.789969216045797,4.918086548325107,6.8,6.8,6.9,6.9
2012-02-01,0.0116967853152196,2,0.0121711638486665,0.0108602890044764,0.0108174407692072,0.009206027421289,4.238916268558235,1.36033205959869,10.903145595582231,11.741122698258089,4166.3409999999985,2471.319000000003,3192.816999999999,-1586.5310000000009,1.3171550541613897,1.1933171992588143,1.163252811972093,1.1378720859413605,7.3,8.0,11.3,11.3,-5487.530000000001,-6689.098999999998,2411.2390000000014,-2757.655,3.4768328188300224,3.520032153723829,5.027236525344314,5.378206913968242,1.0,1.0,1.25,1.5,2.1,1.4,4.6,4.9,2.1073142613623475,1.904412057391447,1.6769273613920888,2.6207469734307764,2.826643814981633,3.417188979307184,4.5617943461016,4.789969216045797,6.8,6.8,6.8,6.9
2012-03-01,0.0129425473220514,3,0.0116967853152196,0.0121711638486665,0.0108602890044764,0.0108174407692072,4.835581771141584,4.238916268558235,1.36033205959869,10.903145595582231,3613.376,4166.3409999999985,2471.319000000003,3192.816999999999,1.1406144306468136,1.3171550541613897,1.1933171992588143,1.163252811972093,8.2,7.3,8.0,11.3,4355.189,-5487.530000000001,-6689.098999999998,2411.2390000000014,3.348866975404352,3.4768328188300224,3.520032153723829,5.027236525344314,1.0,1.0,1.0,1.25,0.9,2.1,1.4,4.6,1.3900389079221753,2.1073142613623475,1.904412057391447,1.6769273613920888,2.474816968919402,2.826643814981633,3.417188979307184,4.5617943461016,6.8,6.8,6.8,6.8
2012-04-01,0.0123909027311812,4,0.0129425473220514,0.0116967853152196,0.0121711638486665,0.0108602890044764,7.124940328063012,4.835581771141584,4.238916268558235,1.36033205959869,-1841.8950000000004,3613.376,4166.3409999999985,2471.319000000003,1.1514965508757413,1.1406144306468136,1.3171550541613897,1.1933171992588143,6.8,8.2,7.3,8.0,7871.731999999999,4355.189,-5487.530000000001,-6689.098999999998,2.7178321053944465,3.348866975404352,3.4768328188300224,3.520032153723829,1.0,1.0,1.0,1.0,1.7,0.9,2.1,1.4,2.0680397512895965,1.3900389079221753,2.1073142613623475,1.904412057391447,2.5714105439019086,2.474816968919402,2.826643814981633,3.417188979307184,6.8,6.8,6.8,6.8
2012-05-01,0.0143091893275197,5,0.0123909027311812,0.0129425473220514,0.0116967853152196,0.0121711638486665,7.487716664125266,7.124940328063012,4.835581771141584,4.238916268558235,1556.5400000000009,-1841.8950000000004,3613.376,4166.3409999999985,1.1264544902129359,1.1514965508757413,1.1406144306468136,1.3171550541613897,5.9,6.8,8.2,7.3,-8629.294,7871.731999999999,4355.189,-5487.530000000001,2.3174840686311704,2.7178321053944465,3.348866975404352,3.4768328188300224,1.0,1.0,1.0,1.0,-0.7,1.7,0.9,2.1,1.796846331134283,2.0680397512895965,1.3900389079221753,2.1073142613623475,1.8899951130483927,2.5714105439019086,2.474816968919402,2.826643814981633,6.9,6.8,6.8,6.8
2012-06-01,0.0109138368705616,6,0.0143091893275197,0.0123909027311812,0.0129425473220514,0.0116967853152196,9.854114205343478,7.487716664125266,7.124940328063012,4.835581771141584,2683.067000000001,1556.5400000000009,-1841.8950000000004,3613.376,1.14204696160769,1.1264544902129359,1.1514965508757413,1.1406144306468136,5.0,5.9,6.8,8.2,-2757.1499999999996,-8629.294,7871.731999999999,4355.189,2.429269256904476,2.3174840686311704,2.7178321053944465,3.348866975404352,1.0,1.0,1.0,1.0,0.0,-0.7,1.7,0.9,1.437889324115993,1.796846331134283,2.0680397512895965,1.3900389079221753,1.559051622911678,1.8899951130483927,2.5714105439019086,2.474816968919402,6.8,6.9,6.8,6.8
2012-07-01,0.0133329674212143,7,0.0109138368705616,0.0143091893275197,0.0123909027311812,0.0129425473220514,9.316007080240496,9.854114205343478,7.487716664125266,7.124940328063012,6042.136999999999,2683.067000000001,1556.5400000000009,-1841.8950000000004,1.0642988424676147,1.14204696160769,1.1264544902129359,1.1514965508757413,4.0,5.0,5.9,6.8,-2310.959999999999,-2757.1499999999996,-8629.294,7871.731999999999,1.5329886311310048,2.429269256904476,2.3174840686311704,2.7178321053944465,1.0,1.0,1.0,1.0,0.2,0.0,-0.7,1.7,0.7456124323203639,1.437889324115993,1.796846331134283,2.0680397512895965,1.0039125028328044,1.559051622911678,1.8899951130483927,2.5714105439019086,6.8,6.8,6.9,6.8
2012-08-01,0.0126272101706694,8,0.0133329674212143,0.0109138368705616,0.0143091893275197,0.0123909027311812,8.874755866217043,9.316007080240496,9.854114205343478,7.487716664125266,6946.722000000002,6042.136999999999,2683.067000000001,1556.5400000000009,1.1162862046464994,1.0642988424676147,1.14204696160769,1.1264544902129359,4.4,4.0,5.0,5.9,564.1669999999999,-2310.959999999999,-2757.1499999999996,-8629.294,1.4242356715542748,1.5329886311310048,2.429269256904476,2.3174840686311704,0.75,1.0,1.0,1.0,-1.4,0.2,0.0,-0.7,1.7654945776156339,0.7456124323203639,1.437889324115993,1.796846331134283,0.556484463340734,1.0039125028328044,1.559051622911678,1.8899951130483927,6.8,6.8,6.8,6.9
2012-09-01,0.0126401756035354,9,0.0126272101706694,0.0133329674212143,0.0109138368705616,0.0143091893275197,5.320167528706499,8.874755866217043,9.316007080240496,9.854114205343478,3520.732,6946.722000000002,6042.136999999999,2683.067000000001,1.086135079304995,1.1162862046464994,1.0642988424676147,1.14204696160769,7.6,4.4,4.0,5.0,-5069.371999999999,564.1669999999999,-2310.959999999999,-2757.1499999999996,2.942881069081249,1.4242356715542748,1.5329886311310048,2.429269256904476,0.75,0.75,1.0,1.0,-0.9,-1.4,0.2,0.0,0.957283302191847,1.7654945776156339,0.7456124323203639,1.437889324115993,1.2229168526411982,0.556484463340734,1.0039125028328044,1.559051622911678,6.8,6.8,6.8,6.8
2012-10-01,0.0141086370550729,10,0.0126401756035354,0.0126272101706694,0.0133329674212143,0.0109138368705616,1.173659246851777,5.320167528706499,8.874755866217043,9.316007080240496,-1807.5699999999997,3520.732,6946.722000000002,6042.136999999999,0.9995300814312102,1.086135079304995,1.1162862046464994,1.0642988424676147,7.0,7.6,4.4,4.0,-16522.68,-5069.371999999999,564.1669999999999,-2310.959999999999,1.8293193047325573,2.942881069081249,1.4242356715542748,1.5329886311310048,0.75,0.75,0.75,1.0,-0.6,-0.9,-1.4,0.2,0.5617899907631951,0.957283302191847,1.7654945776156339,0.7456124323203639,1.3303965626363379,1.2229168526411982,0.556484463340734,1.0039125028328044,6.8,6.8,6.8,6.8
2012-11-01,0.0144312904658594,11,0.0141086370550729,0.0126401756035354,0.0126272101706694,0.0133329674212143,1.8588085555876432,1.173659246851777,5.320167528706499,8.874755866217043,4635.568000000001,-1807.5699999999997,3520.732,6946.722000000002,1.060916500213338,0.9995300814312102,1.086135079304995,1.1162862046464994,5.7,7.0,7.6,4.4,4247.02,-16522.68,-5069.371999999999,564.1669999999999,1.427139410533318,1.8293193047325573,2.942881069081249,1.4242356715542748,0.75,0.75,0.75,0.75,-3.3,-0.6,-0.9,-1.4,-0.2235238470635892,0.5617899907631951,0.957283302191847,1.7654945776156339,1.1074310299093781,1.3303965626363379,1.2229168526411982,0.556484463340734,6.8,6.8,6.8,6.8
2012-12-01,0.015478575180305,12,0.0144312904658594,0.0141086370550729,0.0126401756035354,0.0126272101706694,0.8602064071430604,1.8588085555876432,1.173659246851777,5.320167528706499,1401.3149999999987,4635.568000000001,-1807.5699999999997,3520.732,1.1047990488767923,1.060916500213338,0.9995300814312102,1.086135079304995,3.8,5.7,7.0,7.6,-3042.738000000001,4247.02,-16522.68,-5069.371999999999,0.9151055217357928,1.427139410533318,1.8293193047325573,2.942881069081249,0.75,0.75,0.75,0.75,-3.0,-3.3,-0.6,-0.9,-0.6467250471880348,-0.2235238470635892,0.5617899907631951,0.957283302191847,1.2188516542497752,1.1074310299093781,1.3303965626363379,1.2229168526411982,6.8,6.8,6.8,6.8
2013-01-01,0.0104268015064183,1,0.015478575180305,0.0144312904658594,0.0141086370550729,0.0126401756035354,-1.8124872593926256,0.8602064071430604,1.8588085555876432,1.173659246851777,-2466.259000000002,1401.3149999999987,4635.568000000001,-1807.5699999999997,1.0465308811941298,1.1047990488767923,1.060916500213338,0.9995300814312102,3.5,3.8,5.7,7.0,7354.084999999999,-3042.738000000001,4247.02,-16522.68,0.0,0.9151055217357928,1.427139410533318,1.8293193047325573,0.75,0.75,0.75,0.75,-1.1,-3.0,-3.3,-0.6,-0.40640805723679563,-0.6467250471880348,-0.2235238470635892,0.5617899907631951,1.4452725166480107,1.2188516542497752,1.1074310299093781,1.3303965626363379,6.9,6.8,6.8,6.8
2013-02-01,0.0109421097791173,2,0.0104268015064183,0.015478575180305,0.0144312904658594,0.0141086370550729,-4.712976739435604,-1.8124872593926256,0.8602064071430604,1.8588085555876432,-3319.485999999999,-2466.259000000002,1401.3149999999987,4635.568000000001,0.8503796942834541,1.0465308811941298,1.1047990488767923,1.060916500213338,3.9,3.5,3.8,5.7,3310.347,7354.084999999999,-3042.738000000001,4247.02,-1.3151428804127008,0.0,0.9151055217357928,1.427139410533318,0.75,0.75,0.75,0.75,-2.5,-1.1,-3.0,-3.3,-0.2891826652714258,-0.40640805723679563,-0.6467250471880348,-0.2235238470635892,1.5487035201162236,1.4452725166480107,1.2188516542497752,1.1074310299093781,6.9,6.9,6.8,6.8
2013-03-01,0.0134321490800219,3,0.0109421097791173,0.0104268015064183,0.015478575180305,0.0144312904658594,-4.981214142825152,-4.712976739435604,-1.8124872593926256,0.8602064071430604,-3143.501,-3319.485999999999,-2466.259000000002,1401.3149999999987,0.9714824725959303,0.8503796942834541,1.0465308811941298,1.1047990488767923,3.6,3.9,3.5,3.8,-8443.024,3310.347,7354.084999999999,-3042.738000000001,-1.7111640472720957,-1.3151428804127008,0.0,0.9151055217357928,0.75,0.75,0.75,0.75,-1.7,-2.5,-1.1,-3.0,-0.1566720248078468,-0.2891826652714258,-0.40640805723679563,-0.6467250471880348,0.9950330853167877,1.5487035201162236,1.4452725166480107,1.2188516542497752,6.9,6.9,6.9,6.8
2013-04-01,0.0092498269453464,4,0.0134321490800219,0.0109421097791173,0.0104268015064183,0.015478575180305,-5.313204197080701,-4.981214142825152,-4.712976739435604,-1.8124872593926256,652.4579999999987,-3143.501,-3319.485999999999,-2466.259000000002,0.8307099243733518,0.9714824725959303,0.8503796942834541,1.0465308811941298,0.5,3.6,3.9,3.5,-5539.875999999999,-8443.024,3310.347,7354.084999999999,-2.2089251546473676,-1.7111640472720957,-1.3151428804127008,0.0,0.75,0.75,0.75,0.75,-1.6,-1.7,-2.5,-1.1,-0.23411663194785604,-0.1566720248078468,-0.2891826652714258,-0.40640805723679563,0.11031440721573915,0.9950330853167877,1.5487035201162236,1.4452725166480107,6.9,6.9,6.9,6.9
2013-05-01,0.0113329439499523,5,0.0092498269453464,0.0134321490800219,0.0109421097791173,0.0104268015064183,-6.010475989260655,-5.313204197080701,-4.981214142825152,-4.712976739435604,3026.021999999999,652.4579999999987,-3143.501,-3319.485999999999,0.7613646105195215,0.8307099243733518,0.9714824725959303,0.8503796942834541,0.5,0.5,3.6,3.9,21669.574,-5539.875999999999,-8443.024,3310.347,-2.9309829253827857,-2.2089251546473676,-1.7111640472720957,-1.3151428804127008,0.75,0.75,0.75,0.75,0.4,-1.6,-1.7,-2.5,-0.2408290536473956,-0.23411663194785604,-0.1566720248078468,-0.2891826652714258,-0.22050725583140363,0.11031440721573915,0.9950330853167877,1.5487035201162236,7.0,6.9,6.9,6.9
2013-06-01,0.0130371379326295,6,0.0113329439499523,0.0092498269453464,0.0134321490800219,0.0109421097791173,-10.761968506714759,-6.010475989260655,-5.313204197080701,-4.981214142825152,761.3589999999986,3026.021999999999,652.4579999999987,-3143.501,0.7604960841213426,0.7613646105195215,0.8307099243733518,0.9714824725959303,1.6,0.5,0.5,3.6,-4144.476,21669.574,-5539.875999999999,-8443.024,-2.942881069081249,-2.9309829253827857,-2.2089251546473676,-1.7111640472720957,0.5,0.75,0.75,0.75,-2.2,0.4,-1.6,-1.7,-0.09950763392492235,-0.2408290536473956,-0.23411663194785604,-0.1566720248078468,-0.2212390282941179,-0.22050725583140363,0.11031440721573915,0.9950330853167877,6.9,7.0,6.9,6.9
2013-07-01,0.0136109327260536,7,0.0130371379326295,0.0113329439499523,0.0092498269453464,0.0134321490800219,-9.545017202861139,-10.761968506714759,-6.010475989260655,-5.313204197080701,-3875.833999999999,761.3589999999986,3026.021999999999,652.4579999999987,0.7411664487142033,0.7604960841213426,0.7613646105195215,0.8307099243733518,2.9,1.6,0.5,0.5,-10030.102,-4144.476,21669.574,-5539.875999999999,-2.2565059992089687,-2.942881069081249,-2.9309829253827857,-2.2089251546473676,0.5,0.5,0.75,0.75,1.0,-2.2,0.4,-1.6,1.2768569877390945,-0.09950763392492235,-0.2408290536473956,-0.23411663194785604,0.11092624542863305,-0.2212390282941179,-0.22050725583140363,0.11031440721573915,6.8,6.9,7.0,6.9
2013-08-01,0.013109572454792,8,0.0136109327260536,0.0130371379326295,0.0113329439499523,0.0092498269453464,-11.607760737786421,-9.545017202861139,-10.761968506714759,-6.010475989260655,-3919.350000000002,-3875.833999999999,761.3589999999986,3026.021999999999,0.7853971490291656,0.7411664487142033,0.7604960841213426,0.7613646105195215,3.0,2.9,1.6,0.5,6053.942,-10030.102,-4144.476,21669.574,-2.5576841789649585,-2.2565059992089687,-2.942881069081249,-2.9309829253827857,0.5,0.5,0.5,0.75,-2.0,1.0,-2.2,0.4,-0.5035949690078922,1.2768569877390945,-0.09950763392492235,-0.2408290536473956,0.0,0.11092624542863305,-0.2212390282941179,-0.22050725583140363,6.8,6.8,6.9,7.0
2013-09-01,0.0132290812348916,9,0.013109572454792,0.0136109327260536,0.0130371379326295,0.0113329439499523,-12.161108158631961,-11.607760737786421,-9.545017202861139,-10.761968506714759,-4215.573999999999,-3919.350000000002,-3875.833999999999,761.3589999999986,0.6876627686441594,0.7853971490291656,0.7411664487142033,0.7604960841213426,0.5,3.0,2.9,1.6,-1622.964,6053.942,-10030.102,-4144.476,-3.4591444769619173,-2.5576841789649585,-2.2565059992089687,-2.942881069081249,0.5,0.5,0.5,0.5,0.4,-2.0,1.0,-2.2,-4.243458049047177,-0.5035949690078922,1.2768569877390945,-0.09950763392492235,-0.5540180375615655,0.0,0.11092624542863305,-0.2212390282941179,6.8,6.8,6.8,6.9
2013-10-01,0.0117689464836985,10,0.0132290812348916,0.013109572454792,0.0136109327260536,0.0130371379326295,-10.730523731625752,-12.161108158631961,-11.607760737786421,-9.545017202861139,2225.6179999999986,-4215.573999999999,-3919.350000000002,-3875.833999999999,0.756133827630201,0.6876627686441594,0.7853971490291656,0.7411664487142033,-0.2,0.5,3.0,2.9,6464.639999999999,-1622.964,6053.942,-10030.102,-2.756682983265435,-3.4591444769619173,-2.5576841789649585,-2.2565059992089687,0.5,0.5,0.5,0.5,0.9,0.4,-2.0,1.0,-4.072499496767357,-4.243458049047177,-0.5035949690078922,1.2768569877390945,-0.5521825184308327,-0.5540180375615655,0.0,0.11092624542863305,6.8,6.8,6.8,6.8
2013-11-01,0.0137421537814086,11,0.0117689464836985,0.0132290812348916,0.013109572454792,0.0136109327260536,-9.979668973942957,-10.730523731625752,-12.161108158631961,-11.607760737786421,126.5570000000007,2225.6179999999986,-4215.573999999999,-3919.350000000002,0.7647813383105273,0.756133827630201,0.6876627686441594,0.7853971490291656,-0.5,-0.2,0.5,3.0,4068.6320000000005,6464.639999999999,-1622.964,6053.942,-2.8749413285986236,-2.756682983265435,-3.4591444769619173,-2.5576841789649585,0.5,0.5,0.5,0.5,1.5,0.9,0.4,-2.0,-4.371429905794066,-4.072499496767357,-4.243458049047177,-0.5035949690078922,-0.7739120992956039,-0.5521825184308327,-0.5540180375615655,0.0,6.8,6.8,6.8,6.8
2013-12-01,0.012198745360175,12,0.0137421537814086,0.0117689464836985,0.0132290812348916,0.013109572454792,-9.181012831545132,-9.979668973942957,-10.730523731625752,-12.161108158631961,1452.9750000000022,126.5570000000007,2225.6179999999986,-4215.573999999999,0.6504664883655309,0.7647813383105273,0.756133827630201,0.6876627686441594,-0.3,-0.5,-0.2,0.5,-11531.067,4068.6320000000005,6464.639999999999,-1622.964,-2.7708288777575696,-2.8749413285986236,-2.756682983265435,-3.4591444769619173,0.25,0.5,0.5,0.5,4.7,1.5,0.9,0.4,-3.991304840358545,-4.371429905794066,-4.072499496767357,-4.243458049047177,-0.8849615276982803,-0.7739120992956039,-0.5521825184308327,-0.5540180375615655,6.9,6.8,6.8,6.8
2014-01-01,0.0152291978782042,1,0.012198745360175,0.0137421537814086,0.0117689464836985,0.0132290812348916,-8.9310877803225,-9.181012831545132,-9.979668973942957,-10.730523731625752,1297.545000000002,1452.9750000000022,126.5570000000007,2225.6179999999986,0.6217587613628339,0.6504664883655309,0.7647813383105273,0.756133827630201,1.2,-0.3,-0.5,-0.2,-269.3179999999993,-11531.067,4068.6320000000005,6464.639999999999,-2.263471117687388,-2.7708288777575696,-2.8749413285986236,-2.756682983265435,0.25,0.25,0.5,0.5,3.8,4.7,1.5,0.9,-3.1493278373948996,-3.991304840358545,-4.371429905794066,-4.072499496767357,-0.5534048434642003,-0.8849615276982803,-0.7739120992956039,-0.5521825184308327,6.8,6.9,6.8,6.8
2014-02-01,0.0153125896436154,2,0.0152291978782042,0.012198745360175,0.0137421537814086,0.0117689464836985,-6.40672010653347,-8.9310877803225,-9.181012831545132,-9.979668973942957,5111.922999999999,1297.545000000002,1452.9750000000022,126.5570000000007,0.8455611445763012,0.6217587613628339,0.6504664883655309,0.7647813383105273,-1.8,1.2,-0.3,-0.5,-8168.155000000001,-269.3179999999993,-11531.067,4068.6320000000005,-2.2658023892583756,-2.263471117687388,-2.7708288777575696,-2.8749413285986236,0.25,0.25,0.25,0.5,4.7,3.8,4.7,1.5,-3.9062189703573225,-3.1493278373948996,-3.991304840358545,-4.371429905794066,-1.2148133935647287,-0.5534048434642003,-0.8849615276982803,-0.7739120992956039,6.8,6.8,6.9,6.8
2014-03-01,0.0127818499849743,3,0.0153125896436154,0.0152291978782042,0.012198745360175,0.0137421537814086,-7.130945452925275,-6.40672010653347,-8.9310877803225,-9.181012831545132,1410.0829999999987,5111.922999999999,1297.545000000002,1452.9750000000022,0.8235743221987946,0.8455611445763012,0.6217587613628339,0.6504664883655309,-2.7,-1.8,1.2,-0.3,15694.847,-8168.155000000001,-269.3179999999993,-11531.067,-2.675056628865047,-2.2658023892583756,-2.263471117687388,-2.7708288777575696,0.25,0.25,0.25,0.25,4.3,4.7,3.8,4.7,-3.951096342590077,-3.9062189703573225,-3.1493278373948996,-3.991304840358545,-0.9950330853167877,-1.2148133935647287,-0.5534048434642003,-0.8849615276982803,6.8,6.8,6.8,6.9
2014-04-01,0.0167399886461367,4,0.0127818499849743,0.0153125896436154,0.0152291978782042,0.012198745360175,-7.4361693636339155,-7.130945452925275,-6.40672010653347,-8.9310877803225,1230.2170000000006,1410.0829999999987,5111.922999999999,1297.545000000002,0.9084643468135312,0.8235743221987946,0.8455611445763012,0.6217587613628339,-1.6,-2.7,-1.8,1.2,-6394.311,15694.847,-8168.155000000001,-269.3179999999993,-3.3026737517886318,-2.675056628865047,-2.2658023892583756,-2.263471117687388,0.25,0.25,0.25,0.25,3.2,4.3,4.7,3.8,-3.648054177871707,-3.951096342590077,-3.9062189703573225,-3.1493278373948996,-0.9972381812937137,-0.9950330853167877,-1.2148133935647287,-0.5534048434642003,6.8,6.8,6.8,6.8
2014-05-01,0.0113226170260629,5,0.0167399886461367,0.0127818499849743,0.0153125896436154,0.0152291978782042,-7.240871775192659,-7.4361693636339155,-7.130945452925275,-6.40672010653347,607.1809999999987,1230.2170000000006,1410.0829999999987,5111.922999999999,1.01873257588867,0.9084643468135312,0.8235743221987946,0.8455611445763012,-1.3,-1.6,-2.7,-1.8,-14802.485,-6394.311,15694.847,-8168.155000000001,-2.4923408452456997,-3.3026737517886318,-2.675056628865047,-2.2658023892583756,0.25,0.25,0.25,0.25,2.5,3.2,4.3,4.7,-3.47963966261311,-3.648054177871707,-3.951096342590077,-3.9062189703573225,-0.9983443984183715,-0.9972381812937137,-0.9950330853167877,-1.2148133935647287,6.7,6.8,6.8,6.8
2014-06-01,0.0135551198621435,6,0.0113226170260629,0.0167399886461367,0.0127818499849743,0.0153125896436154,-4.4493240656798605,-7.240871775192659,-7.4361693636339155,-7.130945452925275,-753.2819999999992,607.1809999999987,1230.2170000000006,1410.0829999999987,0.9191024566527872,1.01873257588867,0.9084643468135312,0.8235743221987946,-0.8,-1.3,-1.6,-2.7,4494.804,-14802.485,-6394.311,15694.847,-2.0812405745934903,-2.4923408452456997,-3.3026737517886318,-2.675056628865047,0.25,0.25,0.25,0.25,2.1,2.5,3.2,4.3,-3.247497259617127,-3.47963966261311,-3.648054177871707,-3.951096342590077,-0.8898835142129968,-0.9983443984183715,-0.9972381812937137,-0.9950330853167877,6.7,6.7,6.8,6.8
2014-07-01,0.0125836124381306,7,0.0135551198621435,0.0113226170260629,0.0167399886461367,0.0127818499849743,-3.5333776823888385,-4.4493240656798605,-7.240871775192659,-7.4361693636339155,650.7800000000007,-753.2819999999992,607.1809999999987,1230.2170000000006,0.9375583976771296,0.9191024566527872,1.01873257588867,0.9084643468135312,-0.3,-0.8,-1.3,-1.6,4234.496,4494.804,-14802.485,-6394.311,-1.1476390956342897,-2.0812405745934903,-2.4923408452456997,-3.3026737517886318,0.15,0.25,0.25,0.25,0.5,2.1,2.5,3.2,-3.5366618706767383,-3.247497259617127,-3.47963966261311,-3.648054177871707,-0.7790801787768586,-0.8898835142129968,-0.9983443984183715,-0.9972381812937137,6.7,6.7,6.7,6.8
2014-08-01,0.0125323633237739,8,0.0125836124381306,0.0135551198621435,0.0113226170260629,0.0167399886461367,-1.6307910565007688,-3.5333776823888385,-4.4493240656798605,-7.240871775192659,6974.1810000000005,650.7800000000007,-753.2819999999992,607.1809999999987,0.8988084319740963,0.9375583976771296,0.9191024566527872,1.01873257588867,-1.5,-0.3,-0.8,-1.3,-6793.0779999999995,4234.496,4494.804,-14802.485,-1.6719302729057972,-1.1476390956342897,-2.0812405745934903,-2.4923408452456997,0.15,0.15,0.25,0.25,4.4,0.5,2.1,2.5,-2.868806489038711,-3.5366618706767383,-3.247497259617127,-3.47963966261311,-0.7799482434823091,-0.7790801787768586,-0.8898835142129968,-0.9983443984183715,6.7,6.7,6.7,6.7
2014-09-01,0.0123269549636972,9,0.0125323633237739,0.0125836124381306,0.0135551198621435,0.0113226170260629,0.48180684204961466,-1.6307910565007688,-3.5333776823888385,-4.4493240656798605,1774.1329999999998,6974.1810000000005,650.7800000000007,-753.2819999999992,0.8518099412464508,0.8988084319740963,0.9375583976771296,0.9191024566527872,-1.9,-1.5,-0.3,-0.8,14301.016,-6793.0779999999995,4234.496,4494.804,-1.8809331957496234,-1.6719302729057972,-1.1476390956342897,-2.0812405745934903,0.15,0.15,0.15,0.25,-1.6,4.4,0.5,2.1,1.0410295184824392,-2.868806489038711,-3.5366618706767383,-3.247497259617127,-0.780818244781134,-0.7799482434823091,-0.7790801787768586,-0.8898835142129968,6.7,6.7,6.7,6.7
2014-10-01,0.011356703122499,10,0.0123269549636972,0.0125323633237739,0.0125836124381306,0.0135551198621435,0.47752238747911235,0.48180684204961466,-1.6307910565007688,-3.5333776823888385,3918.392,1774.1329999999998,6974.1810000000005,650.7800000000007,0.8511890372240316,0.8518099412464508,0.8988084319740963,0.9375583976771296,-2.2,-1.9,-1.5,-0.3,-10325.421,14301.016,-6793.0779999999995,4234.496,-1.564977166712822,-1.8809331957496234,-1.6719302729057972,-1.1476390956342897,0.05,0.15,0.15,0.15,0.9,-1.6,4.4,0.5,1.3681603174230617,1.0410295184824392,-2.868806489038711,-3.5366618706767383,-1.1135972540485817,-0.780818244781134,-0.7799482434823091,-0.7790801787768586,6.7,6.7,6.7,6.7
2014-11-01,0.0100922439735029,11,0.011356703122499,0.0123269549636972,0.0125323633237739,0.0125836124381306,0.7653668477690445,0.47752238747911235,0.48180684204961466,-1.6307910565007688,5387.463,3918.392,1774.1329999999998,6974.1810000000005,0.8291785131302021,0.8511890372240316,0.8518099412464508,0.8988084319740963,-2.3,-2.2,-1.9,-1.5,-3121.4850000000006,-10325.421,14301.016,-6793.0779999999995,-1.2578782206859707,-1.564977166712822,-1.8809331957496234,-1.6719302729057972,0.05,0.05,0.15,0.15,1.6,0.9,-1.6,4.4,1.191072691369044,1.3681603174230617,1.0410295184824392,-2.868806489038711,-0.8918676731838104,-1.1135972540485817,-0.780818244781134,-0.7799482434823091,6.6,6.7,6.7,6.7
2014-12-01,0.012251944569555,12,0.0100922439735029,0.011356703122499,0.0123269549636972,0.0125323633237739,1.4025015036619237,0.7653668477690445,0.47752238747911235,0.48180684204961466,-1708.0950000000012,5387.463,3918.392,1774.1329999999998,0.7235343645703551,0.8291785131302021,0.8511890372240316,0.8518099412464508,-2.5,-2.3,-2.2,-1.9,6277.028,-3121.4850000000006,-10325.421,14301.016,-2.10312693849124,-1.2578782206859707,-1.564977166712822,-1.8809331957496234,0.05,0.05,0.05,0.15,-0.3,1.6,0.9,-1.6,1.529875721820595,1.191072691369044,1.3681603174230617,1.0410295184824392,-0.780818244781134,-0.8918676731838104,-1.1135972540485817,-0.780818244781134,6.6,6.6,6.7,6.7
2015-01-01,0.0101807793990786,1,0.012251944569555,0.0100922439735029,0.011356703122499,0.0123269549636972,3.2240328261128326,1.4025015036619237,0.7653668477690445,0.47752238747911235,-1017.107,-1708.0950000000012,5387.463,3918.392,0.7232625164832029,0.7235343645703551,0.8291785131302021,0.8511890372240316,-6.6,-2.5,-2.3,-2.2,-33671.873,6277.028,-3121.4850000000006,-10325.421,-3.8180671457866744,-2.10312693849124,-1.2578782206859707,-1.564977166712822,0.05,0.05,0.05,0.05,1.2,-0.3,1.6,0.9,1.6843857873698909,1.529875721820595,1.191072691369044,1.3681603174230617,-1.678830700325662,-0.780818244781134,-0.8918676731838104,-1.1135972540485817,6.5,6.6,6.6,6.7
2015-02-01,0.0099820656896145,2,0.0101807793990786,0.012251944569555,0.0100922439735029,0.011356703122499,6.190219389819873,3.2240328261128326,1.4025015036619237,0.7653668477690445,1384.8070000000007,-1017.107,-1708.0950000000012,5387.463,0.6049681967560616,0.7232625164832029,0.7235343645703551,0.8291785131302021,-8.9,-6.6,-2.5,-2.3,14726.970000000001,-33671.873,6277.028,-3121.4850000000006,-4.582581220541648,-3.8180671457866744,-2.10312693849124,-1.2578782206859707,0.05,0.05,0.05,0.05,-1.2,1.2,-0.3,1.6,2.037200589349375,1.6843857873698909,1.529875721820595,1.191072691369044,-2.1337137388131033,-1.678830700325662,-0.780818244781134,-0.8918676731838104,6.5,6.5,6.6,6.6
2015-03-01,0.0099468767670911,3,0.0099820656896145,0.0101807793990786,0.012251944569555,0.0100922439735029,6.3026676990116215,6.190219389819873,3.2240328261128326,1.4025015036619237,3502.026,1384.8070000000007,-1017.107,-1708.0950000000012,0.6138438280510528,0.6049681967560616,0.7232625164832029,0.7235343645703551,-7.4,-8.9,-6.6,-2.5,-1783.2829999999994,14726.970000000001,-33671.873,6277.028,-3.2859342097237842,-4.582581220541648,-3.8180671457866744,-2.10312693849124,0.05,0.05,0.05,0.05,-0.4,-1.2,1.2,-0.3,2.4470650344099454,2.037200589349375,1.6843857873698909,1.529875721820595,-2.0202707317519497,-2.1337137388131033,-1.678830700325662,-0.780818244781134,6.5,6.5,6.5,6.6
2015-04-01,0.0175702583436514,4,0.0099468767670911,0.0099820656896145,0.0101807793990786,0.012251944569555,8.3448819113217,6.3026676990116215,6.190219389819873,3.2240328261128326,4841.113000000001,3502.026,1384.8070000000007,-1017.107,0.7325354263587158,0.6138438280510528,0.6049681967560616,0.7232625164832029,-5.7,-7.4,-8.9,-6.6,1537.44,-1783.2829999999994,14726.970000000001,-33671.873,-1.693162141578064,-3.2859342097237842,-4.582581220541648,-3.8180671457866744,0.05,0.05,0.05,0.05,0.0,-0.4,-1.2,1.2,2.544526262426672,2.4470650344099454,2.037200589349375,1.6843857873698909,-1.684486769823934,-2.0202707317519497,-2.1337137388131033,-1.678830700325662,6.5,6.5,6.5,6.5
2015-05-01,0.0199426337763455,5,0.0175702583436514,0.0099468767670911,0.0099820656896145,0.0101807793990786,6.855061958690456,8.3448819113217,6.3026676990116215,6.190219389819873,3797.241000000002,4841.113000000001,3502.026,1384.8070000000007,0.7409951975054341,0.7325354263587158,0.6138438280510528,0.6049681967560616,-6.0,-5.7,-7.4,-8.9,-142.62900000000002,1537.44,-1783.2829999999994,14726.970000000001,-1.0570922960010165,-1.693162141578064,-3.2859342097237842,-4.582581220541648,0.05,0.05,0.05,0.05,0.6,0.0,-0.4,-1.2,1.7762915986319072,2.544526262426672,2.4470650344099454,2.037200589349375,-1.4598799421151831,-1.684486769823934,-2.0202707317519497,-2.1337137388131033,6.5,6.5,6.5,6.5
2015-06-01,0.0181875055820404,6,0.0199426337763455,0.0175702583436514,0.0099468767670911,0.0099820656896145,4.855500765941834,6.855061958690456,8.3448819113217,6.3026676990116215,1538.2250000000004,3797.241000000002,4841.113000000001,3502.026,0.8014155207671791,0.7409951975054341,0.7325354263587158,0.6138438280510528,-5.2,-6.0,-5.7,-7.4,5191.6630000000005,-142.62900000000002,1537.44,-1783.2829999999994,-1.0570922960010165,-1.0570922960010165,-1.693162141578064,-3.2859342097237842,0.05,0.05,0.05,0.05,2.2,0.6,0.0,-0.4,2.154067637692769,1.7762915986319072,2.544526262426672,2.4470650344099454,-1.2366655637211288,-1.4598799421151831,-1.684486769823934,-2.0202707317519497,6.4,6.5,6.5,6.5
2015-07-01,0.0183162923966584,7,0.0181875055820404,0.0199426337763455,0.0175702583436514,0.0099468767670911,2.681025058534736,4.855500765941834,6.855061958690456,8.3448819113217,5366.1979999999985,1538.2250000000004,3797.241000000002,4841.113000000001,0.8730825588820323,0.8014155207671791,0.7409951975054341,0.7325354263587158,-6.0,-5.2,-6.0,-5.7,1093.3469999999998,5191.6630000000005,-142.62900000000002,1537.44,-1.906837436551534,-1.0570922960010165,-1.0570922960010165,-1.693162141578064,0.05,0.05,0.05,0.05,1.6,2.2,0.6,0.0,2.1122101334846377,2.154067637692769,1.7762915986319072,2.544526262426672,-1.3498517670894827,-1.2366655637211288,-1.4598799421151831,-1.684486769823934,6.4,6.4,6.5,6.5
2015-08-01,0.0199176650088634,8,0.0183162923966584,0.0181875055820404,0.0199426337763455,0.0175702583436514,2.661402437199456,2.681025058534736,4.855500765941834,6.855061958690456,4098.179,5366.1979999999985,1538.2250000000004,3797.241000000002,0.9024090339384117,0.8730825588820323,0.8014155207671791,0.7409951975054341,-6.2,-6.0,-5.2,-6.0,-6142.621,1093.3469999999998,5191.6630000000005,-142.62900000000002,-2.0224212462625957,-1.906837436551534,-1.0570922960010165,-1.0570922960010165,0.05,0.05,0.05,0.05,0.8,1.6,2.2,0.6,2.9692145019023286,2.1122101334846377,2.154067637692769,1.7762915986319072,-1.2380574569553993,-1.3498517670894827,-1.2366655637211288,-1.4598799421151831,6.4,6.4,6.4,6.5
2015-09-01,0.0194068451159417,9,0.0199176650088634,0.0183162923966584,0.0181875055820404,0.0199426337763455,1.1066202198145803,2.661402437199456,2.681025058534736,4.855500765941834,3039.8179999999993,4098.179,5366.1979999999985,1538.2250000000004,1.0071188983152624,0.9024090339384117,0.8730825588820323,0.8014155207671791,-7.6,-6.2,-6.0,-5.2,-9760.678,-6142.621,1093.3469999999998,5191.6630000000005,-3.3247029998556776,-2.0224212462625957,-1.906837436551534,-1.0570922960010165,0.05,0.05,0.05,0.05,2.5,0.8,1.6,2.2,2.8647424060947557,2.9692145019023286,2.1122101334846377,2.154067637692769,-1.5801683191321914,-1.2380574569553993,-1.3498517670894827,-1.2366655637211288,6.3,6.4,6.4,6.4
2015-10-01,0.0217423986525204,10,0.0194068451159417,0.0199176650088634,0.0183162923966584,0.0181875055820404,1.0128966205249057,1.1066202198145803,2.661402437199456,2.681025058534736,2561.3250000000007,3039.8179999999993,4098.179,5366.1979999999985,1.027250737855745,1.0071188983152624,0.9024090339384117,0.8730825588820323,-9.2,-7.6,-6.2,-6.0,22952.222999999998,-9760.678,-6142.621,1093.3469999999998,-4.29711652854321,-3.3247029998556776,-2.0224212462625957,-1.906837436551534,0.05,0.05,0.05,0.05,0.3,2.5,0.8,1.6,2.4954402381675678,2.8647424060947557,2.9692145019023286,2.1122101334846377,-1.9220489940107832,-1.5801683191321914,-1.2380574569553993,-1.3498517670894827,6.3,6.3,6.4,6.4
2015-11-01,0.0105792752298832,11,0.0217423986525204,0.0194068451159417,0.0199176650088634,0.0183162923966584,1.228345384611984,1.0128966205249057,1.1066202198145803,2.661402437199456,-1094.7580000000016,2561.3250000000007,3039.8179999999993,4098.179,1.0240029900495884,1.027250737855745,1.0071188983152624,0.9024090339384117,-8.6,-9.2,-7.6,-6.2,1076.197,22952.222999999998,-9760.678,-6142.621,-4.421205213988522,-4.29711652854321,-3.3247029998556776,-2.0224212462625957,0.05,0.05,0.05,0.05,0.4,0.3,2.5,0.8,2.6337130521374874,2.4954402381675678,2.8647424060947557,2.9692145019023286,-2.379715696751994,-1.9220489940107832,-1.5801683191321914,-1.2380574569553993,6.3,6.3,6.3,6.4
2015-12-01,0.0094788468569415,12,0.0105792752298832,0.0217423986525204,0.0194068451159417,0.0199176650088634,1.2052971486998132,1.228345384611984,1.0128966205249057,1.1066202198145803,5084.719000000001,-1094.7580000000016,2561.3250000000007,3039.8179999999993,1.2097953662426164,1.0240029900495884,1.027250737855745,1.0071188983152624,-7.5,-8.6,-9.2,-7.6,-2803.2,1076.197,22952.222999999998,-9760.678,-3.9008195885453567,-4.421205213988522,-4.29711652854321,-3.3247029998556776,0.05,0.05,0.05,0.05,-0.7,0.4,0.3,2.5,2.8105809149023386,2.6337130521374874,2.4954402381675678,2.8647424060947557,-2.609336922786998,-2.379715696751994,-1.9220489940107832,-1.5801683191321914,6.3,6.3,6.3,6.3
2016-01-01,0.0125807730732709,1,0.0094788468569415,0.0105792752298832,0.0217423986525204,0.0194068451159417,-1.8646899243726978,1.2052971486998132,1.228345384611984,1.0128966205249057,36.977999999999156,5084.719000000001,-1094.7580000000016,2561.3250000000007,1.2717404760971718,1.2097953662426164,1.0240029900495884,1.027250737855745,-6.2,-7.5,-8.6,-9.2,18048.492000000002,-2803.2,1076.197,22952.222999999998,-3.297001923757037,-3.9008195885453567,-4.421205213988522,-4.29711652854321,0.05,0.05,0.05,0.05,-0.8,-0.7,0.4,0.3,2.6523218106550672,2.8105809149023386,2.6337130521374874,2.4954402381675678,-2.2832042042645995,-2.609336922786998,-2.379715696751994,-1.9220489940107832,6.3,6.3,6.3,6.3
2016-02-01,0.0111694764158958,2,0.0125807730732709,0.0094788468569415,0.0105792752298832,0.0217423986525204,-3.867805976047478,-1.8646899243726978,1.2052971486998132,1.228345384611984,1806.2279999999992,36.977999999999156,5084.719000000001,-1094.7580000000016,1.1805854062972188,1.2717404760971718,1.2097953662426164,1.0240029900495884,-5.4,-6.2,-7.5,-8.6,-8241.52,18048.492000000002,-2803.2,1076.197,-3.7782271652504917,-3.297001923757037,-3.9008195885453567,-4.421205213988522,0.05,0.05,0.05,0.05,2.7,-0.8,-0.7,0.4,2.1820708353780915,2.6523218106550672,2.8105809149023386,2.6337130521374874,-2.296312150844937,-2.2832042042645995,-2.609336922786998,-2.379715696751994,6.2,6.3,6.3,6.3
2016-03-01,0.0139176363943436,3,0.0111694764158958,0.0125807730732709,0.0094788468569415,0.0105792752298832,-1.9483218236873157,-3.867805976047478,-1.8646899243726978,1.2052971486998132,6336.335999999999,1806.2279999999992,36.977999999999156,5084.719000000001,1.234956153423994,1.1805854062972188,1.2717404760971718,1.2097953662426164,-8.1,-5.4,-6.2,-7.5,-7907.231000000001,-8241.52,18048.492000000002,-2803.2,-5.7665641849808935,-3.7782271652504917,-3.297001923757037,-3.9008195885453567,0.05,0.05,0.05,0.05,2.1,2.7,-0.8,-0.7,2.270718991263365,2.1820708353780915,2.6523218106550672,2.8105809149023386,-2.875413740901145,-2.296312150844937,-2.2832042042645995,-2.609336922786998,6.2,6.2,6.3,6.3
2016-04-01,0.0089681793535216,4,0.0139176363943436,0.0111694764158958,0.0125807730732709,0.0094788468569415,-4.956621385293047,-1.9483218236873157,-3.867805976047478,-1.8646899243726978,4588.169999999998,6336.335999999999,1806.2279999999992,36.977999999999156,1.207556595640824,1.234956153423994,1.1805854062972188,1.2717404760971718,-8.5,-8.1,-5.4,-6.2,16134.931999999999,-7907.231000000001,-8241.52,18048.492000000002,-6.049122623163061,-5.7665641849808935,-3.7782271652504917,-3.297001923757037,0.0,0.05,0.05,0.05,1.2,2.1,2.7,-0.8,2.0146145305627527,2.270718991263365,2.1820708353780915,2.6523218106550672,-2.9887282006180627,-2.875413740901145,-2.296312150844937,-2.2832042042645995,6.2,6.2,6.2,6.3
2016-05-01,0.0127767628980794,5,0.0089681793535216,0.0139176363943436,0.0111694764158958,0.0125807730732709,-3.562570429512313,-4.956621385293047,-1.9483218236873157,-3.867805976047478,9046.989000000001,4588.169999999998,6336.335999999999,1806.2279999999992,1.157715123269476,1.207556595640824,1.234956153423994,1.1805854062972188,-8.2,-8.5,-8.1,-5.4,1356.899,16134.931999999999,-7907.231000000001,-8241.52,-6.588551364920026,-6.049122623163061,-5.7665641849808935,-3.7782271652504917,0.0,0.0,0.05,0.05,0.8,1.2,2.1,2.7,2.426784397440329,2.0146145305627527,2.270718991263365,2.1820708353780915,-2.9852963149681777,-2.9887282006180627,-2.875413740901145,-2.296312150844937,6.2,6.2,6.2,6.2
2016-06-01,0.011731029612406,6,0.0127767628980794,0.0089681793535216,0.0139176363943436,0.0111694764158958,-2.4251800768348986,-3.562570429512313,-4.956621385293047,-1.9483218236873157,6733.629000000001,9046.989000000001,4588.169999999998,6336.335999999999,1.2028550570487795,1.157715123269476,1.207556595640824,1.234956153423994,-7.7,-8.2,-8.5,-8.1,-2827.554,1356.899,16134.931999999999,-7907.231000000001,-5.909815727580003,-6.588551364920026,-6.049122623163061,-5.7665641849808935,0.0,0.0,0.0,0.05,-1.6,0.8,1.2,2.1,2.6693359531481775,2.426784397440329,2.0146145305627527,2.270718991263365,-2.520179197395045,-2.9852963149681777,-2.9887282006180627,-2.875413740901145,6.1,6.2,6.2,6.2
2016-07-01,0.0137586179104021,7,0.011731029612406,0.0127767628980794,0.0089681793535216,0.0139176363943436,1.461185673744403,-2.4251800768348986,-3.562570429512313,-4.956621385293047,1106.2430000000022,6733.629000000001,9046.989000000001,4588.169999999998,1.2105678492424943,1.2028550570487795,1.157715123269476,1.207556595640824,-6.3,-7.7,-8.2,-8.5,6801.164,-2827.554,1356.899,16134.931999999999,-4.70803967086777,-5.909815727580003,-6.588551364920026,-6.049122623163061,0.0,0.0,0.0,0.0,0.9,-1.6,0.8,1.2,2.6311862332585534,2.6693359531481775,2.426784397440329,2.0146145305627527,-2.1752431799904492,-2.520179197395045,-2.9852963149681777,-2.9887282006180627,6.1,6.1,6.2,6.2
2016-08-01,0.0112809565249456,8,0.0137586179104021,0.011731029612406,0.0127767628980794,0.0089681793535216,0.8769249221471043,1.461185673744403,-2.4251800768348986,-3.562570429512313,-2440.3859999999986,1106.2430000000022,6733.629000000001,9046.989000000001,1.085110153126223,1.2105678492424943,1.2028550570487795,1.157715123269476,-6.8,-6.3,-7.7,-8.2,-1112.5070000000005,6801.164,-2827.554,1356.899,-4.0598005270802595,-4.70803967086777,-5.909815727580003,-6.588551364920026,0.0,0.0,0.0,0.0,-2.0,0.9,-1.6,0.8,1.9538077470333093,2.6311862332585534,2.6693359531481775,2.426784397440329,-1.944029204152553,-2.1752431799904492,-2.520179197395045,-2.9852963149681777,6.1,6.1,6.1,6.2
2016-09-01,0.0112142170793294,9,0.0112809565249456,0.0137586179104021,0.011731029612406,0.0127767628980794,0.8007166453323222,0.8769249221471043,1.461185673744403,-2.4251800768348986,4478.274000000001,-2440.3859999999986,1106.2430000000022,6733.629000000001,1.1806349235312652,1.085110153126223,1.2105678492424943,1.2028550570487795,-5.8,-6.8,-6.3,-7.7,3719.914,-1112.5070000000005,6801.164,-2827.554,-2.764133967645588,-4.0598005270802595,-4.70803967086777,-5.909815727580003,0.0,0.0,0.0,0.0,2.0,-2.0,0.9,-1.6,2.194145717620799,1.9538077470333093,2.6311862332585534,2.6693359531481775,-1.6055390753297871,-1.944029204152553,-2.1752431799904492,-2.520179197395045,6.0,6.1,6.1,6.1
2016-10-01,0.0111553898566878,10,0.0112142170793294,0.0112809565249456,0.0137586179104021,0.011731029612406,0.3802546595768064,0.8007166453323222,0.8769249221471043,1.461185673744403,-846.8240000000005,4478.274000000001,-2440.3859999999986,1106.2430000000022,1.245942674936451,1.1806349235312652,1.085110153126223,1.2105678492424943,-3.7,-5.8,-6.8,-6.3,-3348.858,3719.914,-1112.5070000000005,6801.164,-2.219846978914841,-2.764133967645588,-4.0598005270802595,-4.70803967086777,0.0,0.0,0.0,0.0,1.9,2.0,-2.0,0.9,2.615191733348432,2.194145717620799,1.9538077470333093,2.6311862332585534,-1.379332213233564,-1.6055390753297871,-1.944029204152553,-2.1752431799904492,6.0,6.0,6.1,6.1
2016-11-01,0.0116318029586919,11,0.0111553898566878,0.0112142170793294,0.0112809565249456,0.0137586179104021,0.10140517010981398,0.3802546595768064,0.8007166453323222,0.8769249221471043,611.1059999999998,-846.8240000000005,4478.274000000001,-2440.3859999999986,1.2448532228022557,1.245942674936451,1.1806349235312652,1.085110153126223,-1.5,-3.7,-5.8,-6.8,-4540.716,-3348.858,3719.914,-1112.5070000000005,-0.8859415643516222,-2.219846978914841,-2.764133967645588,-4.0598005270802595,0.0,0.0,0.0,0.0,1.5,1.9,2.0,-2.0,2.931827245223495,2.615191733348432,2.194145717620799,1.9538077470333093,-0.45977092486291227,-1.379332213233564,-1.6055390753297871,-1.944029204152553,6.0,6.0,6.0,6.1
2016-12-01,0.0132965463382488,12,0.0116318029586919,0.0111553898566878,0.0112142170793294,0.0112809565249456,-0.40932162017828233,0.10140517010981398,0.3802546595768064,0.8007166453323222,2422.8940000000002,611.1059999999998,-846.8240000000005,4478.274000000001,1.2433083273789336,1.2448532228022557,1.245942674936451,1.1806349235312652,-2.7,-1.5,-3.7,-5.8,13377.887,-4540.716,-3348.858,3719.914,0.11043623430531113,-0.8859415643516222,-2.219846978914841,-2.764133967645588,0.0,0.0,0.0,0.0,2.6,1.5,1.9,2.0,2.881891140866699,2.931827245223495,2.615191733348432,2.194145717620799,0.11487652038733032,-0.45977092486291227,-1.379332213233564,-1.6055390753297871,6.0,6.0,6.0,6.0
2017-01-01,0.0098114220942262,1,0.0132965463382488,0.0116318029586919,0.0111553898566878,0.0112142170793294,1.646826289157488,-0.40932162017828233,0.10140517010981398,0.3802546595768064,731.0579999999973,2422.8940000000002,611.1059999999998,-846.8240000000005,1.2717385547423632,1.2433083273789336,1.2448532228022557,1.245942674936451,1.8,-2.7,-1.5,-3.7,-17476.828,13377.887,-4540.716,-3348.858,3.080551622799721,0.11043623430531113,-0.8859415643516222,-2.219846978914841,0.0,0.0,0.0,0.0,-0.5,2.6,1.5,1.9,2.838565024149098,2.881891140866699,2.931827245223495,2.615191733348432,1.0338977795179893,0.11487652038733032,-0.45977092486291227,-1.379332213233564,6.0,6.0,6.0,6.0
2017-02-01,0.0103863625753639,2,0.0098114220942262,0.0132965463382488,0.0116318029586919,0.0111553898566878,0.8555327608748442,1.646826289157488,-0.40932162017828233,0.10140517010981398,-579.8119999999981,731.0579999999973,2422.8940000000002,611.1059999999998,1.3014471865863797,1.2717385547423632,1.2433083273789336,1.2448532228022557,5.0,1.8,-2.7,-1.5,18445.337,-17476.828,13377.887,-4540.716,5.0783538209878465,3.080551622799721,0.11043623430531113,-0.8859415643516222,0.0,0.0,0.0,0.0,-0.1,-0.5,2.6,1.5,3.0825507321706525,2.838565024149098,2.881891140866699,2.931827245223495,2.296312150844937,1.0338977795179893,0.11487652038733032,-0.45977092486291227,5.9,6.0,6.0,6.0
2017-03-01,0.0088969769204814,3,0.0103863625753639,0.0098114220942262,0.0132965463382488,0.0116318029586919,0.42117255877105464,0.8555327608748442,1.646826289157488,-0.40932162017828233,-669.0249999999978,-579.8119999999981,731.0579999999973,2422.8940000000002,1.2654624295592498,1.3014471865863797,1.2717385547423632,1.2433083273789336,6.3,5.0,1.8,-2.7,-5628.557,18445.337,-17476.828,13377.887,6.518043835229559,5.0783538209878465,3.080551622799721,0.11043623430531113,0.0,0.0,0.0,0.0,0.8,-0.1,-0.5,2.6,2.9857016358889155,3.0825507321706525,2.838565024149098,2.881891140866699,2.9887282006180627,2.296312150844937,1.0338977795179893,0.11487652038733032,5.9,5.9,6.0,6.0
2017-04-01,0.0136489613822945,4,0.0088969769204814,0.0103863625753639,0.0098114220942262,0.0132965463382488,1.8301873127260393,0.42117255877105464,0.8555327608748442,1.646826289157488,1183.3840000000018,-669.0249999999978,-579.8119999999981,731.0579999999973,1.2887159756136413,1.2654624295592498,1.3014471865863797,1.2717385547423632,4.4,6.3,5.0,1.8,2848.215,-5628.557,18445.337,-17476.828,5.514075867880042,6.518043835229559,5.0783538209878465,3.080551622799721,0.0,0.0,0.0,0.0,1.3,0.8,-0.1,-0.5,3.2131146568895375,2.9857016358889155,3.0825507321706525,2.838565024149098,3.1019144039864166,2.9887282006180627,2.296312150844937,1.0338977795179893,5.8,5.9,5.9,6.0
2017-05-01,0.0100907496978237,5,0.0136489613822945,0.0088969769204814,0.0103863625753639,0.0098114220942262,1.8872258583849444,1.8301873127260393,0.42117255877105464,0.8555327608748442,-13821.314000000002,1183.3840000000018,-669.0249999999978,-579.8119999999981,1.2945608722890967,1.2887159756136413,1.2654624295592498,1.3014471865863797,4.4,4.4,6.3,5.0,-1413.101,2848.215,-5628.557,18445.337,5.520165134088728,5.514075867880042,6.518043835229559,5.0783538209878465,0.0,0.0,0.0,0.0,2.1,1.3,0.8,-0.1,3.090994426208127,3.2131146568895375,2.9857016358889155,3.0825507321706525,3.21128511171187,3.1019144039864166,2.9887282006180627,2.296312150844937,5.8,5.8,5.9,5.9
2017-06-01,0.0147472993035933,6,0.0100907496978237,0.0136489613822945,0.0088969769204814,0.0103863625753639,1.6752067390003234,1.8872258583849444,1.8301873127260393,0.42117255877105464,-3551.9060000000027,-13821.314000000002,1183.3840000000018,-669.0249999999978,1.277133224532001,1.2945608722890967,1.2887159756136413,1.2654624295592498,1.6,4.4,4.4,6.3,-1491.076,-1413.101,2848.215,-5628.557,3.870024124701388,5.520165134088728,5.514075867880042,6.518043835229559,0.0,0.0,0.0,0.0,4.4,2.1,1.3,0.8,3.13786569786334,3.090994426208127,3.2131146568895375,2.9857016358889155,2.7461679941387374,3.21128511171187,3.1019144039864166,2.9887282006180627,5.7,5.8,5.8,5.9
2017-07-01,0.013646755997696,7,0.0147472993035933,0.0100907496978237,0.0136489613822945,0.0088969769204814,-0.8393058638104023,1.6752067390003234,1.8872258583849444,1.8301873127260393,-1756.6470000000008,-3551.9060000000027,-13821.314000000002,1183.3840000000018,1.304941636636947,1.277133224532001,1.2945608722890967,1.2887159756136413,-0.3,1.6,4.4,4.4,494.3850000000002,-1491.076,-1413.101,2848.215,2.326974801495929,3.870024124701388,5.520165134088728,5.514075867880042,0.0,0.0,0.0,0.0,2.2,4.4,2.1,1.3,3.6906479849557527,3.13786569786334,3.090994426208127,3.2131146568895375,2.5144181801024956,2.7461679941387374,3.21128511171187,3.1019144039864166,5.7,5.7,5.8,5.8
2017-08-01,0.0140730092802909,8,0.013646755997696,0.0147472993035933,0.0100907496978237,0.0136489613822945,-1.5112037155589064,-0.8393058638104023,1.6752067390003234,1.8872258583849444,-1796.357,-1756.6470000000008,-3551.9060000000027,-13821.314000000002,1.4159084686070855,1.304941636636947,1.277133224532001,1.2945608722890967,0.4,-0.3,1.6,4.4,11443.221000000001,494.3850000000002,-1491.076,-1413.101,1.7758513300979217,2.326974801495929,3.870024124701388,5.520165134088728,0.0,0.0,0.0,0.0,4.4,2.2,4.4,2.1,3.698791912390753,3.6906479849557527,3.13786569786334,3.090994426208127,2.396007374714504,2.5144181801024956,2.7461679941387374,3.21128511171187,5.7,5.7,5.7,5.8
2017-09-01,0.0142789763223927,9,0.0140730092802909,0.013646755997696,0.0147472993035933,0.0100907496978237,-1.2337067951147418,-1.5112037155589064,-0.8393058638104023,1.6752067390003234,709.0889999999999,-1796.357,-1756.6470000000008,-3551.9060000000027,1.3411711249251113,1.4159084686070855,1.304941636636947,1.277133224532001,1.8,0.4,-0.3,1.6,6000.221,11443.221000000001,494.3850000000002,-1491.076,1.8878961597469157,1.7758513300979217,2.326974801495929,3.870024124701388,0.0,0.0,0.0,0.0,4.9,4.4,2.2,4.4,3.75855123485902,3.698791912390753,3.6906479849557527,3.13786569786334,2.6242236060290303,2.396007374714504,2.5144181801024956,2.7461679941387374,5.6,5.7,5.7,5.7
2017-10-01,0.0102673208740329,10,0.0142789763223927,0.0140730092802909,0.013646755997696,0.0147472993035933,-0.6282169288022388,-1.2337067951147418,-1.5112037155589064,-0.8393058638104023,2526.993000000002,709.0889999999999,-1796.357,-1756.6470000000008,1.2848532051988215,1.3411711249251113,1.4159084686070855,1.304941636636947,2.3,1.8,0.4,-0.3,-5616.548999999999,6000.221,11443.221000000001,494.3850000000002,2.767193720332095,1.8878961597469157,1.7758513300979217,2.326974801495929,0.0,0.0,0.0,0.0,4.5,4.9,4.4,2.2,3.8189651463790497,3.75855123485902,3.698791912390753,3.6906479849557527,3.189336377595353,2.6242236060290303,2.396007374714504,2.5144181801024956,5.6,5.6,5.7,5.7
2017-11-01,0.0123211592745704,11,0.0102673208740329,0.0142789763223927,0.0140730092802909,0.013646755997696,-0.5086035458388594,-0.6282169288022388,-1.2337067951147418,-1.5112037155589064,-1205.6359999999986,2526.993000000002,709.0889999999999,-1796.357,1.2679394570374924,1.2848532051988215,1.3411711249251113,1.4159084686070855,0.8,2.3,1.8,0.4,4472.134,-5616.548999999999,6000.221,11443.221000000001,2.417700178368598,2.767193720332095,1.8878961597469157,1.7758513300979217,0.0,0.0,0.0,0.0,1.8,4.5,4.9,4.4,3.851476248874519,3.8189651463790497,3.75855123485902,3.698791912390753,2.839486621614906,3.189336377595353,2.6242236060290303,2.396007374714504,5.6,5.6,5.6,5.7
2017-12-01,0.0125567077293471,12,0.0123211592745704,0.0102673208740329,0.0142789763223927,0.0140730092802909,-0.7468990619946325,-0.5086035458388594,-0.6282169288022388,-1.2337067951147418,918.0469999999987,-1205.6359999999986,2526.993000000002,709.0889999999999,1.2866802574089675,1.2679394570374924,1.2848532051988215,1.3411711249251113,3.3,0.8,2.3,1.8,-3072.112000000001,4472.134,-5616.548999999999,6000.221,2.3992426743220996,2.417700178368598,2.767193720332095,1.8878961597469157,0.0,0.0,0.0,0.0,6.1,1.8,4.5,4.9,3.9296305346578464,3.851476248874519,3.8189651463790497,3.75855123485902,2.4944604023996675,2.839486621614906,3.189336377595353,2.6242236060290303,5.5,5.6,5.6,5.6
2018-01-01,0.0131049982303768,1,0.0125567077293471,0.0123211592745704,0.0102673208740329,0.0142789763223927,-1.0390984298270567,-0.7468990619946325,-0.5086035458388594,-0.6282169288022388,2110.7140000000036,918.0469999999987,-1205.6359999999986,2526.993000000002,1.2963060552257488,1.2866802574089675,1.2679394570374924,1.2848532051988215,1.1,3.3,0.8,2.3,18437.977,-3072.112000000001,4472.134,-5616.548999999999,0.6479504310986428,2.3992426743220996,2.417700178368598,2.767193720332095,0.0,0.0,0.0,0.0,7.8,6.1,1.8,4.5,4.1289923932412265,3.9296305346578464,3.851476248874519,3.8189651463790497,2.2599831917240465,2.4944604023996675,2.839486621614906,3.189336377595353,5.5,5.5,5.6,5.6
2018-02-01,0.0127135994646856,2,0.0131049982303768,0.0125567077293471,0.0123211592745704,0.0102673208740329,-0.911637082811545,-1.0390984298270567,-0.7468990619946325,-0.5086035458388594,7550.424999999999,2110.7140000000036,918.0469999999987,-1205.6359999999986,1.4781549197726562,1.2963060552257488,1.2866802574089675,1.2679394570374924,0.7,1.1,3.3,0.8,-7248.879999999999,18437.977,-3072.112000000001,4472.134,0.6437790474848271,0.6479504310986428,2.3992426743220996,2.417700178368598,0.0,0.0,0.0,0.0,5.6,7.8,6.1,1.8,4.235460654143353,4.1289923932412265,3.9296305346578464,3.851476248874519,2.1337137388131033,2.2599831917240465,2.4944604023996675,2.839486621614906,5.4,5.5,5.5,5.6
2018-03-01,0.0148399501824441,3,0.0127135994646856,0.0131049982303768,0.0125567077293471,0.0123211592745704,-1.932014353408107,-0.911637082811545,-1.0390984298270567,-0.7468990619946325,1324.4840000000004,7550.424999999999,2110.7140000000036,918.0469999999987,1.4384506760286797,1.4781549197726562,1.2963060552257488,1.2866802574089675,0.2,0.7,1.1,3.3,15101.821,-7248.879999999999,18437.977,-3072.112000000001,-0.5361943141385161,0.6437790474848271,0.6479504310986428,2.3992426743220996,0.0,0.0,0.0,0.0,2.5,5.6,7.8,6.1,4.232337879486003,4.235460654143353,4.1289923932412265,3.9296305346578464,1.7957833867660256,2.1337137388131033,2.2599831917240465,2.4944604023996675,5.4,5.4,5.5,5.5
2018-04-01,0.0105697178555388,4,0.0148399501824441,0.0127135994646856,0.0131049982303768,0.0125567077293471,-2.2664563099500157,-1.932014353408107,-0.911637082811545,-1.0390984298270567,603.872999999996,1324.4840000000004,7550.424999999999,2110.7140000000036,1.3755623629071678,1.4384506760286797,1.4781549197726562,1.2963060552257488,0.3,0.2,0.7,1.1,-16155.282,15101.821,-7248.879999999999,18437.977,-0.3224075871752774,-0.5361943141385161,0.6437790474848271,0.6479504310986428,0.0,0.0,0.0,0.0,4.3,2.5,5.6,7.8,4.21478723582247,4.232337879486003,4.235460654143353,4.1289923932412265,1.793770068666678,1.7957833867660256,2.1337137388131033,2.2599831917240465,5.3,5.4,5.4,5.5
2018-05-01,0.0157200492766129,5,0.0105697178555388,0.0148399501824441,0.0127135994646856,0.0131049982303768,-2.1782799121297103,-2.2664563099500157,-1.932014353408107,-0.911637082811545,11058.630000000001,603.872999999996,1324.4840000000004,7550.424999999999,1.4170231915459297,1.3755623629071678,1.4384506760286797,1.4781549197726562,1.2,0.3,0.2,0.7,-5184.495,-16155.282,15101.821,-7248.879999999999,0.42872520116201684,-0.3224075871752774,-0.5361943141385161,0.6437790474848271,0.0,0.0,0.0,0.0,2.1,4.3,2.5,5.6,4.203199994631923,4.21478723582247,4.232337879486003,4.235460654143353,1.9005602811904332,1.793770068666678,1.7957833867660256,2.1337137388131033,5.3,5.3,5.4,5.4
2018-06-01,0.0115822317566642,6,0.0157200492766129,0.0105697178555388,0.0148399501824441,0.0127135994646856,-0.8076132850810325,-2.1782799121297103,-2.2664563099500157,-1.932014353408107,2386.0850000000028,11058.630000000001,603.872999999996,1324.4840000000004,1.446916230290185,1.4170231915459297,1.3755623629071678,1.4384506760286797,4.7,1.2,0.3,0.2,-1967.4679999999998,-5184.495,-16155.282,15101.821,2.8863575053334145,0.42872520116201684,-0.3224075871752774,-0.5361943141385161,0.0,0.0,0.0,0.0,3.6,2.1,4.3,2.5,4.040533534684521,4.203199994631923,4.21478723582247,4.232337879486003,2.452742799621266,1.9005602811904332,1.793770068666678,1.7957833867660256,5.2,5.3,5.3,5.4
2018-07-01,0.0121718079881913,7,0.0115822317566642,0.0157200492766129,0.0105697178555388,0.0148399501824441,-0.5873432136977996,-0.8076132850810325,-2.1782799121297103,-2.2664563099500157,7086.9389999999985,2386.0850000000028,11058.630000000001,603.872999999996,1.3328727582093691,1.446916230290185,1.4170231915459297,1.3755623629071678,6.0,4.7,1.2,0.3,9827.730000000001,-1967.4679999999998,-5184.495,-16155.282,4.2879023059233745,2.8863575053334145,0.42872520116201684,-0.3224075871752774,0.0,0.0,0.0,0.0,3.2,3.6,2.1,4.3,4.187443179046646,4.040533534684521,4.203199994631923,4.21478723582247,2.7825946654877143,2.452742799621266,1.9005602811904332,1.793770068666678,5.2,5.2,5.3,5.3
2018-08-01,0.0118630576824321,8,0.0121718079881913,0.0115822317566642,0.0157200492766129,0.0105697178555388,-0.44630405326682165,-0.5873432136977996,-0.8076132850810325,-2.1782799121297103,-1702.9370000000017,7086.9389999999985,2386.0850000000028,11058.630000000001,1.320203146038601,1.3328727582093691,1.446916230290185,1.4170231915459297,6.3,6.0,4.7,1.2,879.7110000000002,9827.730000000001,-1967.4679999999998,-5184.495,4.726980947672388,4.2879023059233745,2.8863575053334145,0.42872520116201684,0.0,0.0,0.0,0.0,0.4,3.2,3.6,2.1,4.1473296208137,4.187443179046646,4.040533534684521,4.203199994631923,2.889089828538882,2.7825946654877143,2.452742799621266,1.9005602811904332,5.2,5.2,5.2,5.3
2018-09-01,0.0115083436695631,9,0.0118630576824321,0.0121718079881913,0.0115822317566642,0.0157200492766129,0.2711781246823364,-0.44630405326682165,-0.5873432136977996,-0.8076132850810325,870.9310000000005,-1702.9370000000017,7086.9389999999985,2386.0850000000028,1.3368131766471336,1.320203146038601,1.3328727582093691,1.446916230290185,6.6,6.3,6.0,4.7,-4900.098999999999,879.7110000000002,9827.730000000001,-1967.4679999999998,4.726980947672388,4.726980947672388,4.2879023059233745,2.8863575053334145,0.0,0.0,0.0,0.0,-0.8,0.4,3.2,3.6,4.03431754187249,4.1473296208137,4.187443179046646,4.040533534684521,2.995232228335176,2.889089828538882,2.7825946654877143,2.452742799621266,5.1,5.2,5.2,5.2
2018-10-01,0.016195096166915,10,0.0115083436695631,0.0118630576824321,0.0121718079881913,0.0115822317566642,-0.12055508749320154,0.2711781246823364,-0.44630405326682165,-0.5873432136977996,-4029.3100000000013,870.9310000000005,-1702.9370000000017,7086.9389999999985,1.2395461068530622,1.3368131766471336,1.320203146038601,1.3328727582093691,7.3,6.6,6.3,6.0,1536.5060000000012,-4900.098999999999,879.7110000000002,9827.730000000001,4.274154837727107,4.726980947672388,4.726980947672388,4.2879023059233745,0.0,0.0,0.0,0.0,-0.5,-0.8,0.4,3.2,4.18403440182491,4.03431754187249,4.1473296208137,4.187443179046646,3.090753746307673,2.995232228335176,2.889089828538882,2.7825946654877143,5.1,5.1,5.2,5.2
2018-11-01,0.012278069954914,11,0.016195096166915,0.0115083436695631,0.0118630576824321,0.0121718079881913,0.27150192698428555,-0.12055508749320154,0.2711781246823364,-0.44630405326682165,2288.829999999998,-4029.3100000000013,870.9310000000005,-1702.9370000000017,1.2587531716993894,1.2395461068530622,1.3368131766471336,1.320203146038601,8.5,7.3,6.6,6.3,88.50300000000016,1536.5060000000012,-4900.098999999999,879.7110000000002,4.666806508367927,4.274154837727107,4.726980947672388,4.726980947672388,0.0,0.0,0.0,0.0,0.8,-0.5,-0.8,0.4,3.9713308178670914,4.18403440182491,4.03431754187249,4.1473296208137,3.1958642680094407,3.090753746307673,2.995232228335176,2.889089828538882,5.1,5.1,5.1,5.2
2018-12-01,0.0118378440387942,12,0.012278069954914,0.016195096166915,0.0115083436695631,0.0118630576824321,0.4110091471583033,0.27150192698428555,-0.12055508749320154,0.2711781246823364,-3959.8279999999977,2288.829999999998,-4029.3100000000013,870.9310000000005,1.2636558265462838,1.2587531716993894,1.2395461068530622,1.3368131766471336,8.7,8.5,7.3,6.6,12979.333999999999,88.50300000000016,1536.5060000000012,-4900.098999999999,2.972618026520113,4.666806508367927,4.274154837727107,4.726980947672388,0.0,0.0,0.0,0.0,-4.4,0.8,-0.5,-0.8,3.747125384467509,3.9713308178670914,4.18403440182491,4.03431754187249,3.304265362635306,3.1958642680094407,3.090753746307673,2.995232228335176,5.0,5.1,5.1,5.1
2019-01-01,0.0131070208280297,1,0.0118378440387942,0.012278069954914,0.016195096166915,0.0115083436695631,0.8781910816940908,0.4110091471583033,0.27150192698428555,-0.12055508749320154,-3020.2920000000013,-3959.8279999999977,2288.829999999998,-4029.3100000000013,1.186306635772283,1.2636558265462838,1.2587531716993894,1.2395461068530622,4.9,8.7,8.5,7.3,36854.739,12979.333999999999,88.50300000000016,1536.5060000000012,1.6017427331662226,2.972618026520113,4.666806508367927,4.274154837727107,0.0,0.0,0.0,0.0,-2.6,-4.4,0.8,-0.5,3.780974915088997,3.747125384467509,3.9713308178670914,4.18403440182491,2.754995176823094,3.304265362635306,3.1958642680094407,3.090753746307673,5.0,5.0,5.1,5.1
2019-02-01,0.0127383343314253,2,0.0131070208280297,0.0118378440387942,0.012278069954914,0.016195096166915,1.1150295743226124,0.8781910816940908,0.4110091471583033,0.27150192698428555,-2046.7230000000018,-3020.2920000000013,-3959.8279999999977,2288.829999999998,1.0394290715456833,1.186306635772283,1.2636558265462838,1.2587531716993894,2.3,4.9,8.7,8.5,-7619.541,36854.739,12979.333999999999,88.50300000000016,0.7458745287675761,1.6017427331662226,2.972618026520113,4.666806508367927,0.0,0.0,0.0,0.0,-2.5,-2.6,-4.4,0.8,3.6560395779138943,3.780974915088997,3.747125384467509,3.9713308178670914,2.5234471178541718,2.754995176823094,3.304265362635306,3.1958642680094407,5.0,5.0,5.0,5.1
2019-03-01,0.0094969244177267,3,0.0127383343314253,0.0131070208280297,0.0118378440387942,0.012278069954914,1.8670188733203474,1.1150295743226124,0.8781910816940908,0.4110091471583033,-3077.0,-2046.7230000000018,-3020.2920000000013,-3959.8279999999977,1.007638361341634,1.0394290715456833,1.186306635772283,1.2636558265462838,2.9,2.3,4.9,8.7,2179.031000000001,-7619.541,36854.739,12979.333999999999,1.6000341346440905,0.7458745287675761,1.6017427331662226,2.972618026520113,0.0,0.0,0.0,0.0,-0.7,-2.5,-2.6,-4.4,3.8137339688359972,3.6560395779138943,3.780974915088997,3.747125384467509,2.526218908497313,2.5234471178541718,2.754995176823094,3.304265362635306,5.0,5.0,5.0,5.0
2019-04-01,0.0186686198114269,4,0.0094969244177267,0.0127383343314253,0.0131070208280297,0.0118378440387942,4.7565301657376935,1.8670188733203474,1.1150295743226124,0.8781910816940908,-342.2679999999964,-3077.0,-2046.7230000000018,-3020.2920000000013,1.0110677700174264,1.007638361341634,1.0394290715456833,1.186306635772283,4.2,2.9,2.3,4.9,-809.6970000000001,2179.031000000001,-7619.541,36854.739,1.7076188679904014,1.6000341346440905,0.7458745287675761,1.6017427331662226,0.0,0.0,0.0,0.0,-1.4,-0.7,-2.5,-2.6,4.014043287200764,3.8137339688359972,3.6560395779138943,3.780974915088997,2.4150460232283066,2.526218908497313,2.5234471178541718,2.754995176823094,5.0,5.0,5.0,5.0
2019-05-01,0.0116392488778815,5,0.0186686198114269,0.0094969244177267,0.0127383343314253,0.0131070208280297,4.726440752723704,4.7565301657376935,1.8670188733203474,1.1150295743226124,-1964.2619999999988,-342.2679999999964,-3077.0,-2046.7230000000018,0.9965193430341301,1.0110677700174264,1.007638361341634,1.0394290715456833,4.6,4.2,2.9,2.3,26865.057,-809.6970000000001,2179.031000000001,-7619.541,1.3807972966334958,1.7076188679904014,1.6000341346440905,0.7458745287675761,0.0,0.0,0.0,0.0,-2.6,-1.4,-0.7,-2.5,3.9813321955296743,4.014043287200764,3.8137339688359972,3.6560395779138943,2.515168122919409,2.4150460232283066,2.526218908497313,2.5234471178541718,4.9,5.0,5.0,5.0
2019-06-01,0.0158212915701954,6,0.0116392488778815,0.0186686198114269,0.0094969244177267,0.0127383343314253,4.954918558122934,4.726440752723704,4.7565301657376935,1.8670188733203474,122.12899999999718,-1964.2619999999988,-342.2679999999964,-3077.0,0.9287268455803854,0.9965193430341301,1.0110677700174264,1.007638361341634,4.2,4.6,4.2,2.9,6851.145,26865.057,-809.6970000000001,2179.031000000001,-0.2109705423849917,1.3807972966334958,1.7076188679904014,1.6000341346440905,0.0,0.0,0.0,0.0,-3.3,-2.6,-1.4,-0.7,4.327644442047784,3.9813321955296743,4.014043287200764,3.8137339688359972,1.8549358911132074,2.515168122919409,2.4150460232283066,2.526218908497313,5.0,4.9,5.0,5.0
2019-07-01,0.0161032128674358,7,0.0158212915701954,0.0116392488778815,0.0186686198114269,0.0094969244177267,6.422346386990263,4.954918558122934,4.726440752723704,4.7565301657376935,-8600.425,122.12899999999718,-1964.2619999999988,-342.2679999999964,0.9039357998835484,0.9287268455803854,0.9965193430341301,1.0110677700174264,2.5,4.2,4.6,4.2,-26133.24,6851.145,26865.057,-809.6970000000001,-2.0138465425359797,-0.2109705423849917,1.3807972966334958,1.7076188679904014,0.0,0.0,0.0,0.0,-4.2,-3.3,-2.6,-1.4,4.493971256020757,4.327644442047784,3.9813321955296743,4.014043287200764,1.200232629663578,1.8549358911132074,2.515168122919409,2.4150460232283066,5.0,5.0,4.9,5.0
2019-08-01,0.0141545141234882,8,0.0161032128674358,0.0158212915701954,0.0116392488778815,0.0186686198114269,7.277513363540855,6.422346386990263,4.954918558122934,4.726440752723704,4261.627,-8600.425,122.12899999999718,-1964.2619999999988,0.8675975403869884,0.9039357998835484,0.9287268455803854,0.9965193430341301,2.4,2.5,4.2,4.6,-7767.424,-26133.24,6851.145,26865.057,-2.2282088968610836,-2.0138465425359797,-0.2109705423849917,1.3807972966334958,0.0,0.0,0.0,0.0,-2.7,-4.2,-3.3,-2.6,4.474637425052741,4.493971256020757,4.327644442047784,3.9813321955296743,0.9809342961625056,1.200232629663578,1.8549358911132074,2.515168122919409,5.0,5.0,5.0,4.9
2019-09-01,0.0154115843440107,9,0.0141545141234882,0.0161032128674358,0.0158212915701954,0.0116392488778815,9.897497558401902,7.277513363540855,6.422346386990263,4.954918558122934,-1474.839,4261.627,-8600.425,122.12899999999718,0.7249309043238839,0.8675975403869884,0.9039357998835484,0.9287268455803854,0.6,2.4,2.5,4.2,-2373.58,-7767.424,-26133.24,6851.145,-2.76613380883477,-2.2282088968610836,-2.0138465425359797,-0.2109705423849917,0.0,0.0,0.0,0.0,-3.4,-2.7,-4.2,-3.3,4.678787646473559,4.474637425052741,4.493971256020757,4.327644442047784,0.3273325344968825,0.9809342961625056,1.200232629663578,1.8549358911132074,5.0,5.0,5.0,5.0
2019-10-01,0.0157519751244388,10,0.0154115843440107,0.0141545141234882,0.0161032128674358,0.0158212915701954,9.143982352366109,9.897497558401902,7.277513363540855,6.422346386990263,1844.7560000000012,-1474.839,4261.627,-8600.425,0.7315451704323905,0.7249309043238839,0.8675975403869884,0.9039357998835484,-1.1,0.6,2.4,2.5,11488.829999999998,-2373.58,-7767.424,-26133.24,-2.5425098365809973,-2.76613380883477,-2.2282088968610836,-2.0138465425359797,0.0,0.0,0.0,0.0,-3.5,-3.4,-2.7,-4.2,4.444018149692042,4.678787646473559,4.474637425052741,4.493971256020757,-0.10875476873986045,0.3273325344968825,0.9809342961625056,1.200232629663578,5.0,5.0,5.0,5.0
2019-11-01,0.0162619121692308,11,0.0157519751244388,0.0154115843440107,0.0141545141234882,0.0161032128674358,7.340060835458928,9.143982352366109,9.897497558401902,7.277513363540855,-1048.7909999999974,1844.7560000000012,-1474.839,4261.627,0.7552402676589409,0.7315451704323905,0.7249309043238839,0.8675975403869884,-2.1,-1.1,0.6,2.4,-7317.223,11488.829999999998,-2373.58,-7767.424,-3.5868824061918936,-2.5425098365809973,-2.76613380883477,-2.2282088968610836,0.0,0.0,0.0,0.0,-4.1,-3.5,-3.4,-2.7,4.64047326809478,4.444018149692042,4.678787646473559,4.474637425052741,-0.5437751300128468,-0.10875476873986045,0.3273325344968825,0.9809342961625056,5.0,5.0,5.0,5.0
2019-12-01,0.0167368848906361,12,0.0162619121692308,0.0157519751244388,0.0154115843440107,0.0141545141234882,7.644881778545987,7.340060835458928,9.143982352366109,9.897497558401902,1943.3329999999987,-1048.7909999999974,1844.7560000000012,-1474.839,0.6723422972955362,0.7552402676589409,0.7315451704323905,0.7249309043238839,-3.7,-2.1,-1.1,0.6,-26079.468999999997,-7317.223,11488.829999999998,-2373.58,-2.114243657380932,-3.5868824061918936,-2.5425098365809973,-2.76613380883477,0.0,0.0,0.0,0.0,-1.9,-4.1,-3.5,-3.4,4.73423426621693,4.64047326809478,4.444018149692042,4.678787646473559,-0.6521762246387119,-0.5437751300128468,-0.10875476873986045,0.3273325344968825,5.0,5.0,5.0,5.0
