period,Austria – Consumer Price Index > OECD Groups > All items non-food non-energy > Total – Index 2015=100 – Monthly (OECD/MEI/AUT.CPGRLE01.IXOB.M),Belgium – Consumer Price Index > OECD Groups > All items non-food non-energy > Total – Index 2015=100 – Monthly (OECD/MEI/BEL.CPGRLE01.IXOB.M),Canada – Consumer Price Index > OECD Groups > All items non-food non-energy > Total – Index 2015=100 – Monthly (OECD/MEI/CAN.CPGRLE01.IXOB.M),Switzerland – Consumer Price Index > OECD Groups > All items non-food non-energy > Total – Index 2015=100 – Monthly (OECD/MEI/CHE.CPGRLE01.IXOB.M),Chile – Consumer Price Index > OECD Groups > All items non-food non-energy > Total – Index 2015=100 – Monthly (OECD/MEI/CHL.CPGRLE01.IXOB.M),Colombia – Consumer Price Index > OECD Groups > All items non-food non-energy > Total – Index 2015=100 – Monthly (OECD/MEI/COL.CPGRLE01.IXOB.M),Costa Rica – Consumer Price Index > OECD Groups > All items non-food non-energy > Total – Index 2015=100 – Monthly (OECD/MEI/CRI.CPGRLE01.IXOB.M),Czechia – Consumer Price Index > OECD Groups > All items non-food non-energy > Total – Index 2015=100 – Monthly (OECD/MEI/CZE.CPGRLE01.IXOB.M),Germany – Consumer Price Index > OECD Groups > All items non-food non-energy > Total – Index 2015=100 – Monthly (OECD/MEI/DEU.CPGRLE01.IXOB.M),Denmark – Consumer Price Index > OECD Groups > All items non-food non-energy > Total – Index 2015=100 – Monthly (OECD/MEI/DNK.CPGRLE01.IXOB.M),Euro area (20 countries) – Consumer Price Index > OECD Groups > All items non-food non-energy > Total – Index 2015=100 – Monthly (OECD/MEI/EA20.CPGRLE01.IXOB.M),Spain – Consumer Price Index > OECD Groups > All items non-food non-energy > Total – Index 2015=100 – Monthly (OECD/MEI/ESP.CPGRLE01.IXOB.M),Estonia – Consumer Price Index > OECD Groups > All items non-food non-energy > Total – Index 2015=100 – Monthly (OECD/MEI/EST.CPGRLE01.IXOB.M),European Union – 27 countries (from 01/02/2020) – Consumer Price Index > OECD Groups > All items non-food non-energy > Total – Index 2015=100 – Monthly (OECD/MEI/EU27_2020.CPGRLE01.IXOB.M),Finland – Consumer Price Index > OECD Groups > All items non-food non-energy > Total – Index 2015=100 – Monthly (OECD/MEI/FIN.CPGRLE01.IXOB.M),France – Consumer Price Index > OECD Groups > All items non-food non-energy > Total – Index 2015=100 – Monthly (OECD/MEI/FRA.CPGRLE01.IXOB.M),G7 – Consumer Price Index > OECD Groups > All items non-food non-energy > Total – Index 2015=100 – Monthly (OECD/MEI/G-7.CPGRLE01.IXOB.M),United Kingdom – Consumer Price Index > OECD Groups > All items non-food non-energy > Total – Index 2015=100 – Monthly (OECD/MEI/GBR.CPGRLE01.IXOB.M),Greece – Consumer Price Index > OECD Groups > All items non-food non-energy > Total – Index 2015=100 – Monthly (OECD/MEI/GRC.CPGRLE01.IXOB.M),Hungary – Consumer Price Index > OECD Groups > All items non-food non-energy > Total – Index 2015=100 – Monthly (OECD/MEI/HUN.CPGRLE01.IXOB.M),Ireland – Consumer Price Index > OECD Groups > All items non-food non-energy > Total – Index 2015=100 – Monthly (OECD/MEI/IRL.CPGRLE01.IXOB.M),Iceland – Consumer Price Index > OECD Groups > All items non-food non-energy > Total – Index 2015=100 – Monthly (OECD/MEI/ISL.CPGRLE01.IXOB.M),Israel – Consumer Price Index > OECD Groups > All items non-food non-energy > Total – Index 2015=100 – Monthly (OECD/MEI/ISR.CPGRLE01.IXOB.M),Italy – Consumer Price Index > OECD Groups > All items non-food non-energy > Total – Index 2015=100 – Monthly (OECD/MEI/ITA.CPGRLE01.IXOB.M),Japan – Consumer Price Index > OECD Groups > All items non-food non-energy > Total – Index 2015=100 – Monthly (OECD/MEI/JPN.CPGRLE01.IXOB.M),Korea – Consumer Price Index > OECD Groups > All items non-food non-energy > Total – Index 2015=100 – Monthly (OECD/MEI/KOR.CPGRLE01.IXOB.M),Lithuania – Consumer Price Index > OECD Groups > All items non-food non-energy > Total – Index 2015=100 – Monthly (OECD/MEI/LTU.CPGRLE01.IXOB.M),Luxembourg – Consumer Price Index > OECD Groups > All items non-food non-energy > Total – Index 2015=100 – Monthly (OECD/MEI/LUX.CPGRLE01.IXOB.M),Latvia – Consumer Price Index > OECD Groups > All items non-food non-energy > Total – Index 2015=100 – Monthly (OECD/MEI/LVA.CPGRLE01.IXOB.M),Mexico – Consumer Price Index > OECD Groups > All items non-food non-energy > Total – Index 2015=100 – Monthly (OECD/MEI/MEX.CPGRLE01.IXOB.M),Netherlands – Consumer Price Index > OECD Groups > All items non-food non-energy > Total – Index 2015=100 – Monthly (OECD/MEI/NLD.CPGRLE01.IXOB.M),Norway – Consumer Price Index > OECD Groups > All items non-food non-energy > Total – Index 2015=100 – Monthly (OECD/MEI/NOR.CPGRLE01.IXOB.M),OECD - Total – Consumer Price Index > OECD Groups > All items non-food non-energy > Total – Index 2015=100 – Monthly (OECD/MEI/OECD.CPGRLE01.IXOB.M),OECD - Europe – Consumer Price Index > OECD Groups > All items non-food non-energy > Total – Index 2015=100 – Monthly (OECD/MEI/OECDE.CPGRLE01.IXOB.M),Poland – Consumer Price Index > OECD Groups > All items non-food non-energy > Total – Index 2015=100 – Monthly (OECD/MEI/POL.CPGRLE01.IXOB.M),Portugal – Consumer Price Index > OECD Groups > All items non-food non-energy > Total – Index 2015=100 – Monthly (OECD/MEI/PRT.CPGRLE01.IXOB.M),Slovak Republic – Consumer Price Index > OECD Groups > All items non-food non-energy > Total – Index 2015=100 – Monthly (OECD/MEI/SVK.CPGRLE01.IXOB.M),Slovenia – Consumer Price Index > OECD Groups > All items non-food non-energy > Total – Index 2015=100 – Monthly (OECD/MEI/SVN.CPGRLE01.IXOB.M),Sweden – Consumer Price Index > OECD Groups > All items non-food non-energy > Total – Index 2015=100 – Monthly (OECD/MEI/SWE.CPGRLE01.IXOB.M),Türkiye – Consumer Price Index > OECD Groups > All items non-food non-energy > Total – Index 2015=100 – Monthly (OECD/MEI/TUR.CPGRLE01.IXOB.M),United States – Consumer Price Index > OECD Groups > All items non-food non-energy > Total – Index 2015=100 – Monthly (OECD/MEI/USA.CPGRLE01.IXOB.M),South Africa – Consumer Price Index > OECD Groups > All items non-food non-energy > Total – Index 2015=100 – Monthly (OECD/MEI/ZAF.CPGRLE01.IXOB.M)
1955-01,NA,NA,NA,22.0949730420829,NA,NA,NA,NA,NA,NA,NA,NA,NA,NA,5.4219030074168,NA,NA,NA,NA,NA,NA,NA,NA,NA,16.6238410052245,NA,NA,NA,NA,NA,NA,NA,NA,NA,NA,NA,NA,NA,NA,NA,NA,NA
1955-02,NA,NA,NA,22.0328219573979,NA,NA,NA,NA,NA,NA,NA,NA,NA,NA,5.4219030074168,NA,NA,NA,NA,NA,NA,NA,NA,NA,16.6113931957089,NA,NA,NA,NA,NA,NA,NA,NA,NA,NA,NA,NA,NA,NA,NA,NA,NA
1955-03,NA,NA,NA,22.013310751808,NA,NA,NA,NA,NA,NA,NA,NA,NA,NA,5.41054788771362,NA,NA,NA,NA,NA,NA,NA,NA,NA,16.5502553284234,NA,NA,NA,NA,NA,NA,NA,NA,NA,NA,NA,NA,NA,NA,NA,NA,NA
1955-04,NA,NA,NA,22.0238604944743,NA,NA,NA,NA,NA,NA,NA,NA,NA,NA,5.47073469515486,NA,NA,NA,NA,NA,NA,NA,NA,NA,16.6908636166028,NA,NA,NA,NA,NA,NA,NA,NA,NA,NA,NA,NA,NA,NA,NA,NA,NA
1955-05,NA,NA,NA,22.1247238750195,NA,NA,NA,NA,NA,NA,NA,NA,NA,NA,5.45712519591171,NA,NA,NA,NA,NA,NA,NA,NA,NA,16.5816776437154,NA,NA,NA,NA,NA,NA,NA,NA,NA,NA,NA,NA,NA,NA,NA,NA,NA
1955-06,NA,NA,NA,22.11942231248,NA,NA,NA,NA,NA,NA,NA,NA,NA,NA,5.46284436676498,NA,NA,NA,NA,NA,NA,NA,NA,NA,16.5968991908817,NA,NA,NA,NA,NA,NA,NA,NA,NA,NA,NA,NA,NA,NA,NA,NA,NA
1955-07,NA,NA,NA,22.1246835709483,NA,NA,NA,NA,NA,NA,NA,NA,NA,NA,5.45720841791506,NA,NA,NA,NA,NA,NA,NA,NA,NA,16.5589541931228,NA,NA,NA,NA,NA,NA,NA,NA,NA,NA,NA,NA,NA,NA,NA,NA,NA
1955-08,NA,NA,NA,22.1684686881105,NA,NA,NA,NA,NA,NA,NA,NA,NA,NA,5.51175927650638,NA,NA,NA,NA,NA,NA,NA,NA,NA,16.6426034050964,NA,NA,NA,NA,NA,NA,NA,NA,NA,NA,NA,NA,NA,NA,NA,NA,NA
1955-09,NA,NA,NA,22.1915984258146,NA,NA,NA,NA,NA,NA,NA,NA,NA,NA,5.50612332765647,NA,NA,NA,NA,NA,NA,NA,NA,NA,16.7098793156653,NA,NA,NA,NA,NA,NA,NA,NA,NA,NA,NA,NA,NA,NA,NA,NA,NA
1955-10,NA,NA,NA,22.2232738104964,NA,NA,NA,NA,NA,NA,NA,NA,NA,NA,5.57259290083596,NA,NA,NA,NA,NA,NA,NA,NA,NA,16.7919065441362,NA,NA,NA,NA,NA,NA,NA,NA,NA,NA,NA,NA,NA,NA,NA,NA,NA
1955-11,NA,NA,NA,22.2416942246307,NA,NA,NA,NA,NA,NA,NA,NA,NA,NA,5.55391104762789,NA,NA,NA,NA,NA,NA,NA,NA,NA,16.4190282401574,NA,NA,NA,NA,NA,NA,NA,NA,NA,NA,NA,NA,NA,NA,NA,NA,NA
1955-12,NA,NA,NA,22.2369445969898,NA,NA,NA,NA,NA,NA,NA,NA,NA,NA,5.55165666808792,NA,NA,NA,NA,NA,NA,NA,NA,NA,16.3445029150675,NA,NA,NA,NA,NA,NA,NA,NA,NA,NA,NA,NA,NA,NA,NA,NA,NA
1956-01,NA,NA,NA,22.1342655579223,NA,NA,NA,NA,NA,NA,NA,NA,NA,NA,5.73012915487837,NA,NA,NA,NA,NA,NA,NA,NA,NA,16.4366340617119,NA,NA,NA,NA,NA,NA,NA,NA,NA,NA,NA,NA,NA,NA,NA,NA,NA
1956-02,NA,NA,NA,22.1886538001633,NA,NA,NA,NA,NA,NA,NA,NA,NA,NA,5.85850595976946,NA,NA,NA,NA,NA,NA,NA,NA,NA,16.5378479019088,NA,NA,NA,NA,NA,NA,NA,NA,NA,NA,NA,NA,NA,NA,NA,NA,NA
1956-03,NA,NA,NA,22.2323441666429,NA,NA,NA,NA,NA,NA,NA,NA,NA,NA,5.91587479278575,NA,NA,NA,NA,NA,NA,NA,NA,NA,16.5931866152726,NA,NA,NA,NA,NA,NA,NA,NA,NA,NA,NA,NA,NA,NA,NA,NA,NA
1956-04,NA,NA,NA,22.2028634432138,NA,NA,NA,NA,NA,NA,NA,NA,NA,NA,5.91362041324578,NA,NA,NA,NA,NA,NA,NA,NA,NA,16.6654076216457,NA,NA,NA,NA,NA,NA,NA,NA,NA,NA,NA,NA,NA,NA,NA,NA,NA
1956-05,NA,NA,NA,22.4113340370409,NA,NA,NA,NA,NA,NA,NA,NA,NA,NA,6.01925733911513,NA,NA,NA,NA,NA,NA,NA,NA,NA,16.613393641244,NA,NA,NA,NA,NA,NA,NA,NA,NA,NA,NA,NA,NA,NA,NA,NA,NA
1956-06,NA,NA,NA,22.4513231348663,NA,NA,NA,NA,NA,NA,NA,NA,NA,NA,6.01362139026521,NA,NA,NA,NA,NA,NA,NA,NA,NA,16.9048955564701,NA,NA,NA,NA,NA,NA,NA,NA,NA,NA,NA,NA,NA,NA,NA,NA,NA
1956-07,NA,NA,NA,22.4708343404563,NA,NA,NA,NA,NA,NA,NA,NA,NA,NA,6.08459972252464,NA,NA,NA,NA,NA,NA,NA,NA,NA,16.639157030022,NA,NA,NA,NA,NA,NA,NA,NA,NA,NA,NA,NA,NA,NA,NA,NA,NA
1956-08,NA,NA,NA,22.5451899083043,NA,NA,NA,NA,NA,NA,NA,NA,NA,NA,6.14084136577094,NA,NA,NA,NA,NA,NA,NA,NA,NA,16.7132129360874,NA,NA,NA,NA,NA,NA,NA,NA,NA,NA,NA,NA,NA,NA,NA,NA,NA
1956-09,NA,NA,NA,22.5699623723625,NA,NA,NA,NA,NA,NA,NA,NA,NA,NA,6.18290991488909,NA,NA,NA,NA,NA,NA,NA,NA,NA,16.8658399978042,NA,NA,NA,NA,NA,NA,NA,NA,NA,NA,NA,NA,NA,NA,NA,NA,NA
1956-10,NA,NA,NA,22.5910335677665,NA,NA,NA,NA,NA,NA,NA,NA,NA,NA,6.19482862947727,NA,NA,NA,NA,NA,NA,NA,NA,NA,16.8948732146289,NA,NA,NA,NA,NA,NA,NA,NA,NA,NA,NA,NA,NA,NA,NA,NA,NA
1956-11,NA,NA,NA,22.6296401581525,NA,NA,NA,NA,NA,NA,NA,NA,NA,NA,6.4356054988576,NA,NA,NA,NA,NA,NA,NA,NA,NA,16.6112715535967,NA,NA,NA,NA,NA,NA,NA,NA,NA,NA,NA,NA,NA,NA,NA,NA,NA
1956-12,NA,NA,NA,22.6371777453667,NA,NA,NA,NA,NA,NA,NA,NA,NA,NA,6.4356054988576,NA,NA,NA,NA,NA,NA,NA,NA,NA,16.7239943653507,NA,NA,NA,NA,NA,NA,NA,NA,NA,NA,NA,NA,NA,NA,NA,NA,NA
1957-01,NA,NA,NA,22.630947671855,NA,NA,NA,NA,NA,NA,NA,NA,NA,NA,6.57756216337646,NA,NA,NA,NA,NA,NA,NA,NA,NA,16.8097705385926,NA,NA,NA,NA,NA,NA,NA,NA,NA,NA,NA,NA,NA,NA,NA,11.7648758599195,NA
1957-02,NA,NA,NA,22.6284853277516,NA,NA,NA,NA,NA,NA,NA,NA,NA,NA,6.57812575826146,NA,NA,NA,NA,NA,NA,NA,NA,NA,16.74479813641,NA,NA,NA,NA,NA,NA,NA,NA,NA,NA,NA,NA,NA,NA,NA,11.7648758599195,NA
1957-03,NA,NA,NA,22.5815922451038,NA,NA,NA,NA,NA,NA,NA,NA,NA,NA,6.57868935314644,NA,NA,NA,NA,NA,NA,NA,NA,NA,16.8237991382796,NA,NA,NA,NA,NA,NA,NA,NA,NA,NA,NA,NA,NA,NA,NA,11.8474363922699,NA
1957-04,NA,NA,NA,22.6696992075874,NA,NA,NA,NA,NA,NA,NA,NA,NA,NA,6.63718537593271,NA,NA,NA,NA,NA,NA,NA,NA,NA,16.971738417267,NA,NA,NA,NA,NA,NA,NA,NA,NA,NA,NA,NA,NA,NA,NA,11.888716658445,NA
1957-05,NA,NA,NA,22.8169995507634,NA,NA,NA,NA,NA,NA,NA,NA,NA,NA,6.71041808773211,NA,NA,NA,NA,NA,NA,NA,NA,NA,17.1316148934595,NA,NA,NA,NA,NA,NA,NA,NA,NA,NA,NA,NA,NA,NA,NA,11.888716658445,NA
1957-06,NA,NA,NA,22.8238077207043,NA,NA,NA,NA,NA,NA,NA,NA,NA,NA,6.69849937314393,NA,NA,NA,NA,NA,NA,NA,NA,NA,17.054235064717,NA,NA,NA,NA,NA,NA,NA,NA,NA,NA,NA,NA,NA,NA,NA,11.9299969246202,NA
1957-07,NA,NA,NA,22.8760426699627,NA,NA,NA,NA,NA,NA,NA,NA,NA,NA,6.79503555885006,NA,NA,NA,NA,NA,NA,NA,NA,NA,17.2075040786469,NA,NA,NA,NA,NA,NA,NA,NA,NA,NA,NA,NA,NA,NA,NA,11.9299969246202,NA
1957-08,NA,NA,NA,23.0036826102548,NA,NA,NA,NA,NA,NA,NA,NA,NA,NA,6.83606014020159,NA,NA,NA,NA,NA,NA,NA,NA,NA,17.3228280948178,NA,NA,NA,NA,NA,NA,NA,NA,NA,NA,NA,NA,NA,NA,NA,11.9712771907953,NA
1957-09,NA,NA,NA,23.0432155880631,NA,NA,NA,NA,NA,NA,NA,NA,NA,NA,6.90413727603271,NA,NA,NA,NA,NA,NA,NA,NA,NA,17.2150059820731,NA,NA,NA,NA,NA,NA,NA,NA,NA,NA,NA,NA,NA,NA,NA,12.0125574569705,NA
1957-10,NA,NA,NA,23.1287262158885,NA,NA,NA,NA,NA,NA,NA,NA,NA,NA,6.93896231364933,NA,NA,NA,NA,NA,NA,NA,NA,NA,17.1428253586558,NA,NA,NA,NA,NA,NA,NA,NA,NA,NA,NA,NA,NA,NA,NA,12.0538377231456,NA
1957-11,NA,NA,NA,23.1772206566204,NA,NA,NA,NA,NA,NA,NA,NA,NA,NA,6.9508810282375,NA,NA,NA,NA,NA,NA,NA,NA,NA,16.9225337333476,NA,NA,NA,NA,NA,NA,NA,NA,NA,NA,NA,NA,NA,NA,NA,12.136398255496,NA
1957-12,NA,NA,NA,23.178270079806,NA,NA,NA,NA,NA,NA,NA,NA,NA,NA,7.02298655026691,NA,NA,NA,NA,NA,NA,NA,NA,NA,16.8937126225177,NA,NA,NA,NA,NA,NA,NA,NA,NA,NA,NA,NA,NA,NA,NA,12.136398255496,NA
1958-01,NA,NA,NA,23.1335302901408,NA,NA,NA,NA,NA,NA,NA,NA,NA,NA,7.0833805705862,NA,NA,NA,NA,NA,NA,NA,NA,NA,16.9912590941854,NA,NA,NA,NA,NA,NA,NA,NA,NA,NA,NA,NA,NA,NA,NA,12.136398255496,NA
1958-02,NA,NA,NA,23.1716906511025,NA,NA,NA,NA,NA,NA,NA,NA,NA,NA,7.07752481973114,NA,NA,NA,NA,NA,NA,NA,NA,NA,16.8374390849893,NA,NA,NA,NA,NA,NA,NA,NA,NA,NA,NA,NA,NA,NA,NA,12.136398255496,NA
1958-03,NA,NA,NA,23.171138716204,NA,NA,NA,NA,NA,NA,NA,NA,NA,NA,7.06131536789122,NA,NA,NA,NA,NA,NA,NA,NA,NA,16.795488639715,NA,NA,NA,NA,NA,NA,NA,NA,NA,NA,NA,NA,NA,NA,NA,12.1776785216711,NA
1958-04,NA,NA,NA,23.1932462564521,NA,NA,NA,NA,NA,NA,NA,NA,NA,NA,7.12594449292718,NA,NA,NA,NA,NA,NA,NA,NA,NA,16.9132357757296,NA,NA,NA,NA,NA,NA,NA,NA,NA,NA,NA,NA,NA,NA,NA,12.1776785216711,NA
1958-05,NA,NA,NA,23.454844576037,NA,NA,NA,NA,NA,NA,NA,NA,NA,NA,7.20092731894799,NA,NA,NA,NA,NA,NA,NA,NA,NA,16.9345953661794,NA,NA,NA,NA,NA,NA,NA,NA,NA,NA,NA,NA,NA,NA,NA,12.1776785216711,NA
1958-06,NA,NA,NA,23.4623570756151,NA,NA,NA,NA,NA,NA,NA,NA,NA,NA,7.2171367707879,NA,NA,NA,NA,NA,NA,NA,NA,NA,17.084602638184,NA,NA,NA,NA,NA,NA,NA,NA,NA,NA,NA,NA,NA,NA,NA,12.1776785216711,NA
1958-07,NA,NA,NA,23.4586568711598,NA,NA,NA,NA,NA,NA,NA,NA,NA,NA,7.1552232472025,NA,NA,NA,NA,NA,NA,NA,NA,NA,17.0410302094521,NA,NA,NA,NA,NA,NA,NA,NA,NA,NA,NA,NA,NA,NA,NA,12.2189587878463,NA
1958-08,NA,NA,NA,23.4782225233612,NA,NA,NA,NA,NA,NA,NA,NA,NA,NA,7.24641552506322,NA,NA,NA,NA,NA,NA,NA,NA,NA,17.2240995552163,NA,NA,NA,NA,NA,NA,NA,NA,NA,NA,NA,NA,NA,NA,NA,12.2189587878463,NA
1958-09,NA,NA,NA,23.5072057585032,NA,NA,NA,NA,NA,NA,NA,NA,NA,NA,7.25227127591828,NA,NA,NA,NA,NA,NA,NA,NA,NA,17.099823375065,NA,NA,NA,NA,NA,NA,NA,NA,NA,NA,NA,NA,NA,NA,NA,12.2189587878463,NA
1958-10,NA,NA,NA,23.4929971796517,NA,NA,NA,NA,NA,NA,NA,NA,NA,NA,7.2684807277582,NA,NA,NA,NA,NA,NA,NA,NA,NA,17.2400026272662,NA,NA,NA,NA,NA,NA,NA,NA,NA,NA,NA,NA,NA,NA,NA,12.2602390540214,NA
1958-11,NA,NA,NA,23.5040574889465,NA,NA,NA,NA,NA,NA,NA,NA,NA,NA,7.23606182407837,NA,NA,NA,NA,NA,NA,NA,NA,NA,17.0456776091805,NA,NA,NA,NA,NA,NA,NA,NA,NA,NA,NA,NA,NA,NA,NA,12.3427995863717,NA
1958-12,NA,NA,NA,23.470379072775,NA,NA,NA,NA,NA,NA,NA,NA,NA,NA,7.25227127591828,NA,NA,NA,NA,NA,NA,NA,NA,NA,17.0626019058063,NA,NA,NA,NA,NA,NA,NA,NA,NA,NA,NA,NA,NA,NA,NA,12.3427995863717,NA
1959-01,NA,NA,NA,23.3574844394939,NA,NA,NA,NA,NA,NA,NA,NA,NA,NA,7.25227127591828,NA,NA,NA,NA,NA,NA,NA,NA,NA,17.0818289005332,NA,NA,NA,NA,NA,NA,NA,NA,NA,NA,NA,NA,NA,NA,NA,12.3427995863717,NA
1959-02,NA,NA,NA,23.2937450750662,NA,NA,NA,NA,NA,NA,NA,NA,NA,NA,7.2684807277582,NA,NA,NA,NA,NA,NA,NA,NA,NA,16.9852220771091,NA,NA,NA,NA,NA,NA,NA,NA,NA,NA,NA,NA,NA,NA,NA,12.3427995863717,NA
1959-03,NA,NA,NA,23.2621655052659,NA,NA,NA,NA,NA,NA,NA,NA,NA,NA,7.25227127591828,NA,NA,NA,NA,NA,NA,NA,NA,NA,17.0682293368244,NA,NA,NA,NA,NA,NA,NA,NA,NA,NA,NA,NA,NA,NA,NA,12.3840798525469,NA
1959-04,NA,NA,NA,23.1882932831646,NA,NA,NA,NA,NA,NA,NA,NA,NA,NA,7.25676922604807,NA,NA,NA,NA,NA,NA,NA,NA,NA,17.1913133797816,NA,NA,NA,NA,NA,NA,NA,NA,NA,NA,NA,NA,NA,NA,NA,12.3840798525469,NA
1959-05,NA,NA,NA,23.2764656470513,NA,NA,NA,NA,NA,NA,NA,NA,NA,NA,7.25676922604807,NA,NA,NA,NA,NA,NA,NA,NA,NA,17.1442856884703,NA,NA,NA,NA,NA,NA,NA,NA,NA,NA,NA,NA,NA,NA,NA,12.425360118722,NA
1959-06,NA,NA,NA,23.258045232917,NA,NA,NA,NA,NA,NA,NA,NA,NA,NA,7.26262497690314,NA,NA,NA,NA,NA,NA,NA,NA,NA,17.2487830682979,NA,NA,NA,NA,NA,NA,NA,NA,NA,NA,NA,NA,NA,NA,NA,12.425360118722,NA
1959-07,NA,NA,NA,23.2569958097314,NA,NA,NA,NA,NA,NA,NA,NA,NA,NA,7.26398277762841,NA,NA,NA,NA,NA,NA,NA,NA,NA,17.282079855998,NA,NA,NA,NA,NA,NA,NA,NA,NA,NA,NA,NA,NA,NA,NA,12.4666403848972,NA
1959-08,NA,NA,NA,23.3127959086914,NA,NA,NA,NA,NA,NA,NA,NA,NA,NA,7.26398277762841,NA,NA,NA,NA,NA,NA,NA,NA,NA,17.536390987176,NA,NA,NA,NA,NA,NA,NA,NA,NA,NA,NA,NA,NA,NA,NA,12.4666403848972,NA
1959-09,NA,NA,NA,23.375540296545,NA,NA,NA,NA,NA,NA,NA,NA,NA,NA,7.32861190266437,NA,NA,NA,NA,NA,NA,NA,NA,NA,17.3641070844689,NA,NA,NA,NA,NA,NA,NA,NA,NA,NA,NA,NA,NA,NA,NA,12.5079206510724,NA
1959-10,NA,NA,NA,23.4156241450529,NA,NA,NA,NA,NA,NA,NA,NA,NA,NA,7.49478700654591,NA,NA,NA,NA,NA,NA,NA,NA,NA,17.5907900522963,NA,NA,NA,NA,NA,NA,NA,NA,NA,NA,NA,NA,NA,NA,NA,12.5904811834227,NA
1959-11,NA,NA,NA,23.4377447636426,NA,NA,NA,NA,NA,NA,NA,NA,NA,NA,7.49478700654591,NA,NA,NA,NA,NA,NA,NA,NA,NA,17.4660848361668,NA,NA,NA,NA,NA,NA,NA,NA,NA,NA,NA,NA,NA,NA,NA,12.5904811834227,NA
1959-12,NA,NA,NA,23.4203879152342,NA,NA,NA,NA,NA,NA,NA,NA,NA,NA,7.51099645838582,NA,NA,NA,NA,NA,NA,NA,NA,NA,17.4616495423428,NA,NA,NA,NA,NA,NA,NA,NA,NA,NA,NA,NA,NA,NA,NA,12.5904811834227,NA
1960-01,NA,NA,NA,23.3851473808508,NA,NA,NA,NA,NA,NA,NA,NA,NA,NA,7.48307550483578,NA,NA,NA,NA,NA,NA,NA,NA,3.68342885380997,17.6240828261574,NA,NA,NA,NA,NA,NA,NA,NA,NA,NA,NA,NA,NA,NA,NA,12.5904811834227,NA
1960-02,NA,NA,NA,23.5091274207586,NA,NA,NA,NA,NA,NA,NA,NA,NA,NA,7.4992849566757,NA,NA,NA,NA,NA,NA,NA,NA,3.68152433839398,17.6433098208843,NA,NA,NA,NA,NA,NA,NA,NA,NA,NA,NA,NA,NA,NA,NA,12.6317614495978,NA
1960-03,NA,NA,NA,23.5091274207586,NA,NA,NA,NA,NA,NA,NA,NA,NA,NA,7.57426778269651,NA,NA,NA,NA,NA,NA,NA,NA,3.67735455978844,17.5952617152823,NA,NA,NA,NA,NA,NA,NA,NA,NA,NA,NA,NA,NA,NA,NA,12.6317614495978,NA
1960-04,NA,NA,NA,23.5561011115487,NA,NA,NA,NA,NA,NA,NA,NA,NA,NA,7.55805833085659,NA,NA,NA,NA,NA,NA,NA,NA,3.67593542179486,17.7347594425547,NA,NA,NA,NA,NA,14.6140626081917,NA,NA,NA,NA,NA,NA,NA,NA,NA,12.6317614495978,NA
1960-05,NA,NA,NA,23.6858246914727,NA,NA,NA,NA,NA,NA,NA,NA,NA,NA,7.54770462987174,NA,NA,NA,NA,NA,NA,NA,NA,3.6799669237611,17.8720841908772,NA,NA,NA,NA,NA,14.4833861410314,NA,NA,NA,NA,NA,NA,NA,NA,NA,12.6317614495978,NA
1960-06,NA,NA,NA,23.7047839621641,NA,NA,NA,NA,NA,NA,NA,NA,NA,NA,7.53149517803182,NA,NA,NA,NA,NA,NA,NA,NA,3.67543639742263,17.7782906780455,NA,NA,NA,NA,NA,14.3737642036026,NA,NA,NA,NA,NA,NA,NA,NA,NA,12.6317614495978,NA
1960-07,NA,NA,NA,23.7606788118067,NA,NA,NA,NA,NA,NA,NA,NA,NA,NA,7.60647800405264,NA,NA,NA,NA,NA,NA,NA,NA,3.69211207092394,17.7686973721826,NA,NA,NA,NA,NA,14.3641968232126,NA,NA,NA,NA,NA,NA,NA,NA,NA,12.6317614495978,NA
1960-08,NA,NA,NA,23.8033600591718,NA,NA,NA,NA,NA,NA,NA,NA,NA,NA,7.62268745589256,NA,NA,NA,NA,NA,NA,NA,NA,3.70600010953962,17.9145048653706,NA,NA,NA,NA,NA,14.2947641922523,NA,NA,NA,NA,NA,NA,NA,NA,NA,12.6317614495978,NA
1960-09,NA,NA,NA,23.8518544999037,NA,NA,NA,NA,NA,NA,NA,NA,NA,NA,7.61683170503749,NA,NA,NA,NA,NA,NA,NA,NA,3.70710570010288,18.0072771539428,NA,NA,NA,NA,NA,14.3948187419067,NA,NA,NA,NA,NA,NA,NA,NA,NA,12.6317614495978,NA
1960-10,NA,NA,NA,23.8935941531073,NA,NA,NA,NA,NA,NA,NA,NA,NA,NA,7.64925060871732,NA,NA,NA,NA,NA,NA,NA,NA,3.70843720268062,18.1149804567494,NA,NA,NA,NA,NA,14.2947641922523,NA,NA,NA,NA,NA,NA,NA,NA,NA,12.7143219819481,NA
1960-11,NA,NA,NA,23.8951955111914,NA,NA,NA,NA,NA,NA,NA,NA,NA,NA,7.61683170503749,NA,NA,NA,NA,NA,NA,NA,NA,3.72072062640147,17.857385786031,NA,NA,NA,NA,NA,14.3253861097651,NA,NA,NA,NA,NA,NA,NA,NA,NA,12.7143219819481,NA
1960-12,NA,NA,NA,23.8746762506859,NA,NA,NA,NA,NA,NA,NA,NA,NA,NA,7.68595878020324,NA,NA,NA,NA,NA,NA,NA,NA,3.72874663614159,18.0112005412346,NA,NA,NA,NA,NA,14.3253861097651,NA,NA,NA,NA,NA,NA,NA,NA,NA,12.7143219819481,NA
1961-01,NA,NA,13.2081288836427,23.8315378191048,NA,NA,NA,NA,NA,NA,NA,NA,NA,NA,7.68595878020324,NA,NA,NA,NA,NA,NA,NA,NA,3.75247756449754,18.2056980924186,NA,NA,NA,NA,NA,14.3948187419067,NA,NA,NA,NA,NA,NA,NA,NA,NA,12.7143219819481,NA
1961-02,NA,NA,13.2081288836427,23.8664551598271,NA,NA,NA,NA,NA,NA,NA,NA,NA,NA,7.66389357750826,NA,NA,NA,NA,NA,NA,NA,NA,3.75434508568052,18.2950151185017,NA,NA,NA,NA,NA,14.3948187419067,NA,NA,NA,NA,NA,NA,NA,NA,NA,12.7143219819481,NA
1961-03,NA,NA,13.2081288836427,23.8691059410968,NA,NA,NA,NA,NA,NA,NA,NA,NA,NA,7.68010302934818,NA,NA,NA,NA,NA,NA,NA,NA,3.75709572625184,18.2509320772785,NA,NA,NA,NA,NA,14.2450075139731,NA,NA,NA,NA,NA,NA,NA,NA,NA,12.7143219819481,NA
1961-04,NA,NA,13.2081288836427,23.8744075036363,NA,NA,NA,NA,NA,NA,NA,NA,NA,NA,7.66389357750826,NA,NA,NA,NA,NA,NA,NA,NA,3.76418797538015,18.4994844374002,NA,NA,NA,NA,NA,14.4642513802582,NA,NA,NA,NA,NA,NA,NA,NA,NA,12.7556022481233,NA
1961-05,NA,NA,13.2411569233611,24.0754341967329,NA,NA,NA,NA,NA,NA,NA,NA,NA,NA,7.66389357750826,NA,NA,NA,NA,NA,NA,NA,NA,3.77536236769817,18.4547602547013,NA,NA,NA,NA,NA,14.673386666861,NA,NA,NA,NA,NA,NA,NA,NA,NA,12.7556022481233,NA
1961-06,NA,NA,13.2369062858104,24.1060057116177,NA,NA,NA,NA,NA,NA,NA,NA,NA,NA,7.69631248118809,NA,NA,NA,NA,NA,NA,NA,NA,3.7723016205361,18.48127785719,NA,NA,NA,NA,NA,14.633197368965,NA,NA,NA,NA,NA,NA,NA,NA,NA,12.7556022481233,NA
1961-07,NA,NA,13.203878246092,24.1502883170669,NA,NA,NA,NA,NA,NA,NA,NA,NA,NA,7.68010302934818,NA,NA,NA,NA,NA,NA,NA,NA,3.79279653089833,18.7796720292296,NA,NA,NA,NA,NA,14.4833861410314,NA,NA,NA,NA,NA,NA,NA,NA,NA,12.7968825142985,NA
1961-08,NA,NA,13.1957026578864,24.2631263753388,NA,NA,NA,NA,NA,NA,NA,NA,NA,NA,7.68010302934818,NA,NA,NA,NA,NA,NA,NA,NA,3.79776179347638,18.8877062479691,NA,NA,NA,NA,NA,14.5637647368234,NA,NA,NA,NA,NA,NA,NA,NA,NA,12.7968825142985,NA
1961-09,NA,NA,13.2329813351554,24.2868494162114,NA,NA,NA,NA,NA,NA,NA,NA,NA,NA,7.69631248118809,NA,NA,NA,NA,NA,NA,NA,NA,3.80445630063876,19.0069395098437,NA,NA,NA,NA,NA,14.5044406781542,NA,NA,NA,NA,NA,NA,NA,NA,NA,12.8381627804736,NA
1961-10,NA,NA,13.220555109399,24.3849683290031,NA,NA,NA,NA,NA,NA,NA,NA,NA,NA,7.78750475904882,NA,NA,NA,NA,NA,NA,NA,NA,3.81576896951478,19.3592176911665,NA,NA,NA,NA,NA,14.5446299760502,NA,NA,NA,NA,NA,NA,NA,NA,NA,12.8794430466488,NA
1961-11,NA,NA,13.220555109399,24.6918506158048,NA,NA,NA,NA,NA,NA,NA,NA,NA,NA,7.76543955635384,NA,NA,NA,NA,NA,NA,NA,NA,3.83616603843223,19.4147676999235,NA,NA,NA,NA,NA,14.5446299760502,NA,NA,NA,NA,NA,NA,NA,NA,NA,12.8794430466488,NA
1961-12,NA,NA,13.224480060054,24.7145645375629,NA,NA,NA,NA,NA,NA,NA,NA,NA,NA,7.76543955635384,NA,NA,NA,NA,NA,NA,NA,NA,3.84436731904467,19.6251133058659,NA,NA,NA,NA,NA,14.4948732977642,NA,NA,NA,NA,NA,NA,NA,NA,NA,12.8794430466488,NA
1962-01,NA,NA,13.1957026578864,24.7414892304049,NA,NA,NA,NA,24.3465597831851,NA,NA,NA,NA,NA,7.82421293053474,NA,NA,NA,NA,NA,NA,NA,NA,3.86809824740063,19.7211743880163,NA,NA,NA,NA,NA,14.4948732977642,NA,NA,NA,NA,NA,NA,NA,NA,NA,12.8794430466488,NA
1962-02,NA,NA,13.1957026578864,24.8313336699253,NA,NA,NA,NA,24.4189755301397,NA,NA,NA,NA,NA,7.81835717967967,NA,NA,NA,NA,NA,NA,NA,NA,3.89746873349788,19.6386365472349,NA,NA,NA,NA,NA,14.4948732977642,NA,NA,NA,NA,NA,NA,NA,NA,NA,12.8794430466488,NA
1962-03,NA,NA,13.2081288836427,24.8592130352703,NA,NA,NA,NA,24.4672014641584,NA,NA,NA,NA,NA,7.89334000570048,NA,NA,NA,NA,NA,NA,NA,NA,3.92044117215498,19.7024168120877,NA,NA,NA,NA,NA,14.6446845256977,NA,NA,NA,NA,NA,NA,NA,NA,NA,12.9207233128239,NA
1962-04,NA,NA,13.2937574999139,24.9688897456439,NA,NA,NA,NA,24.5188196368513,NA,NA,NA,NA,NA,7.96832283172129,NA,NA,NA,NA,NA,NA,NA,NA,3.94886425077191,19.9025076449407,NA,NA,NA,NA,NA,15.0429829603718,NA,NA,NA,NA,NA,NA,NA,NA,NA,12.9207233128239,NA
1962-05,NA,NA,13.3186099514265,25.1751776972089,NA,NA,NA,NA,24.5239820185653,NA,NA,NA,NA,NA,7.96832283172129,NA,NA,NA,NA,NA,NA,NA,NA,3.95246101649856,20.0560743551271,NA,NA,NA,NA,NA,14.883063152756,NA,NA,NA,NA,NA,NA,NA,NA,NA,12.9620035789991,NA
1962-06,NA,NA,13.396062979492,25.2209669100597,NA,NA,NA,NA,24.4946298239155,NA,NA,NA,NA,NA,8.05365935872696,NA,NA,NA,NA,NA,NA,NA,NA,3.96239154165466,19.9944266858164,NA,NA,NA,NA,NA,15.0219284232491,NA,NA,NA,NA,NA,NA,NA,NA,NA,12.9620035789991,NA
1962-07,NA,NA,13.3712105279793,25.2921742083509,NA,NA,NA,NA,24.5618831891561,NA,NA,NA,NA,NA,8.11243273290785,NA,NA,NA,NA,NA,NA,NA,NA,3.98678311830535,20.1967238365475,NA,NA,NA,NA,NA,14.6834952465433,NA,NA,NA,NA,NA,NA,NA,NA,NA,12.9620035789991,NA
1962-08,NA,NA,13.4610897818012,25.406197808761,NA,NA,NA,NA,24.4965536588082,NA,NA,NA,NA,NA,8.11243273290785,NA,NA,NA,NA,NA,NA,NA,NA,3.99219676407281,20.2344963010725,NA,NA,NA,NA,NA,14.7638738435166,NA,NA,NA,NA,NA,NA,NA,NA,NA,12.9620035789991,NA
1962-09,NA,NA,13.3836367537357,25.387750168897,NA,NA,NA,NA,24.4931614201342,NA,NA,NA,NA,NA,8.10657698205279,NA,NA,NA,NA,NA,NA,NA,NA,4.00359706840531,20.179668199974,NA,NA,NA,NA,NA,14.9347396085525,NA,NA,NA,NA,NA,NA,NA,NA,NA,13.0032838451742,NA
1962-10,NA,NA,13.4816915957632,25.366869539057,NA,NA,NA,NA,24.5621849284146,NA,NA,NA,NA,NA,8.19776925991352,NA,NA,NA,NA,NA,NA,NA,NA,4.02134477907644,20.3250010202356,NA,NA,NA,NA,NA,14.8653069764109,NA,NA,NA,NA,NA,NA,NA,NA,NA,13.0445641113494,NA
1962-11,NA,NA,13.4816915957632,25.4574519239855,NA,NA,NA,NA,24.6173433871873,NA,NA,NA,NA,NA,8.27275208593433,NA,NA,NA,NA,NA,NA,NA,NA,4.04360936913623,20.3018844729132,NA,NA,NA,NA,NA,14.8155502981317,NA,NA,NA,NA,NA,NA,NA,NA,NA,13.0445641113494,NA
1962-12,NA,NA,13.4816915957632,25.4990837481651,NA,NA,NA,NA,24.7379850681607,NA,NA,NA,NA,NA,8.26689633507927,NA,NA,NA,NA,NA,NA,NA,NA,4.10330744934769,20.6823058736496,NA,NA,NA,NA,NA,14.9653615260653,NA,NA,NA,NA,NA,NA,NA,NA,NA,13.0445641113494,NA
1963-01,NA,NA,13.4650147324561,25.5708299030134,NA,NA,NA,NA,25.0828065147517,NA,NA,NA,NA,NA,8.28310578691918,NA,NA,NA,NA,NA,NA,NA,NA,4.14819737724082,20.921526797609,NA,NA,NA,NA,NA,14.9850374861376,NA,NA,NA,NA,NA,NA,NA,NA,NA,13.0032838451742,NA
1963-02,NA,NA,13.4444129184941,25.7195410387094,NA,NA,NA,NA,25.2310246028878,NA,NA,NA,NA,NA,8.2610405842242,NA,NA,NA,NA,NA,NA,NA,NA,4.19661978276862,20.9825652314431,NA,NA,NA,NA,NA,15.2444706503186,NA,NA,NA,NA,NA,NA,NA,NA,NA,13.0032838451742,NA
1963-03,NA,NA,13.4650147324561,25.7221918199791,NA,NA,NA,NA,25.2361869846018,NA,NA,NA,NA,NA,8.33016765938995,NA,NA,NA,NA,NA,NA,NA,NA,4.20935158951626,21.0436036652771,NA,NA,NA,NA,NA,15.2942273297792,NA,NA,NA,NA,NA,NA,NA,NA,NA,13.0445641113494,NA
1963-04,NA,NA,13.4568391442505,25.7744670733086,NA,NA,NA,NA,25.3068325885165,NA,NA,NA,NA,NA,8.38894103357085,NA,NA,NA,NA,NA,NA,NA,NA,4.23521294566856,21.2219673710425,NA,NA,NA,NA,NA,15.4038492586354,NA,NA,NA,NA,NA,NA,NA,NA,NA,13.0858443775245,NA
1963-05,NA,NA,13.4692653700068,25.9580194917912,NA,NA,NA,NA,25.2568365114578,NA,NA,NA,NA,NA,8.38308528271579,NA,NA,NA,NA,NA,NA,NA,NA,4.23801422746336,21.4351518590178,NA,NA,NA,NA,NA,15.3248492472919,NA,NA,NA,NA,NA,NA,NA,NA,NA,13.0858443775245,NA
1963-06,NA,NA,13.4444129184941,26.0086127788943,NA,NA,NA,NA,25.1171673992626,NA,NA,NA,NA,NA,8.36687583087587,NA,NA,NA,NA,NA,NA,NA,NA,4.2480460347412,21.5772267118271,NA,NA,NA,NA,NA,15.3942818782522,NA,NA,NA,NA,NA,NA,NA,NA,NA,13.1271246436997,NA
1963-07,NA,NA,13.6362719649984,26.0634985094224,NA,NA,NA,NA,25.1603846434203,NA,NA,NA,NA,NA,8.38308528271579,NA,NA,NA,NA,NA,NA,NA,NA,4.25115742320805,21.4557412693385,NA,NA,NA,NA,NA,15.0252267840336,NA,NA,NA,NA,NA,NA,NA,NA,NA,13.1271246436997,NA
1963-08,NA,NA,13.7098000424089,26.1527093417031,NA,NA,NA,NA,25.1311861406233,NA,NA,NA,NA,NA,8.47427756057651,NA,NA,NA,NA,NA,NA,NA,NA,4.26970061789234,21.4040365735638,NA,NA,NA,NA,NA,15.1457946789029,NA,NA,NA,NA,NA,NA,NA,NA,NA,13.1684049098749,NA
1963-09,NA,NA,13.6323470143434,26.2111602219328,NA,NA,NA,NA,25.1690873112141,NA,NA,NA,NA,NA,8.51684148291749,NA,NA,NA,NA,NA,NA,NA,NA,4.29471584848279,21.8476053540368,NA,NA,NA,NA,NA,15.2961471061287,NA,NA,NA,NA,NA,NA,NA,NA,NA,13.1684049098749,NA
1963-10,NA,NA,13.6571994658561,26.3156845670611,NA,NA,NA,NA,25.3432653553259,NA,NA,NA,NA,NA,8.67716083594397,NA,NA,NA,NA,NA,NA,NA,NA,4.33317417525778,21.7291075067263,NA,NA,NA,NA,NA,15.3267690236143,NA,NA,NA,NA,NA,NA,NA,NA,NA,13.20968517605,NA
1963-11,NA,NA,13.747078719678,26.4972958694493,NA,NA,NA,NA,25.3742340011628,NA,NA,NA,NA,NA,8.67716083594397,NA,NA,NA,NA,NA,NA,NA,NA,4.35278940731515,21.6326764390028,NA,NA,NA,NA,NA,15.3267690236143,NA,NA,NA,NA,NA,NA,NA,NA,NA,13.2509654422252,NA
1963-12,NA,NA,13.747078719678,26.5162137718707,NA,NA,NA,NA,25.5863188603125,NA,NA,NA,NA,NA,8.67716083594397,NA,NA,NA,NA,NA,NA,NA,NA,4.3778046379056,21.7435016671468,NA,NA,NA,NA,NA,15.4363909536519,NA,NA,NA,NA,NA,NA,NA,NA,NA,13.2509654422252,NA
1964-01,NA,NA,13.747078719678,26.5484944738636,NA,NA,NA,NA,25.694865634818,NA,NA,NA,NA,NA,9.02865196262778,NA,NA,NA,NA,NA,NA,NA,NA,4.41769230906898,21.7974282481685,NA,NA,NA,NA,NA,15.6862567374497,NA,NA,NA,NA,NA,NA,NA,NA,NA,13.2509654422252,NA
1964-02,NA,NA,13.747078719678,26.6198771309796,NA,NA,NA,NA,25.7793762882405,NA,NA,NA,NA,NA,9.10363478864859,NA,NA,NA,NA,NA,NA,NA,NA,4.42812185859731,21.7643865845797,NA,NA,NA,NA,NA,15.6862567374497,NA,NA,NA,NA,NA,NA,NA,NA,NA,13.2509654422252,NA
1964-03,NA,NA,13.7389031314723,26.6340857098312,NA,NA,NA,NA,25.7845386699545,NA,NA,NA,NA,NA,9.16240816282949,NA,NA,NA,NA,NA,NA,NA,NA,4.44617967585919,21.822610897702,NA,NA,NA,NA,NA,15.8360679653832,NA,NA,NA,NA,NA,NA,NA,NA,NA,13.2922457084003,NA
1964-04,NA,NA,13.8412086110504,26.7933465881935,NA,NA,NA,NA,25.8172831032784,NA,NA,NA,NA,NA,9.21532578615532,NA,NA,NA,NA,NA,NA,NA,NA,4.45647094874822,22.1751936794983,NA,NA,NA,NA,NA,16.4645562311742,NA,NA,NA,NA,NA,NA,NA,NA,NA,13.2922457084003,NA
1964-05,NA,NA,13.8412086110504,26.9867182678703,NA,NA,NA,NA,25.8103505785245,NA,NA,NA,NA,NA,9.27409916033622,NA,NA,NA,NA,NA,NA,NA,NA,4.50170453625966,22.271191267491,NA,NA,NA,NA,NA,16.1242032707275,NA,NA,NA,NA,NA,NA,NA,NA,NA,13.2922457084003,NA
1964-06,NA,NA,13.8163561595377,26.955636186357,NA,NA,NA,NA,25.720677543388,NA,NA,NA,NA,NA,9.37114718905201,NA,NA,NA,NA,NA,NA,NA,NA,4.52244870624479,22.2372618613252,NA,NA,NA,NA,NA,16.1643925686235,NA,NA,NA,NA,NA,NA,NA,NA,NA,13.3335259745755,NA
1964-07,NA,NA,13.8689567360905,26.9741513511739,NA,NA,NA,NA,25.8051881968105,NA,NA,NA,NA,NA,9.37114718905201,NA,NA,NA,NA,NA,NA,NA,NA,4.54709974797817,22.1460003283666,NA,NA,NA,NA,NA,16.1950144873312,NA,NA,NA,NA,NA,NA,NA,NA,NA,13.3335259745755,NA
1964-08,NA,NA,13.8813829618469,27.0586528598848,NA,NA,NA,NA,25.8293780097463,NA,NA,NA,NA,NA,9.37114718905201,NA,NA,NA,NA,NA,NA,NA,NA,4.56688681006829,22.3341516355872,NA,NA,NA,NA,NA,16.385015020552,NA,NA,NA,NA,NA,NA,NA,NA,NA,13.2922457084003,NA
1964-09,NA,NA,13.9186616391159,27.0976339027947,NA,NA,NA,NA,25.8138908646043,NA,NA,NA,NA,NA,9.42406481237784,NA,NA,NA,NA,NA,NA,NA,NA,4.58591538217499,22.6594878280519,NA,NA,NA,NA,NA,16.5156914865106,NA,NA,NA,NA,NA,NA,NA,NA,NA,13.3335259745755,NA
1964-10,NA,NA,13.9641159045906,27.1879486048724,NA,NA,NA,NA,25.9174289492486,NA,NA,NA,NA,NA,9.44027426421776,NA,NA,NA,NA,NA,NA,NA,NA,4.60494395428169,22.9784583157604,NA,NA,NA,NA,NA,16.3658802597584,NA,NA,NA,NA,NA,NA,NA,NA,NA,13.3748062407506,NA
1964-11,NA,NA,13.9516896788343,27.2095586568335,NA,NA,NA,NA,26.0277458667939,NA,NA,NA,NA,NA,9.51525709023857,NA,NA,NA,NA,NA,NA,NA,NA,4.63350530929401,22.8423116551792,NA,NA,NA,NA,NA,16.3658802597584,NA,NA,NA,NA,NA,NA,NA,NA,NA,13.4160865069258,NA
1964-12,NA,NA,14.0291427068998,27.2374380221785,NA,NA,NA,NA,26.2570880141256,NA,NA,NA,NA,NA,9.49904763839865,NA,NA,NA,NA,NA,NA,NA,NA,4.6480033551842,22.8519461543284,NA,NA,NA,NA,NA,16.3658802597584,NA,NA,NA,NA,NA,NA,NA,NA,NA,13.4160865069258,NA
1965-01,NA,NA,14.0333933444504,27.2749658400994,NA,NA,NA,NA,26.2795020395744,NA,NA,NA,NA,NA,9.59023991625938,NA,NA,NA,NA,NA,NA,NA,NA,4.67403654096272,23.2500303164047,NA,NA,NA,NA,NA,16.3795724936172,NA,NA,NA,NA,NA,NA,NA,NA,NA,13.457366773101,NA
1965-02,NA,NA,14.0209671186941,27.4213910547157,NA,NA,NA,NA,26.3036918525102,NA,NA,NA,NA,NA,9.57403046441946,NA,NA,NA,NA,NA,NA,NA,NA,4.68614469385191,23.2067818910321,NA,NA,NA,NA,NA,16.5032255590458,NA,NA,NA,NA,NA,NA,NA,NA,NA,13.457366773101,NA
1965-03,NA,NA,14.0291427068998,27.4308913741964,NA,NA,NA,NA,26.4364284399514,NA,NA,NA,NA,NA,9.63280383860036,NA,NA,NA,NA,NA,NA,NA,NA,4.69638532568007,23.3177561770596,NA,NA,NA,NA,NA,16.6006493701928,NA,NA,NA,NA,NA,NA,NA,NA,NA,13.457366773101,NA
1965-04,NA,NA,14.1314481864779,27.5343107853287,NA,NA,NA,NA,26.4966012330324,NA,NA,NA,NA,NA,9.72399611646108,NA,NA,NA,NA,NA,NA,NA,NA,4.70268209083586,23.8078357017797,NA,NA,NA,NA,NA,16.728830267025,NA,NA,NA,NA,NA,NA,NA,NA,NA,13.4986470392761,NA
1965-05,NA,NA,14.0984201467596,27.9149839249972,NA,NA,NA,NA,26.5569220735191,NA,NA,NA,NA,NA,9.70778666462117,NA,NA,NA,NA,NA,NA,NA,NA,4.7113317544751,23.7586492088897,NA,NA,NA,NA,NA,16.7853769629157,NA,NA,NA,NA,NA,NA,NA,NA,NA,13.4986470392761,NA
1965-06,NA,NA,14.2533262028905,27.9934565774454,NA,NA,NA,NA,26.7327222132651,NA,NA,NA,NA,NA,9.76656003880207,NA,NA,NA,NA,NA,NA,NA,NA,4.719135292959,23.8167196094206,NA,NA,NA,NA,NA,16.8214956598828,NA,NA,NA,NA,NA,NA,NA,NA,NA,13.4986470392761,NA
1965-07,NA,NA,14.2242231138271,28.0588103782986,NA,NA,NA,NA,26.763690859102,NA,NA,NA,NA,NA,9.84154286482288,NA,NA,NA,NA,NA,NA,NA,NA,4.73619506147642,23.7254580764018,NA,NA,NA,NA,NA,16.7224163078476,NA,NA,NA,NA,NA,NA,NA,NA,NA,13.4986470392761,NA
1965-08,NA,NA,14.2615017910962,28.2255664162541,NA,NA,NA,NA,26.8069081032596,NA,NA,NA,NA,NA,9.84154286482288,NA,NA,NA,NA,NA,NA,NA,NA,4.74435934769324,23.8110921784024,NA,NA,NA,NA,NA,16.8724472742415,NA,NA,NA,NA,NA,NA,NA,NA,NA,13.4986470392761,NA
1965-09,NA,NA,14.2781786544032,28.2835198081968,NA,NA,NA,NA,26.8086782462995,NA,NA,NA,NA,NA,9.76656003880207,NA,NA,NA,NA,NA,NA,NA,NA,4.75842265722189,24.1116951409771,NA,NA,NA,NA,NA,16.9432356986237,NA,NA,NA,NA,NA,NA,NA,NA,NA,13.5399273054513,NA
1965-10,NA,NA,14.2906048801595,28.3517432409645,NA,NA,NA,NA,26.9449551198206,NA,NA,NA,NA,NA,9.93273514268361,NA,NA,NA,NA,NA,NA,NA,NA,4.76082619717271,24.467254432326,NA,NA,NA,NA,NA,16.9748265641805,NA,NA,NA,NA,NA,NA,NA,NA,NA,13.5812075716264,NA
1965-11,NA,NA,14.3556316824687,28.5439966100449,NA,NA,NA,NA,27.0414069878581,NA,NA,NA,NA,NA,9.94308884366846,NA,NA,NA,NA,NA,NA,NA,NA,4.77923111521769,24.2862337296276,NA,NA,NA,NA,NA,17.0436646771252,NA,NA,NA,NA,NA,NA,NA,NA,NA,13.5812075716264,NA
1965-12,NA,NA,14.4206584847778,28.592988539064,NA,NA,NA,NA,27.1810761000533,NA,NA,NA,NA,NA,9.94308884366846,NA,NA,NA,NA,NA,NA,NA,NA,4.79687754368578,24.4238732884927,NA,NA,NA,NA,NA,17.0625952704968,NA,NA,NA,NA,NA,NA,NA,NA,NA,13.6224878378016,NA
1966-01,18.3477832070664,NA,14.4206584847778,28.7085611744965,NA,NA,NA,NA,27.3500974068983,NA,NA,NA,NA,NA,9.94308884366846,NA,NA,NA,NA,NA,NA,NA,NA,4.80960935023016,24.596227877165,NA,NA,NA,NA,NA,17.365858173439,NA,NA,NA,NA,NA,NA,NA,NA,NA,13.5812075716264,NA
1966-02,18.398128429508,NA,14.4981115128433,28.832600879538,NA,NA,NA,NA,27.4294456786068,NA,NA,NA,NA,NA,9.9372330928134,NA,NA,NA,NA,NA,NA,NA,NA,4.81294665091476,24.7420082266703,NA,NA,NA,NA,NA,17.6359230837557,NA,NA,NA,NA,NA,NA,NA,NA,NA,13.6224878378016,NA
1966-03,18.4277172749693,NA,14.5631383151524,28.8626618277942,NA,NA,NA,NA,27.4949289008074,NA,NA,NA,NA,NA,10.0063601679791,NA,NA,NA,NA,NA,NA,NA,NA,4.81166578939789,24.9246172244884,NA,NA,NA,NA,NA,17.7525349814718,NA,NA,NA,NA,NA,NA,NA,NA,NA,13.6637681039767,NA
1966-04,18.4300877592344,NA,14.6572682065249,28.9090966620272,NA,NA,NA,NA,27.7241230007334,NA,NA,NA,NA,NA,10.081342994,NA,NA,NA,NA,NA,NA,NA,NA,4.82572909892654,25.2499534170132,NA,NA,NA,NA,NA,17.8760539271205,NA,NA,NA,NA,NA,NA,NA,NA,NA,13.746328636327,NA
1966-05,18.4685896863727,NA,14.6572682065249,29.3972383688662,NA,NA,NA,NA,27.7050955695116,NA,NA,NA,NA,NA,10.1239069163409,NA,NA,NA,NA,NA,NA,NA,NA,4.83202586408233,25.1907235607358,NA,NA,NA,NA,NA,17.8912060133247,NA,NA,NA,NA,NA,NA,NA,NA,NA,13.7876089025022,NA
1966-06,18.4593701224503,NA,14.7471474603467,29.3651482324374,NA,NA,NA,NA,27.7120280942655,NA,NA,NA,NA,NA,10.1239069163409,NA,NA,NA,NA,NA,NA,NA,NA,4.83415285075454,25.2629034994801,NA,NA,NA,NA,NA,17.9599584203157,NA,NA,NA,NA,NA,NA,NA,NA,NA,13.8288891686774,NA
1966-07,18.5035446328846,NA,14.7471474603467,29.3766720086692,NA,NA,NA,NA,27.7310555254873,NA,NA,NA,NA,NA,10.1180511654859,NA,NA,NA,NA,NA,NA,NA,NA,4.83769897517641,25.3444179871098,NA,NA,NA,NA,NA,17.7954630163387,NA,NA,NA,NA,NA,NA,NA,NA,NA,13.8701694348525,NA
1966-08,18.5601966971647,NA,14.7873218111432,29.4896451216948,NA,NA,NA,NA,27.7036271657302,NA,NA,NA,NA,NA,10.2150991942017,NA,NA,NA,NA,NA,NA,NA,NA,4.85198475579867,25.1730686944104,NA,NA,NA,NA,NA,17.8892677133711,NA,NA,NA,NA,NA,NA,NA,NA,NA,13.9114497010277,NA
1966-09,18.6679970738397,NA,14.8246004884122,29.5021944385475,NA,NA,NA,NA,27.6933024023022,NA,NA,NA,NA,NA,10.2887242194972,NA,NA,NA,NA,NA,NA,NA,NA,4.85938711131446,25.4479447679817,NA,NA,NA,NA,NA,17.9349301532216,NA,NA,NA,NA,NA,NA,NA,NA,NA,13.9527299672028,NA
1966-10,18.7048243759052,NA,14.8412773517192,29.5449114228377,NA,NA,NA,NA,27.7623259105827,NA,NA,NA,NA,NA,10.2873664187719,NA,NA,NA,NA,NA,NA,NA,NA,4.87273913160947,25.5782858805363,NA,NA,NA,NA,NA,17.9442540703713,NA,NA,NA,NA,NA,NA,NA,NA,NA,14.0352904995531,NA
1966-11,18.788050656315,NA,14.8537035774756,29.8752467559509,NA,NA,NA,NA,28.0468265166871,NA,NA,NA,NA,NA,10.3506377430826,NA,NA,NA,NA,NA,NA,NA,NA,4.89801382740458,25.432505531031,NA,NA,NA,NA,NA,17.9614421739669,NA,NA,NA,NA,NA,NA,NA,NA,NA,14.0765707657283,NA
1966-12,18.8300683835038,NA,14.9560090570537,29.954050362129,NA,NA,NA,NA,28.1019849754597,NA,NA,NA,NA,NA,10.4418300209433,NA,NA,NA,NA,NA,NA,NA,NA,4.94023730938396,25.665010647007,NA,NA,NA,NA,NA,17.9474562982424,NA,NA,NA,NA,NA,NA,NA,NA,NA,14.0765707657283,NA
1967-01,19.2304665232886,NA,14.9560090570537,30.0392325321272,NA,NA,NA,NA,28.1882657719221,NA,NA,NA,NA,NA,10.5109570961091,NA,NA,NA,NA,NA,NA,NA,NA,5.00376218257974,25.8840412392556,NA,NA,18.2130066548321,NA,NA,18.1059761515891,NA,NA,NA,NA,NA,NA,NA,NA,NA,14.0765707657283,NA
1967-02,19.270691747618,NA,14.9808615085664,30.0000861771383,NA,NA,NA,NA,28.20036067839,NA,NA,NA,NA,NA,10.505101345254,NA,NA,NA,NA,NA,NA,NA,NA,5.02659923056238,25.9513602564105,NA,NA,18.2071635583747,NA,NA,18.2714527244113,NA,NA,NA,NA,NA,NA,NA,NA,NA,14.1178510319035,NA
1967-03,19.3085472481842,NA,15.0874176256953,30.0219078904234,NA,NA,NA,NA,28.2606815188767,NA,NA,NA,NA,NA,10.474012324009,NA,NA,NA,NA,NA,NA,NA,NA,5.03826897226087,26.0134120769864,NA,NA,18.267759758824,NA,NA,18.380703027872,NA,NA,NA,NA,NA,NA,NA,NA,NA,14.1591312980786,NA
1967-04,19.3175569135961,NA,15.1651963406564,30.0777933038434,NA,NA,NA,NA,28.3277924811588,NA,NA,NA,NA,NA,10.474012324009,NA,NA,NA,NA,NA,NA,NA,NA,5.04454553559472,26.1866873366851,NA,NA,18.3253940357944,NA,NA,18.5150056213741,NA,NA,NA,NA,NA,NA,NA,NA,NA,14.2004115642538,NA
1967-05,19.3199464104074,NA,15.2593262320289,30.470282245129,NA,NA,NA,NA,28.3881133216454,NA,NA,NA,NA,NA,10.6135923411428,NA,NA,NA,NA,NA,NA,NA,NA,5.0585037578145,26.1037539985707,NA,NA,18.3668914361265,NA,NA,18.5193003652482,NA,NA,NA,NA,NA,NA,NA,NA,NA,14.2416918304289,NA
1967-06,19.3423006017737,NA,15.3367792600944,30.5800514588581,NA,NA,NA,NA,28.3466662205277,NA,NA,NA,NA,NA,10.6135923411428,NA,NA,NA,NA,NA,NA,NA,NA,5.07068878517518,26.0332075533742,NA,NA,18.3387570115747,NA,NA,18.5038547502473,NA,NA,NA,NA,NA,NA,NA,NA,NA,14.2829720966041,NA
1967-07,19.3594362294483,NA,15.3769536108908,30.6376253923105,NA,NA,NA,NA,28.3398817431795,NA,NA,NA,NA,NA,10.5825033198977,NA,NA,NA,NA,NA,NA,NA,NA,5.07659082428135,26.0032226779311,NA,NA,18.5343671884192,NA,NA,18.5964075394052,NA,NA,NA,NA,NA,NA,NA,NA,NA,14.3242523627792,NA
1967-08,19.3416929607959,NA,15.4501560014056,30.7392104271972,NA,NA,NA,NA,28.2642274494037,NA,NA,NA,NA,NA,10.6968500666415,NA,NA,NA,NA,NA,NA,NA,NA,5.08250571322885,26.1346332837187,NA,NA,18.5418278919458,NA,NA,18.7127619427423,NA,NA,NA,NA,NA,NA,NA,NA,NA,14.3655326289544,NA
1967-09,19.6914500429196,NA,15.499860904431,30.6744586674813,NA,NA,NA,NA,28.2763223558716,NA,NA,NA,NA,NA,10.7859635429953,NA,NA,NA,NA,NA,NA,NA,NA,5.1112576505655,26.5272893032029,NA,NA,18.6525519040119,NA,NA,18.7932911704906,NA,NA,NA,NA,NA,NA,NA,NA,NA,14.4480931613047,NA
1967-10,19.6914819839973,NA,15.5247133559437,30.657152897004,NA,NA,NA,NA,28.352278388906,NA,NA,NA,NA,NA,10.7859635429953,NA,NA,NA,NA,NA,NA,NA,NA,5.11119048251183,26.8820455605707,NA,NA,18.6699828592202,NA,NA,18.8535534414051,NA,NA,NA,NA,NA,NA,NA,NA,NA,14.530653693655,NA
1967-11,19.722408552212,NA,15.5122871301874,30.9976721863323,NA,NA,NA,NA,28.4195317541466,NA,NA,NA,NA,NA,11.1172922815166,NA,NA,NA,NA,NA,NA,NA,NA,5.12102628621823,26.8823380340222,NA,NA,18.7115798066999,NA,NA,18.8586322862167,NA,NA,NA,NA,NA,NA,NA,NA,NA,14.5719339598302,NA
1967-12,19.7367052264821,NA,15.6021663840092,31.0448383709881,NA,NA,NA,NA,28.4213018971865,NA,NA,NA,NA,NA,11.2100262918099,NA,NA,NA,NA,NA,NA,NA,NA,5.12324117376519,27.0931225194415,NA,NA,18.7382585464337,NA,NA,18.8472226789651,NA,NA,NA,NA,NA,NA,NA,NA,NA,14.6132142260053,NA
1968-01,19.759121779,NA,15.6590175981126,31.0764595548554,NA,NA,NA,NA,28.6283667775808,NA,NA,NA,NA,NA,11.4099844867858,NA,NA,NA,NA,NA,NA,NA,NA,5.13491734038434,27.242130297469,NA,NA,18.7529084709923,NA,NA,18.9881992254656,NA,NA,NA,NA,NA,NA,NA,NA,NA,14.6544944921805,NA
1968-02,19.9242487850957,NA,15.671443823869,31.1374929507081,NA,NA,NA,NA,28.743999768693,NA,NA,NA,NA,NA,11.4725719218009,NA,NA,NA,NA,NA,NA,NA,NA,5.13713865325848,27.3125024694225,NA,NA,18.8277049119321,NA,NA,19.1229923996947,NA,NA,NA,NA,NA,NA,NA,NA,NA,14.6957747583556,NA
1968-03,19.9863787441984,NA,15.7904261667542,31.080891298858,NA,NA,NA,NA,28.7525543890811,NA,NA,NA,NA,NA,11.5882114394934,NA,NA,NA,NA,NA,NA,NA,NA,5.143421641513,27.3785769088548,NA,NA,18.8444565423766,NA,NA,19.2369046629115,NA,NA,NA,NA,NA,NA,NA,NA,NA,14.778335290706,NA
1968-04,20.0623673285057,NA,15.7573981270358,31.1096597028729,NA,NA,NA,NA,28.7835286793651,NA,NA,NA,NA,NA,11.6075349072803,NA,NA,NA,NA,NA,NA,NA,NA,5.1559747681807,27.5487990137549,NA,NA,18.8948981117187,NA,NA,19.3321690906477,NA,NA,NA,NA,NA,NA,NA,NA,NA,14.8196155568811,NA
1968-05,20.1623839687503,NA,15.7740749903428,31.341220765345,NA,NA,NA,NA,28.8093405879351,NA,NA,NA,NA,NA,11.6214929089937,NA,NA,NA,NA,NA,NA,NA,NA,5.16268659887524,27.6621061106424,NA,NA,18.8910627377855,NA,NA,19.3758572023504,NA,NA,NA,NA,NA,NA,NA,NA,NA,14.8608958230563,NA
1968-06,20.2230012896742,NA,15.8639542441646,31.3387944867324,NA,NA,NA,NA,28.7678934868174,NA,NA,NA,NA,NA,11.6939656505974,NA,NA,NA,NA,NA,NA,NA,NA,5.15773511319847,27.5125883745934,NA,NA,18.9007485485876,NA,NA,19.3775996995176,NA,NA,NA,NA,NA,NA,NA,NA,NA,14.9434563554066,NA
1968-07,20.2392638612254,NA,16.0312865260519,31.3253697897111,NA,NA,NA,NA,28.811110730975,NA,NA,NA,NA,NA,11.7178089588993,NA,NA,NA,NA,NA,NA,NA,NA,5.15182664917164,27.513776068035,NA,NA,18.9204473949851,NA,NA,19.2585469022458,NA,NA,NA,NA,NA,NA,NA,NA,NA,15.0260168877569,NA
1968-08,20.2091936180933,NA,16.0881377401554,31.4265601816379,NA,NA,NA,NA,28.7594925582821,NA,NA,NA,NA,NA,11.7317669606126,NA,NA,NA,NA,NA,NA,NA,NA,5.15315815174938,27.7019273751355,NA,NA,18.9109471500562,NA,NA,19.4139394725438,NA,NA,NA,NA,NA,NA,NA,NA,NA,15.067297153932,NA
1968-09,20.4271169440919,NA,16.1005639659117,31.4556664187781,NA,NA,NA,NA,28.7802901325439,NA,NA,NA,NA,NA,11.7385223887743,NA,NA,NA,NA,NA,NA,NA,NA,5.16077906790882,28.2508843654007,NA,NA,18.9431173240608,NA,NA,19.4794399875054,NA,NA,NA,NA,NA,NA,NA,NA,NA,15.1498576862824,NA
1968-10,20.4481851268306,NA,16.1254164174244,31.5062666934049,NA,NA,NA,NA,28.8027041579926,NA,NA,NA,NA,NA,11.7758765533995,NA,NA,NA,NA,NA,NA,NA,NA,5.16439905100785,28.2801906626432,NA,NA,19.0166794313258,NA,NA,19.5779066431126,NA,NA,NA,NA,NA,NA,NA,NA,NA,15.2324182186327,NA
1968-11,20.4658485427887,NA,16.3051749250681,31.8322749635657,NA,NA,NA,NA,28.9975317289605,NA,NA,NA,NA,NA,11.7619185516861,NA,NA,NA,NA,NA,NA,NA,NA,5.17074920772255,28.3980871877134,NA,NA,19.0356349309596,NA,NA,19.5857708221672,NA,NA,NA,NA,NA,NA,NA,NA,NA,15.314978750983,NA
1968-12,20.4960184116631,NA,16.2803224735554,31.8714604758708,NA,NA,NA,NA,29.0578525694471,NA,NA,NA,NA,NA,11.7619185516861,NA,NA,NA,NA,NA,NA,NA,NA,5.18116103981762,28.3483661535644,NA,NA,19.0931706854812,NA,NA,19.6244657961866,NA,NA,NA,NA,NA,NA,NA,NA,NA,15.3562590171581,NA
1969-01,20.6017601098313,NA,16.2721468853497,31.9196868124102,NA,NA,NA,NA,29.0818886905301,NA,NA,NA,NA,NA,11.8105479849879,NA,NA,NA,NA,NA,NA,NA,NA,5.19468399508324,28.4063514325999,NA,NA,19.122619246016,NA,NA,20.3403528699554,NA,NA,NA,NA,NA,NA,NA,NA,NA,15.3975392833333,NA
1969-02,20.650011670681,NA,16.2969993368624,31.9883107069633,NA,NA,NA,NA,29.2594646177632,NA,NA,NA,NA,NA,11.8105479849879,NA,NA,NA,NA,NA,NA,NA,NA,5.20636658702957,28.3826479507628,NA,NA,19.1348185724541,NA,NA,20.5775750056595,NA,NA,NA,NA,NA,NA,NA,NA,NA,15.4800998156836,NA
1969-03,20.6622587924666,NA,16.3993048164406,31.9955327329663,NA,NA,NA,NA,29.3076905517819,NA,NA,NA,NA,NA,11.7912245172009,NA,NA,NA,NA,NA,NA,NA,NA,5.23149211594001,28.59251988842,NA,NA,19.1712401650844,NA,NA,20.7591968376169,NA,NA,NA,NA,NA,NA,NA,NA,NA,15.6039406142091,NA
1969-04,20.6935914686689,NA,16.6813688036624,31.9836435981889,NA,NA,NA,NA,29.3144750291302,NA,NA,NA,NA,NA,11.8483492950031,NA,NA,NA,NA,NA,NA,NA,NA,5.24774524400825,28.9652630446189,NA,NA,19.217721265844,NA,NA,20.9808996724093,NA,NA,NA,NA,NA,NA,NA,NA,NA,15.7277814127346,NA
1969-05,20.7659220390798,NA,16.6813688036624,32.1966214315693,NA,NA,NA,NA,29.366093201823,NA,NA,NA,NA,NA,11.8875405671065,NA,NA,NA,NA,NA,NA,NA,NA,5.25550692160221,29.0724630546001,NA,NA,19.2912550581629,NA,NA,20.9610616046828,NA,NA,NA,NA,NA,NA,NA,NA,NA,15.7690616789097,NA
1969-06,20.7469406734164,NA,16.7215431544588,32.2995202526598,NA,NA,NA,NA,29.371255583537,NA,NA,NA,NA,NA,11.897425873695,NA,NA,NA,NA,NA,NA,NA,NA,5.26334219217049,29.0911305303582,NA,NA,19.2741647203203,NA,NA,20.9471374119647,NA,NA,NA,NA,NA,NA,NA,NA,NA,15.8103419450849,NA
1969-07,20.7564355390083,NA,16.823848634037,32.2870191681918,NA,NA,NA,NA,29.3833504900049,NA,NA,NA,NA,NA,11.9325444506735,NA,NA,NA,NA,NA,NA,NA,NA,5.29216772248147,29.3970609730864,NA,NA,19.3076251681013,NA,NA,20.7264774216393,NA,NA,NA,NA,NA,NA,NA,NA,NA,15.8929024774352,NA
1969-08,20.7877644127014,NA,16.8682736223841,32.276020749783,NA,NA,NA,NA,29.354151987208,NA,NA,NA,NA,NA,11.9212691819969,NA,NA,NA,NA,NA,NA,NA,NA,5.30747672285401,29.6182495006241,NA,NA,19.2858381634426,NA,NA,20.8607800151414,NA,NA,NA,NA,NA,NA,NA,NA,NA,15.9341827436103,NA
1969-09,20.8615756802135,NA,16.9098029372038,32.3120168678183,NA,NA,NA,NA,29.3749495614697,NA,NA,NA,NA,NA,11.9280246101585,NA,NA,NA,NA,NA,NA,NA,NA,5.32093893498662,29.841421688766,NA,NA,19.3184353143841,NA,NA,20.9904943371609,NA,NA,NA,NA,NA,NA,NA,NA,NA,16.0580235421358,NA
1969-10,20.9442688488267,NA,16.9346553887165,32.3613295265039,NA,NA,NA,NA,29.4302560676481,NA,NA,NA,NA,NA,11.9739713104235,NA,NA,NA,NA,NA,NA,NA,NA,5.33846924782679,30.0335386984272,NA,NA,19.3426089480954,NA,NA,21.097670963151,NA,NA,NA,NA,NA,NA,NA,NA,NA,16.1405840744861,NA
1969-11,21.0477503354979,NA,16.9098029372038,32.5980671790873,NA,NA,NA,NA,29.4923470511746,NA,NA,NA,NA,NA,11.9874821667468,NA,NA,NA,NA,NA,NA,NA,NA,5.37173097855887,30.0044671805506,NA,NA,19.3692694036121,NA,NA,21.0558714860894,NA,NA,NA,NA,NA,NA,NA,NA,NA,16.2231446068364,NA
1969-12,21.1033551887312,NA,17.1019876706038,32.6614483427649,NA,NA,NA,NA,29.6871746221425,NA,NA,NA,NA,NA,11.9802795931951,NA,NA,NA,NA,NA,NA,NA,NA,5.38444414182959,30.2152516659699,NA,NA,19.5427272666915,NA,NA,21.0200355481945,NA,NA,NA,NA,NA,NA,NA,NA,NA,16.3057051391867,NA
1970-01,21.1332079283343,NA,17.2042931501819,32.7179351562378,NA,NA,NA,NA,30.0268336870195,13.8175354415545,NA,NA,NA,NA,12.0857344026707,15.0178028200778,16.4978625451504,8.91521495430636,1.41758423771312,NA,NA,NA,0.00148449603130666,5.4034531440092,30.9629510756829,NA,NA,19.7029131489786,NA,NA,21.0008489553567,NA,7.12684183436188,5.31886643478028,NA,1.53840967182046,NA,NA,14.1082551834289,NA,16.3469854053619,NA
1970-02,21.1991997158291,NA,17.1670144729129,32.737356761173,NA,NA,NA,NA,30.0750596210383,13.8908804115424,NA,NA,NA,NA,12.1175248048384,15.0615629708308,16.5556880108292,8.95289531298126,1.41758423771312,NA,NA,NA,0.00148740324507666,5.45599910727202,30.87033448756,NA,NA,19.8088104923287,NA,NA,21.172039739165,NA,7.15205621722772,5.34350122695827,NA,1.51519666581847,NA,NA,14.3123467743325,NA,16.4295459377122,NA
1970-03,21.2940114814152,NA,17.1673401598086,32.8454938438295,NA,NA,NA,NA,30.2129585901935,13.9737061256762,NA,NA,NA,NA,12.1493152070061,15.1043024503271,16.6637501477227,9.0056741990323,1.44302240659468,NA,NA,NA,0.00149610469740215,5.47004377312049,31.1514083959414,NA,NA,19.8544381102698,NA,NA,21.3622162223059,NA,7.19811374065627,5.36613150410873,NA,1.54509341344421,NA,NA,14.3952126523151,NA,16.5533867362377,NA
1970-04,21.3891936114021,NA,17.2323669621177,32.8610605455712,NA,NA,NA,NA,30.3853721357126,14.0262963301513,NA,NA,NA,NA,12.1551520814286,15.1800637729217,16.7596708588832,9.16194923236653,1.46537794916838,NA,NA,NA,0.00151497130343039,5.48991688469428,31.492149408529,NA,NA,19.9480955461488,NA,NA,21.4950580220975,NA,7.23892267366873,5.3909429925034,NA,1.54000612994064,NA,NA,14.4199428628857,NA,16.635947268588,NA
1970-05,21.4556272504714,NA,17.2820718651431,33.221755616873,NA,NA,NA,NA,30.3784396109587,14.1649873823633,NA,NA,NA,NA,12.1630749123355,15.2449194734588,16.8228547177494,9.20767216608707,1.45441099703626,NA,NA,NA,0.00153673502873637,5.5128946937049,31.5902620617468,NA,NA,20.069963929795,NA,NA,21.5273649238879,NA,7.26644844337644,5.40258548385738,NA,1.526165831627,NA,NA,14.4670392099211,NA,16.7185078009383,NA
1970-06,21.4805283625319,NA,17.2572194136304,33.2990926598621,NA,NA,NA,NA,30.4284356880174,14.1929719162869,NA,NA,NA,NA,12.2138651177028,15.3131718165715,16.9080672925598,9.23523854639469,1.44652659612434,NA,NA,NA,0.00154399296866911,5.52457086073058,31.6868339481139,NA,NA,20.1362327483807,NA,NA,21.5672186564568,NA,7.301686606001,5.41277572132409,NA,1.55409140445477,NA,NA,14.5174238077213,NA,16.8423485994638,NA
1970-07,21.5366480755174,NA,17.4494041470304,33.3622201892195,NA,NA,NA,NA,30.4474631192392,14.4426008515802,NA,NA,NA,NA,12.2208693948707,15.334481117478,16.9469659575697,9.31335888407937,1.43685722806544,NA,NA,NA,0.00154544657555411,5.52914782217967,31.7387413451133,NA,NA,20.2081449656693,NA,NA,21.6126962878835,NA,7.31906191451332,5.41814518113268,NA,1.56960535557484,NA,NA,14.5982932735911,NA,16.8836288656389,NA
1970-08,21.6842865810803,NA,17.4369779212741,33.4227520044492,NA,NA,NA,NA,30.435516260177,14.4674283248225,NA,NA,NA,NA,12.2367898722656,15.3852483045044,16.9689847455512,9.34062296960552,1.41450161040408,NA,NA,NA,0.00154399296866911,5.54039514676532,31.6923300233052,NA,NA,20.1685832486072,NA,NA,21.7504936023346,NA,7.32999154671511,5.42582237511719,NA,1.58620350760191,NA,NA,14.6587902043405,NA,16.9249091318141,NA
1970-09,21.7964195367923,NA,17.3968035704776,33.6004661958794,NA,NA,NA,NA,30.4874361721284,14.5596806527024,NA,NA,NA,NA,12.2291401533238,15.4375381059958,17.0859864578316,9.38257540520522,1.44302240659468,NA,NA,NA,0.00160494351291656,5.58348625587661,32.0997890765833,NA,NA,20.3005295279559,NA,NA,21.9686261447564,NA,7.38013167500783,5.45090753902647,NA,1.60782005548371,NA,NA,14.7002440811864,NA,17.0487499303396,NA
1970-10,21.8651917190491,NA,17.4216560219903,33.7052897149595,NA,NA,NA,NA,30.6306455704034,14.6027853319808,NA,NA,NA,NA,12.2520386182233,15.495433206979,17.2107235600045,9.46316922096378,1.46537794916838,NA,NA,NA,0.00163831590431803,5.61312800310314,32.524029390598,NA,NA,20.33649287779,NA,NA,22.0965124236787,NA,7.43406303275472,5.47678850626198,NA,1.61194821805956,NA,NA,14.7875779459257,NA,17.172590728865,NA
1970-11,21.9452740848127,NA,17.4507591110537,34.1380166005228,NA,NA,NA,NA,30.7478950127027,14.6980814286711,NA,NA,NA,NA,12.2694238732876,15.5601215931133,17.3119875069288,9.53224647524424,1.47017979785893,NA,NA,NA,0.001660079629624,5.66167945863273,32.5929010034808,NA,NA,20.3783470414681,NA,NA,22.1625035886513,NA,7.47756393636424,5.50825654735449,NA,1.62375958203481,NA,NA,14.8601800348398,NA,17.2964315273905,NA
1970-12,22.038492599024,NA,17.3733060829882,34.2552570052658,NA,NA,NA,NA,30.9669123966063,14.6825624962531,NA,NA,NA,NA,12.3060072279353,15.6038817438663,17.3952473530836,9.59781782159328,1.47984916591782,NA,NA,NA,0.00166444045027901,5.67748446949897,32.8119348124621,NA,NA,20.4355845840645,NA,NA,22.217915347498,NA,7.51253965171755,5.53545902648524,NA,1.6341946800059,NA,NA,14.9825159237853,NA,17.3789920597408,NA
1971-01,22.0555438109932,NA,17.4550097486043,34.3876567064563,NA,NA,NA,NA,31.2910843163413,14.6825624962531,NA,NA,NA,NA,12.4344110549326,15.7051559300773,17.4742154094111,9.71069802495111,1.48443147527187,NA,NA,NA,0.00167749262876724,5.73628999730507,33.0471421855688,NA,NA,20.5592825785895,NA,NA,22.4713642911843,NA,7.55633790204463,5.58733431254736,NA,1.66592840898306,NA,NA,15.4000744186278,NA,17.3789920597408,NA
1971-02,22.2060722235846,NA,17.5367134142205,34.5249886943675,NA,NA,NA,NA,31.5428404891217,14.6857243379854,NA,NA,NA,NA,12.5261567117009,15.7726013530557,17.5119335789696,9.75880395068311,1.45125078714095,NA,NA,NA,0.00166733756955675,5.76330722231497,33.0160827501821,NA,NA,20.6930745715502,NA,NA,22.84212010764,NA,7.57916858976261,5.62197759348679,NA,1.69113543413594,NA,NA,15.414714953223,NA,17.3789920597408,NA
1971-03,22.2817543256466,NA,17.5242871884641,34.7528460196127,NA,NA,NA,NA,31.675577076563,14.6980814286711,NA,NA,NA,NA,12.5702663044878,15.8254098825954,17.5710396299699,9.81694514756647,1.47984916591782,NA,NA,NA,0.00167749262876724,5.7881756866374,33.2009244926744,NA,NA,20.8763315108558,NA,NA,22.9950978642258,NA,7.6096012666513,5.65240493756856,NA,1.72952031386232,NA,NA,15.4499444249531,NA,17.420272325916,NA
1971-04,22.4356806605018,NA,17.6589171175288,34.8082943821552,NA,NA,NA,NA,31.894446413061,14.8460810217074,NA,NA,NA,NA,12.6833708329051,15.9187027979958,17.6842274232693,10.0287983922224,1.49451307766003,NA,NA,NA,0.00169926644856547,5.80225400211948,33.7077885363348,NA,NA,20.904326417232,NA,NA,23.3204166632222,NA,7.66305171759506,5.70588748935849,NA,1.76602318730862,NA,NA,15.4154033873897,NA,17.4615525920911,NA
1971-05,22.5339238104332,NA,17.6464908917724,35.3102481733433,NA,NA,NA,NA,31.9633218739357,15.0831215015222,NA,NA,NA,NA,12.7146898267238,16.0125608781639,17.7887463929165,10.0874978869318,1.50917691231223,NA,NA,NA,0.00170652438849822,5.84178812899991,33.9330424568437,NA,NA,21.0471547920271,NA,NA,23.428207583347,NA,7.70791318274079,5.74015643211063,NA,1.78067493326076,NA,NA,15.3687914662987,NA,17.5853933906166,NA
1971-06,22.6752060415374,NA,17.7487963713506,35.3510751476506,NA,NA,NA,NA,32.1133157495589,15.1261176699807,NA,NA,NA,NA,13.0076095663208,16.0657040365092,17.8629496470448,10.1452473300181,1.48057853253419,NA,NA,NA,0.00172248378075645,5.84437803154749,34.0331476663783,NA,NA,21.1056099788172,NA,NA,23.4586321586384,NA,7.7381958487886,5.7595457087532,NA,1.79869279805786,NA,NA,15.416993116669,NA,17.6679539229669,NA
1971-07,22.8071204108586,NA,17.8912762017252,35.5635033483891,NA,NA,NA,NA,32.270242149936,15.1480735777341,NA,NA,NA,NA,13.0646837915008,16.1436740160199,17.9256368585602,10.2059927331482,1.48131401328948,NA,NA,NA,0.0017268345069192,5.86618824026201,34.1259328930873,NA,NA,21.1229918343992,NA,NA,23.4752536532072,NA,7.78030310760935,5.80384002285649,NA,1.8006301016183,NA,NA,15.470985435319,NA,17.7092341891421,NA
1971-08,22.8829683023238,NA,18.0337560320998,35.6439867760524,NA,NA,NA,NA,32.3341089209496,15.1846375519082,NA,NA,NA,NA,13.1886669958269,16.1978378456219,17.942688462972,10.2223911478817,1.45125078714095,NA,NA,NA,0.00173118523308194,5.87347091463694,34.1029221514518,NA,NA,21.1504723083787,NA,NA,23.6464444370155,NA,7.79877433780328,5.82654311469506,NA,1.8036979378794,NA,NA,15.6495465532679,NA,17.7092341891421,NA
1971-09,23.0146233405143,NA,17.981155455547,35.9390176703165,NA,NA,NA,NA,32.3979700475161,15.2610358528085,NA,NA,NA,NA,13.2648158397876,16.2722438681542,18.0297355178054,10.2478804535055,1.47984916591782,NA,NA,NA,0.00176746483825341,5.90837729530053,34.5191892617894,NA,NA,21.2552629448681,NA,NA,23.8632402394042,NA,7.8418859163067,5.8597470285086,NA,1.86799535890455,NA,NA,15.6477345046207,NA,17.7917947214924,NA
1971-10,23.07323902057,NA,18.0958871608815,36.0655787038766,NA,NA,NA,NA,32.5721537360751,15.3475354876086,NA,NA,NA,NA,13.3100422826975,16.3587434984034,18.0985145782227,10.2923946348367,1.47673178002428,NA,NA,NA,0.00180809516958762,5.93527552629483,34.712079698033,NA,NA,21.4063959639679,NA,NA,24.0517845782799,NA,7.87977850360504,5.89814480696795,NA,1.90134985615321,NA,NA,15.8432238455331,NA,17.8330749876675,NA
1971-11,23.1382193406048,NA,18.0877115726758,36.6193601004775,NA,NA,NA,NA,32.6118250497058,15.4773215671105,NA,NA,NA,NA,13.3812728059747,16.4224112132811,18.1389531880329,10.3418767239538,1.50991246915637,NA,NA,NA,0.00185163271469184,5.96560812914666,34.6846791838507,NA,NA,21.4917186698918,NA,NA,24.1383529814825,NA,7.9055182023459,5.93046396254529,NA,1.95989878189008,NA,NA,15.8164103599035,NA,17.8743552538427,NA
1971-12,23.147794058891,NA,18.152738374985,36.8333725399205,NA,NA,NA,NA,32.723912110291,15.5079606448833,NA,NA,NA,NA,13.4188252669838,16.4947758933001,18.1871926042675,10.371924951419,1.52457630380857,NA,NA,NA,0.00187049932072007,5.99180809604684,34.703384689303,NA,NA,21.5711611098217,NA,NA,24.2363371699408,NA,7.9276532007935,5.95052111927057,NA,1.90807511668338,NA,NA,15.9873899897536,NA,17.9156355200178,NA
1972-01,23.3569662901065,NA,18.2220158148448,36.9923920428072,NA,NA,NA,NA,33.0980801070847,15.5326748262547,NA,NA,NA,NA,13.2448469302267,16.5375153727964,18.2352430955556,10.4347222008651,1.52146201853535,NA,NA,NA,0.00189080943914105,6.01672245218348,34.7226183930592,NA,NA,21.6828327449806,NA,NA,24.454923905454,NA,7.95360558198398,5.98546624140657,NA,1.92833550586677,NA,NA,16.1143434651124,NA,17.9156355200178,NA
1972-02,23.5598887171222,NA,18.2994688429102,37.1802135970001,NA,NA,NA,NA,33.2222620741378,15.6035470178169,NA,NA,NA,NA,13.3261489909212,16.6347068739808,18.3068020912465,10.4844023826467,1.4882988768919,NA,NA,NA,0.0018879123198633,6.05522809012787,34.9723798122598,NA,NA,21.7452582518506,NA,NA,24.6815264469276,NA,7.98561912034316,6.01324735203487,NA,1.9702124675954,NA,NA,16.1691686795438,NA,17.956915786193,NA
1972-03,23.8046653634291,NA,18.4184511857954,37.3472754424893,NA,NA,NA,NA,33.4567666031835,15.6987346036874,NA,NA,NA,NA,13.3945346748033,16.7116561822348,18.3757797389509,10.5061283194032,1.51689177927448,NA,NA,NA,0.00191258325893928,6.06930640560994,35.209940159587,NA,NA,21.7873203705028,NA,NA,24.9380716706385,NA,8.02194905994554,6.04737815400235,NA,1.97310124441468,NA,NA,16.2326163645955,NA,17.9981960523681,NA
1972-04,23.8638453358572,NA,18.4959042138609,37.4108266591826,NA,NA,NA,NA,33.5998279540528,15.8158733162602,NA,NA,NA,NA,13.598366509271,16.7776998684314,18.4609527453219,10.6446415267622,1.57241925375523,NA,NA,NA,0.00194885276961849,6.07976632960839,35.6140577194967,NA,NA,21.8376186966612,NA,NA,25.3358649971018,NA,8.0637523145649,6.08316819012609,NA,1.97226149644816,NA,NA,16.2692575588872,NA,18.0394763185433,NA
1972-05,24.0078988357013,NA,18.5207566653736,37.8507365875923,NA,NA,NA,NA,33.5635432346491,15.9947974822617,NA,NA,NA,NA,13.7155994157585,16.8652201699373,18.5385808384662,10.6906885253969,1.55850608358701,NA,NA,NA,0.00197497731557947,6.13192827537755,35.817705021826,NA,NA,21.9213078484435,NA,NA,25.3837705305851,NA,8.09897021927848,6.11088787536705,NA,2.00953274163787,NA,NA,16.3633350171654,NA,18.1220368508936,NA
1972-06,24.1269515977425,NA,18.5207566653736,37.9861545407547,NA,NA,NA,NA,33.6824147725825,16.0336172132218,NA,NA,NA,NA,13.7648823607093,16.9563044284216,18.594593576913,10.7415028594925,1.55850608358701,NA,NA,NA,0.00198658598167496,6.15870751235626,35.9227271521956,NA,NA,22.1157141380873,NA,NA,25.4372999567161,NA,8.13178698955588,6.14818372832372,NA,1.98424735545088,NA,NA,16.4454004976164,NA,18.1633171170688,NA
1972-07,24.1213276865649,NA,18.715837072301,38.0139264825515,NA,NA,NA,NA,33.9790102851548,16.0679302116609,NA,NA,NA,NA,13.8921953092226,17.1071113792801,18.672716793511,10.7885031014521,1.55608103907877,NA,NA,NA,0.00200834970698094,6.1777357218997,36.0181324205908,NA,NA,22.3023367081249,NA,NA,25.3083271187996,NA,8.1721116669152,6.18905916606891,NA,2.02187578793863,NA,NA,16.5183609553483,NA,18.2045973832439,NA
1972-08,24.2473299145076,NA,18.8458906769193,38.1364912991574,NA,NA,NA,NA,34.0101326228445,16.1232834708051,NA,NA,NA,NA,13.913758580653,17.1861484667669,18.7483710236499,10.8554545002658,1.53371678233031,NA,NA,NA,0.00201271052763594,6.20951074475398,36.0929939290496,NA,NA,22.3684744779438,NA,NA,25.5235544741956,NA,8.20395252595327,6.20874401443711,NA,2.01441353832831,NA,NA,16.5676769932509,NA,18.2871579155942,NA
1972-09,24.4083813911914,NA,18.9481961564974,38.4805713233657,NA,NA,NA,NA,34.284154773668,16.2266355963387,NA,NA,NA,NA,13.9893580117454,17.2847417047331,18.8148862710516,10.9308639983986,1.56230968471289,NA,NA,NA,0.00203302064605692,6.25790809382371,36.3094779868216,NA,NA,22.4765849503964,NA,NA,25.7612183098342,NA,8.23848636701347,6.2552364289662,NA,2.0616201350782,NA,NA,16.621964298052,NA,18.2871579155942,NA
1972-10,24.5073067112819,NA,18.9730486080101,38.77519048069,NA,NA,NA,NA,34.404944502047,16.3685970011029,NA,NA,NA,NA,14.048691038693,17.4350763642628,18.9317686707456,11.1083420019249,1.58467401755019,NA,NA,NA,0.00207655819116114,6.33174212008898,36.5177225205773,NA,NA,22.5948224006952,NA,NA,26.1064819713971,NA,8.28941035162764,6.30943936485014,NA,2.07107737287979,NA,NA,16.6837151178243,NA,18.3697184479446,NA
1972-11,24.6994627136132,NA,18.9730486080101,39.1536875653725,NA,NA,NA,NA,34.5946096913009,16.5196451440006,NA,NA,NA,NA,14.1500932633812,17.5506528151069,18.9954336126112,11.1396577591263,1.56619060812111,NA,NA,NA,0.00210412624951486,6.38913783976491,36.558774148085,NA,NA,22.7280574056147,NA,NA,26.1846846868013,NA,8.31758534138033,6.3448583534665,NA,2.09887371220958,NA,NA,16.6982347553366,NA,18.4109987141197,NA
1972-12,24.8890094340986,NA,19.0505016360756,39.3345793302605,NA,NA,NA,NA,34.6670197938083,16.5718365614126,NA,NA,NA,NA,14.1792460843094,17.6485303587423,19.0649577672709,11.1807783371934,1.61714784233982,NA,NA,NA,0.00212879718859084,6.41372197065311,36.9041112613129,NA,NA,22.812994287241,NA,NA,26.2052388417059,NA,8.35072879116853,6.37410334790307,NA,2.1178555747588,NA,NA,16.9622083141669,NA,18.4522789802949,NA
1973-01,25.2359336468327,NA,19.1602791136275,39.7671603990437,NA,NA,NA,NA,35.0602152218238,16.6057459917375,NA,NA,NA,NA,14.3409787610076,17.6417370735911,19.1101420209876,11.2236035750917,1.60315668010722,NA,NA,NA,0.0021636231868773,6.48704175245036,37.1083648063855,NA,NA,22.9009487315862,NA,NA,26.4366058048266,NA,8.38248339630042,6.41778606687523,NA,2.16011400797851,NA,NA,17.0292791623756,NA,18.4109987141197,NA
1973-02,25.3867685416693,NA,19.2988339933471,40.0503055909968,NA,NA,NA,NA,35.2326231228957,16.7000322737127,NA,NA,NA,NA,14.4275477289589,17.6697019971256,19.1894612522615,11.2718181344726,1.58781338611094,NA,NA,NA,0.00217958257913554,6.56780909445234,37.338744732114,NA,NA,22.99676506408,NA,NA,26.5728346722647,NA,8.41993375238223,6.45554811957193,NA,2.24625059526975,NA,NA,17.1657572555099,NA,18.4522789802949,NA
1973-03,25.5534926016491,NA,19.2988339933471,40.4497800727957,NA,NA,NA,NA,35.524056253754,16.8016520538676,NA,NA,NA,NA,14.467078424,17.7573896130343,19.3255213120012,11.3089603432516,1.6465317402974,NA,NA,NA,0.00222166651735475,6.63869578253441,38.0744594646329,NA,NA,23.1025387705941,NA,NA,26.8965850230872,NA,8.47714569575918,6.49917905397139,NA,2.20014166555888,NA,NA,17.2387446754631,NA,18.5348395126452,NA
1973-04,25.6635212487434,NA,19.5311930775436,40.577841092894,NA,NA,NA,NA,35.6997083460943,17.0075461580265,NA,NA,NA,NA,14.6833609529059,17.8758904151252,19.4953402210287,11.5723374783045,1.65806385431866,NA,NA,NA,0.00231889666677367,6.69423767816718,38.877356031815,NA,NA,23.3213837832863,NA,NA,27.4101573721493,NA,8.55376744652016,6.55432172545741,NA,2.21705002467458,NA,NA,17.3436152070106,NA,18.6174000449955,NA
1973-05,25.7267250364576,NA,19.5922949291977,40.964279305072,NA,NA,NA,NA,35.9359773737327,17.2143559092336,NA,NA,NA,NA,14.8526651289594,18.0507172670147,19.6422168176454,11.6362526696864,1.69827908005189,NA,NA,NA,0.00235952699810788,6.7942172493387,39.5365136016059,NA,NA,23.6104746004069,NA,NA,27.5244722539533,NA,8.62131717629584,6.61789183573715,NA,2.2858555249921,NA,NA,17.4054586593567,NA,18.6999605773458,NA
1973-06,25.7330744663997,NA,19.718423583161,41.2153991217837,NA,NA,NA,NA,36.0791811275605,17.322308934955,NA,NA,NA,NA,14.975630625078,18.1611159206115,19.735713149146,11.7041300831135,1.7276629770083,NA,NA,NA,0.0023885486633466,6.85349607688185,39.9605520601903,NA,NA,23.6486758315042,NA,NA,27.5620891762967,NA,8.67072044331691,6.66981672846839,NA,2.30838470123599,NA,NA,17.5202800153545,NA,18.741240843521,NA
1973-07,25.8763013007332,NA,19.9468577167024,41.2537624920529,NA,NA,NA,NA,36.2328633366692,17.3863549262207,NA,NA,NA,NA,15.4239483944888,18.3226611791247,19.8256172318402,11.7736319912646,1.708654913988,NA,NA,NA,0.00243352972084356,6.88872369780576,40.2700576789839,NA,NA,23.6311385192698,NA,NA,27.4742431125216,NA,8.7147288640268,6.69942849911044,NA,2.31089465718564,NA,NA,17.5665660158731,NA,18.7825211096961,NA
1973-08,25.947024930736,NA,20.1216619965634,41.3887963903676,NA,NA,NA,NA,36.3105951571906,17.4853297246284,NA,NA,NA,NA,15.6440166730723,18.4231748819208,19.9145789277252,11.8239768376441,1.73282621265818,NA,NA,NA,0.00244368478005405,6.93060928561375,40.4473572391652,NA,NA,23.6610203724542,NA,NA,27.6283711277098,NA,8.7624479892488,6.73795756222782,NA,2.34052518382192,NA,NA,17.6008900999396,NA,18.8650816420464,NA
1973-09,26.06949158558,NA,20.2033656621796,41.8025531723336,NA,NA,NA,NA,36.3073509659222,17.6574229092822,NA,NA,NA,NA,15.7535520998328,18.5866238204241,20.070504309648,11.9058132213046,1.9851927315396,NA,NA,NA,0.00248576871827326,6.97093345940368,41.3609167020584,NA,NA,23.7433222762168,NA,NA,27.9224058792191,NA,8.85752281046408,6.82043459189818,NA,2.40326558887394,NA,NA,17.6614154210564,NA,18.9889224405719,NA
1973-10,26.3782188324174,NA,20.3017461911028,42.4394191886306,NA,NA,NA,NA,36.5092534646025,17.840660709908,NA,NA,NA,NA,15.8803213957715,18.7724027310905,20.2403090144107,12.0779114059321,2.07464703835733,NA,NA,NA,0.00251915120416699,7.0022065186873,41.7501742271519,NA,NA,23.9195798277837,NA,NA,28.2404049428284,NA,8.9471573337357,6.89499879564641,NA,2.46353531935142,NA,NA,17.8025990816792,NA,19.1540435052725,NA
1973-11,26.636080673548,NA,20.4651535223351,43.2408727698398,NA,NA,NA,NA,36.7460977485223,18.130711344345,NA,NA,NA,NA,16.0003906370457,18.8881817136522,20.3692782305845,12.1586329762229,2.01317681706102,NA,NA,NA,0.00260766980676816,7.09210228210999,42.1400535432986,NA,NA,24.062328855704,NA,NA,28.3117421170912,NA,9.00657386896572,6.94787264635462,NA,2.47353071547165,NA,NA,17.9534185118135,NA,19.2366040376228,NA
1973-12,26.7587769999506,NA,20.5265810608849,43.7415856456024,NA,NA,NA,NA,36.9120059781631,18.3657818125868,NA,NA,NA,NA,16.1238578794578,19.0234984142182,20.5158052305255,12.2126190504418,2.07394793607793,NA,NA,NA,0.00267732180334109,7.15968782972359,43.0565223373115,NA,NA,24.2067707545456,NA,NA,28.4373684865054,NA,9.09581662497859,7.0129383690132,NA,2.58883958325136,NA,NA,18.0833240701109,NA,19.3191645699732,NA
1974-01,27.131432032263,NA,20.6814871170158,43.9473708632604,NA,NA,NA,NA,37.3047685528558,18.5580267953411,NA,NA,NA,NA,16.2669225719042,19.1842327462627,20.6858813385911,12.3681049481374,2.12258706264904,NA,NA,NA,0.00274697379991403,7.2544156586382,44.4426916447138,NA,NA,24.4106825109696,NA,NA,28.5121099551799,NA,9.18277019540838,7.08534126589572,NA,2.61426904078978,NA,NA,18.282549719315,NA,19.3191645699732,NA
1974-02,27.3608549067289,NA,20.8115407216341,43.7608113485057,NA,NA,NA,NA,37.6566705716064,18.6045199000935,NA,NA,NA,NA,16.5437344252007,19.3773588874434,20.9190832576136,12.4657123655378,2.0768300722914,NA,NA,NA,0.00286306046086892,7.40338871521662,45.7669629077305,NA,NA,24.845396707085,NA,NA,28.884480593751,NA,9.28583934692156,7.15943372670064,NA,2.7718994267808,NA,NA,18.5889406801841,NA,19.4430053684986,NA
1974-03,27.6791667583765,NA,21.0687522573432,43.9604632295694,NA,NA,NA,NA,37.8081441399053,18.7999519001648,NA,NA,NA,NA,16.7512681023854,19.5854845551128,21.1038587607323,12.580400660339,2.17039729939942,NA,NA,NA,0.00296318772956558,7.51924899490929,46.1429490415379,NA,NA,25.0697677996976,NA,NA,29.3405325508415,NA,9.38974502088484,7.2637231505496,NA,2.89058725150173,NA,NA,18.7361411202139,NA,19.6081264331992,NA
1974-04,28.1645966099619,NA,21.2733632164995,43.7881690582188,NA,NA,NA,NA,38.2044470006778,19.0771648119472,NA,NA,NA,NA,17.0339094025575,19.8975950091177,21.3787553754748,13.0777157400061,2.18653546449581,NA,NA,NA,0.00308653233045322,7.59955858787404,46.9447928265895,NA,NA,25.4019206624956,NA,NA,29.831603340852,NA,9.51448852940857,7.37479014864552,NA,2.7796512904258,NA,NA,18.7090404044972,NA,19.7732474978999,NA
1974-05,28.3680498672686,NA,21.6037249262829,44.5236069863664,NA,NA,NA,NA,38.3595976135678,19.3859835682704,NA,NA,NA,NA,17.2003033114181,20.1571851256691,21.6253867802563,13.2624813428825,2.22026093271787,NA,NA,NA,0.00317360742066165,7.72635268381538,47.68525110619,NA,NA,25.6495483282069,NA,NA,29.9854220583943,NA,9.61890137782294,7.45641972925428,NA,2.81798790208094,NA,NA,18.7002224061121,NA,19.9796488287756,NA
1974-06,28.4321396396376,NA,21.7301792671418,44.703341960659,NA,NA,NA,NA,38.5044291074769,19.7933687738361,NA,NA,NA,NA,17.3346101452549,20.4033263344413,21.8409131051129,13.366364113767,2.23950586430848,NA,NA,NA,0.00321858847815861,7.84384448873766,47.9265364146541,NA,NA,25.7355825114251,NA,NA,30.0601726125196,NA,9.71209180055506,7.52947755204454,NA,2.83333301103067,NA,NA,18.8644127967901,NA,20.2273304258266,NA
1974-07,28.5417454477035,NA,21.8975115490291,44.8314692993015,NA,NA,NA,NA,38.6805309864815,20.0269571356753,NA,NA,NA,NA,17.7306866923505,20.6521204872141,22.0719659501714,13.509734739079,2.25048394243143,NA,NA,NA,0.00329695202154929,7.94428673366282,48.6890224192286,NA,NA,26.0197042293225,NA,NA,30.1501255178524,NA,9.82313349827616,7.59518519461496,NA,2.82151506313075,NA,NA,18.9194817276483,NA,20.4337317567024,NA
1974-08,28.6191036958419,NA,22.1547230847383,45.2346567121598,NA,NA,NA,NA,38.7927717389196,20.1467456110463,NA,NA,NA,NA,17.7220796959501,20.8145655393005,22.2764143294905,13.4940636742684,2.17410832543362,NA,NA,NA,0.0033375823528835,8.11339948227486,48.8790976723987,NA,NA,26.0880922532775,NA,NA,30.3952478050429,NA,9.91180430282451,7.65079935402776,NA,2.96321747007302,NA,NA,19.0941387104822,NA,20.6814133537533,NA
1974-09,28.7716596063642,NA,22.3593340438946,45.8812109096002,NA,NA,NA,NA,38.8463081020581,20.4758118349992,NA,NA,NA,NA,17.9771522575424,21.0731053327156,22.5379433765829,13.6583954381495,2.27388916061774,NA,NA,NA,0.00339997640952369,8.33978941013606,49.3973194435574,NA,NA,26.2939372696353,NA,NA,30.916542138444,NA,10.035076694446,7.75705370324445,NA,3.01262371270094,NA,NA,19.2867040675196,NA,20.9290949508042,NA
1974-10,29.1857049518396,NA,22.6165455796037,46.0848660069903,NA,NA,NA,NA,39.1085370856723,20.7409549216594,NA,NA,NA,NA,18.2828431593143,21.3466630850944,22.8607693730149,13.9473765013913,2.29002732571413,NA,NA,NA,0.00346382407304888,8.49361178869924,50.6383009034804,NA,NA,26.5516566395713,NA,NA,31.332478245257,NA,10.1822908667678,7.85910895857286,NA,2.88270615873946,NA,NA,19.9285864389813,NA,21.1767765478552,NA
1974-11,29.5261808693911,NA,22.783877861491,46.843914447647,NA,NA,NA,NA,39.3688478788408,21.045814262124,NA,NA,NA,NA,18.4727212573239,21.5579084226579,23.0973766033468,14.1463102696804,2.33783756246451,NA,NA,NA,0.00373083348773739,8.67647055532761,51.0323850379586,NA,NA,26.8350067088735,NA,NA,31.540399226741,NA,10.2994599531768,7.95955837252386,NA,2.82710239765682,NA,NA,20.1074199936176,NA,21.383177878731,NA
1974-12,29.7897951465119,NA,23.0204875832381,46.9983728588196,NA,NA,NA,NA,39.4222361945736,21.152960151617,NA,NA,NA,NA,18.5126917125044,21.7570601525044,23.2015407774826,14.2443826020629,2.3429977255268,NA,NA,NA,0.00398478062944542,8.74322506104686,51.1238107063029,NA,NA,26.9530315884485,NA,NA,31.6422018714941,NA,10.3608934996842,8.02519106978997,NA,2.83207212014511,NA,NA,20.1866912106673,NA,21.4657384110813,NA
1975-01,30.0985931200213,NA,22.9959608186211,47.2510841766332,NA,NA,NA,NA,39.7655779484889,21.1493995228215,NA,NA,NA,NA,19.1476395096956,21.9774635271333,23.3697442644548,14.431346728933,2.39787192123218,NA,NA,NA,0.00405443262601835,8.86448236984626,51.7427727849798,NA,NA,27.1476754406308,NA,NA,31.8418819931962,NA,10.460880002639,8.1210531289812,NA,3.06081588409205,NA,NA,20.0644715119581,NA,21.5482989434316,NA
1975-02,30.4748498890933,NA,23.2655985800865,47.4032626230933,NA,NA,NA,NA,39.9983123344947,21.2264821059774,NA,NA,NA,NA,19.3905672845251,22.1453297794688,23.5580659185466,14.6459383002335,2.3704060698065,NA,NA,NA,0.00409216583807482,9.02112203577814,51.7805488479923,NA,NA,27.4697594360913,NA,NA,31.9696136165018,NA,10.5401985189923,8.19414947487551,NA,2.9101477477825,NA,NA,20.2944073286984,NA,21.7134200081322,NA
1975-03,30.7399174852486,NA,23.3476279325984,47.7141402173121,NA,NA,NA,NA,40.2034646688905,21.4167344237454,NA,NA,NA,NA,19.6312753418829,22.3274982964373,23.6921519012051,14.8725205847182,2.48622926722656,NA,NA,NA,0.00419229310677148,9.013409276342,51.9654605578797,NA,NA,27.6928594261335,NA,NA,32.5552622963589,NA,10.6167539708555,8.27474928609274,NA,3.09594386606951,NA,NA,20.409100137835,NA,21.8372608066577,NA
1975-04,30.9703655162077,NA,23.5316370777927,47.8556078544361,NA,NA,NA,NA,40.4965142509358,21.4753628164928,NA,NA,NA,NA,19.9911481656671,22.5406008772714,23.9939765250854,15.4889981214469,2.49234000719275,NA,NA,NA,0.00427790449560265,9.14125099582872,53.1515168654619,NA,NA,28.0311255000143,NA,NA,32.9953864127824,NA,10.7497552354975,8.38559918588224,NA,2.99776568680864,NA,NA,20.4584035817949,NA,22.0023818713583,NA
1975-05,31.0807394311417,NA,23.7930992510525,48.3960572215406,NA,NA,NA,NA,40.6826391541099,21.7521291122139,NA,NA,NA,NA,20.2173588339922,22.713051757842,24.2166250183433,16.2962648371302,2.48930267877518,NA,NA,NA,0.00431128698149638,9.22746424933495,53.5827932743921,NA,NA,28.1981179792813,NA,NA,33.1392850164025,NA,10.8464529942012,8.49923300049754,NA,3.0369092725724,NA,NA,20.8202667332934,NA,22.0849424037086,NA
1975-06,31.0278556535261,NA,23.9509009807108,48.5105895066158,NA,NA,NA,NA,40.9050374877933,21.8876583226936,NA,NA,NA,NA,20.3172689588808,22.8894012241966,24.3542675727436,16.5539393618454,2.52895407617635,NA,NA,NA,0.00435191731283059,9.30083037653524,53.774345192971,NA,NA,28.3617754463446,NA,NA,33.156018796463,NA,10.9157318665282,8.57348320773849,NA,3.16831829805693,NA,NA,20.9382842343116,NA,22.1675029360589,NA
1975-07,31.0864287454783,NA,24.154430446299,48.443166865262,NA,NA,NA,NA,40.905185535199,21.9504936096167,NA,NA,NA,NA,20.6669288558412,23.0767939751318,24.4856949637242,16.7468633546077,2.53617806598511,NA,NA,NA,0.00439835197721255,9.33741716482595,53.986164586094,NA,NA,28.557935582454,NA,NA,33.3707802960247,NA,10.9798446331958,8.62260951748311,NA,3.2123201570344,NA,NA,21.075953890541,NA,22.2913437345844,NA
1975-08,31.2891572445224,NA,24.3995414431475,48.570725022371,NA,NA,NA,NA,40.8864598432358,21.9933127937027,NA,NA,NA,NA,20.868208175261,23.2215233351698,24.5616873091057,16.8898122516732,2.47417347174916,NA,NA,NA,0.00442302291628853,9.39994679818936,53.6714659327104,NA,NA,28.6552075997658,NA,NA,33.755983097777,NA,11.0184818317627,8.65752225619601,NA,3.05919637857304,NA,NA,21.3163352517519,NA,22.3739042669347,NA
1975-09,31.496701241278,NA,24.506423247172,48.7711765752639,NA,NA,NA,NA,41.0281895488351,22.1842000443777,NA,NA,NA,NA,21.1354766039157,23.4049262745173,24.7700198503109,17.0622123038104,2.61433159989797,NA,NA,NA,0.00450428357895695,9.46784025627402,54.680223073867,NA,NA,28.8091558811066,NA,NA,34.1597336765703,NA,11.123110713421,8.74005730599756,NA,3.27557603213019,NA,NA,21.3777350064008,NA,22.5390253316353,NA
1975-10,31.6624579429051,NA,24.698607980572,48.8180057889182,NA,NA,NA,NA,41.0593062420776,21.6280224711883,NA,NA,NA,NA,21.5325795684367,23.5877808339369,24.9429883939156,17.3390363091275,2.6681862131278,NA,NA,NA,0.00476112783994272,9.57770093495429,55.1480608290396,NA,NA,29.2406809985153,NA,NA,34.4311435060916,NA,11.2168799394162,8.81275420813559,NA,3.2442620969045,NA,NA,21.5578333947295,NA,22.6628661301608,NA
1975-11,31.756219455437,NA,24.9479696149711,49.0383574732733,NA,NA,NA,NA,41.2334899306366,22.0138648992168,NA,NA,NA,NA,21.7514105745964,23.751702063769,25.1174698574004,17.500004916963,2.70272495593807,NA,13.7499035567642,NA,0.00490768977302133,9.69702025989719,55.2880532894898,NA,NA,29.4382619542598,NA,NA,34.5038683746197,NA,11.2931084571168,8.88035380783749,NA,3.17483569066337,NA,NA,21.7709061871147,NA,22.8279871948614,NA
1975-12,31.8321144980168,NA,25.0630270072013,48.9952014391321,NA,NA,NA,NA,41.3454289438162,22.0387608460117,NA,NA,NA,NA,21.8932239822705,23.8543035457978,25.2127509647137,17.6071754275126,2.73317062763417,NA,13.7499035567642,NA,0.00518630785380534,9.74803323121656,55.4187552510318,NA,NA,29.6140990063675,NA,NA,34.563261940571,NA,11.3523822907845,8.94330276890418,NA,3.4286715495427,NA,NA,21.8549243476446,NA,22.9105477272118,NA
1976-01,33.3376845726254,NA,25.1450563597131,49.2958435369691,NA,NA,NA,NA,41.6471811936553,22.1242458850456,NA,8.52529892938223,NA,NA,22.5595783156847,24.1559045804751,25.4203284704732,17.7616922224491,2.71980219050215,NA,14.8247981789698,NA,0.00505570531298495,9.95018255837747,56.3919430281265,NA,NA,30.0461405340675,NA,NA,34.8366018017231,NA,11.4530924982526,9.02610563158667,NA,3.62766665111324,NA,NA,22.0796107355945,NA,22.9931082595621,NA
1976-02,33.6873252979661,NA,25.3581685939708,49.3094988676088,NA,NA,NA,NA,41.883302173888,22.2351837681268,NA,8.64460498162346,NA,NA,22.8903303810318,24.2627985808528,25.6065236077223,17.9800991754952,2.69089441346852,NA,14.8247981789698,NA,0.00508908779887868,10.1743400193267,56.7011105822361,NA,NA,30.2208957264025,NA,NA,35.0477401152562,NA,11.5381733253245,9.10369241121366,NA,3.4641585278093,NA,NA,22.2517756851778,NA,23.1169490580875,NA
1976-03,33.8791086543912,NA,25.4895771626123,49.2451559123413,NA,NA,NA,NA,42.0470130516133,23.1613356492329,NA,8.85446986063206,NA,NA,23.0042841224652,24.4029785299706,25.7780039677856,18.073908510895,2.81426898195124,NA,14.8247981789698,NA,0.00520226724606357,10.3269014551195,56.9592330546788,NA,NA,30.3021642929556,NA,NA,35.2285934062204,NA,11.6305244465098,9.19069168128831,NA,3.56624909591887,NA,NA,22.4227393017909,NA,23.2820701227882,NA
1976-04,33.8394614114674,NA,25.6167350937032,49.2486612469255,NA,NA,NA,NA,42.1918389010753,23.2484206175706,NA,9.10454252252807,NA,NA,23.134688233141,24.6281915033614,26.0340057405908,18.4136414168564,2.82018256070986,NA,15.7081607809297,NA,0.00554328947798002,10.5297096207847,58.3306148793142,NA,NA,30.7500848228401,NA,NA,36.0899474301454,NA,11.7449902609703,9.28042343121312,NA,3.2282349603106,NA,NA,22.5975212966588,NA,23.4059109213136,NA
1976-05,33.9455575034975,NA,25.7510393358721,49.2549377311029,NA,NA,NA,NA,42.267646886704,23.5114944939193,NA,9.680488554329,NA,NA,23.1196051181226,24.78282259904,26.2134673879803,18.5986366484032,2.84253520990522,NA,15.7081607809297,NA,0.00566227325821266,10.7581823765452,58.767278545458,NA,NA,30.9782764842744,NA,NA,36.238260906765,NA,11.8382505195276,9.3816805938773,NA,3.10280314882203,NA,NA,22.8196370841144,NA,23.5297517198391,NA
1976-06,34.2414999537418,30.2452864410458,25.9268728928608,49.2973170752421,NA,NA,NA,NA,42.3366703949844,23.5346820190785,NA,9.61467007823314,NA,NA,23.1847627172501,24.8778686648676,26.3174403127494,18.7085195790039,2.89031136886599,NA,15.7081607809297,NA,0.00574934834842108,10.8177450831207,59.0542477268428,NA,NA,31.0558856805863,NA,NA,36.2325733168311,NA,11.9057226359017,9.45721136006038,NA,3.46586149612771,NA,NA,22.9936924334785,NA,23.6123122521894,NA
1976-07,34.2855710359244,30.5842480550798,26.1190576262607,49.3446894623998,NA,NA,NA,NA,42.3471488502653,23.5378486418618,NA,9.68348526622295,NA,NA,23.494776881018,25.1556299799564,26.4783557408783,18.85905744251,2.85126124151426,NA,16.0403571207006,NA,0.00607149387981704,10.8824047965576,59.2909471420312,NA,NA,31.2804891168622,NA,NA,36.0499758347722,NA,11.9915997283937,9.52197633377441,NA,3.9202979459547,NA,NA,23.0177127003707,NA,23.77743331689,NA
1976-08,34.5813332472304,30.6993120779671,26.1563363035298,49.4548715484861,NA,NA,NA,NA,42.4453708613428,23.6444872334717,NA,9.76734214125266,NA,NA,23.6954215329804,25.3130013276392,26.5864032803671,19.0414744331919,2.80239963116868,NA,16.0403571207006,NA,0.00612808360340949,11.0073263886548,58.9004116165267,NA,NA,31.5199250932974,NA,NA,36.2841757133072,NA,12.0485385405973,9.58544225717294,NA,3.92731171778756,NA,NA,23.1394977030881,NA,23.9012741154155,NA
1976-09,34.6623776478337,30.8781699609086,26.3040438321421,49.4173997993714,NA,NA,NA,NA,42.555841470741,24.1803160898798,NA,9.9573140376363,NA,NA,23.8886306405138,25.5611223050006,26.822811844394,19.1988005125966,2.93191569252501,NA,16.0403571207006,NA,0.00625143829878938,11.1703885592457,60.0249073184362,NA,NA,31.5656732141824,NA,NA,36.6691992685461,NA,12.1775109691635,9.68462175372919,NA,4.09312052511026,NA,NA,23.2149176390174,NA,24.0663951801161,NA
1976-10,34.8302918932081,31.0668747861141,26.4841280266814,49.5468356097168,NA,NA,NA,NA,42.6403521241635,24.4092063731845,NA,10.133348670813,NA,NA,24.2096934461371,25.7904940520171,27.0069463792309,19.4926621202854,2.96325270496022,NA,16.629368122511,NA,0.00647200295460368,11.3706180885074,60.2940613572372,NA,NA,31.8182483208799,NA,NA,37.1290840752905,NA,12.3102126484052,9.78814588434809,NA,4.21902227177632,NA,NA,23.6228989011029,NA,24.1902359786416,NA
1976-11,35.0043639220584,31.1822739153358,26.6318877717343,49.6454438065879,NA,NA,NA,NA,42.7850355706669,24.7325199040576,NA,10.4063330214437,NA,NA,24.353859456081,25.902681073356,27.1890222465366,19.6776988547813,3.00073113518136,NA,16.629368122511,NA,0.00668386615809249,11.6092858277099,60.7011725221263,NA,NA,32.0625410045202,NA,NA,37.2687143837284,NA,12.4234818474005,9.88282613933401,NA,4.23290948359765,NA,NA,23.8143499176929,NA,24.3140767771671,NA
1976-12,35.2149780647807,31.3243233722681,26.7217670255561,49.7492567431742,NA,NA,NA,NA,42.8556755301344,24.7814409689174,NA,10.4818847235102,NA,NA,24.4294588871734,25.9869720466891,27.2752879277994,19.9204747610327,3.04917911056227,NA,16.629368122511,NA,0.00682462375812336,11.5529622330776,61.6572653159924,NA,NA,32.2635986501105,NA,NA,37.2611595713474,NA,12.4901929097803,9.94373786164472,NA,4.40956222570255,NA,NA,23.8520656963485,NA,24.3140767771671,NA
1977-01,35.608078428817,31.6021871173276,26.9256743944805,49.8160077347268,NA,NA,NA,NA,43.281461699621,24.7620956148664,NA,10.8333373663154,NA,NA,24.8491665205645,26.0423535138302,27.4892458939651,20.4330977680268,3.0326737897709,NA,17.2009592307565,NA,0.0068139942577768,11.8333629715657,61.6572653159924,NA,NA,32.463392363041,NA,NA,37.2951994129488,NA,12.6077230518202,10.0734174757156,NA,4.32423648159887,NA,NA,24.0598647526076,NA,24.4379175756925,NA
1977-02,35.7656635380705,31.8553664931748,27.0433017733424,49.8622564492974,NA,NA,NA,NA,43.4590319824069,24.7880615047022,NA,11.0598832869438,NA,NA,25.0367725234446,26.1776718620314,27.6700824550004,20.6991450051266,3.01097612033701,NA,17.2009592307565,NA,0.00689062154849928,12.0772638059861,61.9062485018902,NA,NA,32.708954466615,NA,NA,37.5613614418457,NA,12.7090893950486,10.176715992559,NA,4.40883482670723,NA,NA,24.3779978005051,NA,24.561758374218,NA
1977-03,35.9479474658926,32.0219015932635,27.3334891323294,49.8404721547422,NA,NA,NA,NA,43.5520972562175,25.1974672113889,NA,11.3414775875272,NA,NA,25.2332423955427,26.4024589808128,27.8570557147049,20.9241672869915,3.08730564852102,NA,17.2009592307565,NA,0.00696724883922177,12.237127845631,62.0635687461749,NA,NA,32.8571629789267,NA,NA,37.7705628891137,NA,12.8162014270888,10.2823309893948,NA,4.55550589548546,NA,NA,24.5997505006832,NA,24.7268794389186,NA
1977-04,36.0845503291164,32.367993249665,27.4596177862926,49.8998013899477,NA,NA,NA,NA,43.7158024894957,25.453484209102,NA,11.6184350361289,NA,NA,25.4098558001702,26.7177075371868,28.1448903899766,21.4789328866018,3.15436241172419,NA,17.763256185351,NA,0.00719713071138923,12.3969918848693,63.3490227747996,NA,NA,33.1830552936716,NA,NA,38.5878267987986,NA,12.9628007920825,10.4208013291545,NA,4.71802534237236,NA,NA,24.8375746683231,NA,24.8920005036192,NA
1977-05,36.2789391648781,32.605910068473,27.7985329876179,49.914434574512,NA,NA,NA,NA,43.8588638403649,25.8115647812288,NA,11.7663037195334,NA,NA,25.7660213628812,26.9484642361453,28.3374686869966,21.6015070342988,3.20320855601142,NA,17.763256185351,NA,0.00735628047631226,12.5619849826669,64.0489444899033,NA,NA,33.3208735735167,NA,NA,38.6700048326858,NA,13.0528734710099,10.4970687505065,NA,4.74086528203072,NA,NA,25.1790426730518,NA,25.0158413021447,NA
1977-06,36.4936965216768,32.8046245002783,27.8387073384143,50.1196214660779,NA,NA,NA,NA,44.0588537930468,25.9233913149024,NA,12.0284237130984,NA,NA,25.8312218132788,27.1426054831474,28.4944300960345,21.7536529361506,3.21523730791246,NA,17.763256185351,NA,0.00747417405138115,12.6281149838762,64.1843654947942,NA,NA,33.525689725081,NA,NA,38.6146282116271,NA,13.1403481856975,10.5783928116881,NA,4.75758083056415,NA,NA,25.7025206145828,NA,25.1809623668453,NA
1977-07,36.5648414697043,33.0356511445685,28.1609456764326,50.1518939442272,NA,NA,NA,NA,44.010627859028,26.05568462348,NA,12.2325025423532,NA,NA,25.9934915419269,27.388107086188,28.5895126724903,21.8393603786045,3.22286601827732,NA,17.8667166656687,NA,0.00758027725949392,12.7062349110529,64.1471650221424,NA,NA,33.6561576591616,NA,NA,38.4619910043123,NA,13.2094933869651,10.6427725550069,NA,4.84189250006289,NA,NA,25.8928122550733,NA,25.2635228991957,NA
1977-08,36.6471019127651,33.150832652299,28.1236669991635,50.1463688220232,NA,NA,NA,NA,44.0399800536778,26.2410511390024,NA,12.366616985846,NA,NA,26.4676112236834,27.5600095868307,28.7068834952135,22.1165479375651,3.16783800597402,NA,17.8667166656687,NA,0.00783962495455941,12.8128580562978,63.9609243557914,NA,NA,33.6263824427816,NA,NA,38.6951840233448,NA,13.2746939612533,10.7022733272968,NA,4.92001921316708,NA,NA,25.9854580031319,NA,25.3873636977211,NA
1977-09,36.7276055965533,33.3134202569626,28.360928094702,50.2309928657988,NA,NA,NA,NA,44.1314232318542,26.4726497483756,NA,12.6229320774723,NA,NA,26.5855604680219,27.757272151362,28.9165418069939,22.2725267014674,3.25034940117293,NA,17.8667166656687,NA,0.00811077311107327,12.9662551324445,64.7455491648899,NA,NA,33.5648079313816,NA,NA,39.0341096960072,NA,13.3896797294042,10.8056057125532,NA,4.93782959542089,NA,NA,26.203917965956,NA,25.5524847624218,NA
1977-10,36.756742703916,33.4482220672986,28.5769360024871,50.3105224534071,NA,NA,NA,NA,44.150450663076,26.663664037174,NA,12.8917281010208,NA,NA,26.656439575256,27.9988287318992,29.0641208495066,22.3891077367745,3.34284934110488,NA,18.3442244017903,NA,0.00841728227396322,13.1616630310234,65.2063853141256,NA,NA,33.7342740501837,NA,NA,39.2807428500421,NA,13.5048855363864,10.9462443664792,NA,5.10646318392554,NA,NA,26.4095475998489,NA,25.6350452947721,NA
1977-11,36.7709884245622,33.6107775603591,28.7360926961687,50.3166938048733,NA,NA,NA,NA,44.2349613164985,27.6991213141519,NA,13.143814804672,NA,NA,26.7562243833523,28.1242604816645,29.184058042219,22.5435739612657,3.36690691999461,NA,18.3442244017903,NA,0.00938397123045751,13.3104939512654,64.9803485866878,NA,NA,33.9426127051009,NA,NA,39.327906062433,NA,13.5999350495867,11.0691763448927,NA,5.16593501750336,NA,NA,26.6585024168951,NA,25.7588860932975,NA
1977-12,36.8627133131409,33.7926636062232,28.8618956632363,50.414334622582,NA,NA,NA,NA,44.3522107587978,27.7271101245551,NA,13.2853648640988,NA,NA,26.8707505675782,28.2102117319858,29.2997526561154,22.6663881620946,3.38991373500105,NA,18.3442244017903,NA,0.00961386319711723,13.3675131925307,65.066293667573,NA,NA,33.8662294184802,NA,NA,39.327906062433,NA,13.6843690185997,11.1582136753859,NA,5.24130523436119,NA,NA,26.8853453260157,NA,25.882726891823,NA
1978-01,37.2686030367815,34.0215319059341,29.0210523569179,50.4281839322452,NA,NA,NA,NA,44.7178297796505,27.8650312560035,NA,13.5049951748939,NA,NA,27.0346695933111,28.3554133833526,29.4480772025654,22.8188854029691,3.43459954663882,NA,18.6152576632697,NA,0.00984374506928469,13.4802565603003,65.0603115461521,NA,NA,34.0004673050859,NA,NA,39.2385105404125,NA,13.7975454761517,11.274233329684,NA,5.39505203488435,NA,NA,27.3309966639446,NA,26.0065676903485,NA
1978-02,37.3883775150779,34.1849898840045,29.2661633537664,50.4817101723081,NA,NA,NA,NA,44.826376554156,28.0246892975683,NA,13.6922814204347,NA,NA,27.476489762335,28.5707878426621,29.5906486552713,22.9582957317524,3.36164951939672,NA,18.6152576632697,NA,0.0100028948342077,13.6313737596752,65.4660582862574,NA,NA,34.0892262754833,NA,NA,39.4456780728586,NA,13.8893527902568,11.3704379586609,NA,5.41213501272026,NA,NA,27.6727737594051,NA,26.0891282226988,NA
1978-03,37.446885203871,34.3345981555412,29.4167665559061,50.5236678825256,NA,NA,NA,NA,44.9402337577811,28.2307800038729,NA,13.9636279875008,NA,NA,27.5277783598522,28.8423042525276,29.8089443950618,23.1232155686205,3.47999704124533,NA,18.6152576632697,NA,0.0102976136301416,13.8267816582541,65.8204071091174,NA,NA,34.2043252255982,NA,NA,39.8547745146331,NA,13.9990227342702,11.4690903239038,NA,5.42858221052053,NA,NA,27.7126469409016,NA,26.2955295535746,NA
1978-04,37.5245309217086,34.4764150979091,29.4278378176392,50.5819208498864,NA,NA,NA,NA,45.138453567423,28.3249154685649,NA,14.3241288935579,NA,NA,27.6904604127715,29.1695071064602,30.0713873606018,23.5065417860175,3.53015671822757,NA,18.9389394342852,NA,0.0110108500750484,13.9632823143229,66.6881959112502,NA,NA,34.3913257233707,NA,NA,40.0718242627697,NA,14.1369526175123,11.6024402809969,NA,5.65633977054149,NA,NA,27.77486132577,NA,26.5019308844503,NA
1978-05,37.5760883840985,34.6490754931577,29.7529718291848,50.5091306074403,NA,NA,NA,NA,45.2298967455994,28.6327923829997,NA,14.469451746491,NA,NA,28.2692237856255,29.4576144442739,30.293722874084,23.610889471884,3.53260391460056,NA,18.9389394342852,NA,0.0113291496048945,14.0868382674625,67.2948153981435,NA,NA,34.4642962985807,NA,NA,40.1514224179081,NA,14.2554890746768,11.7057269389193,NA,5.70847466523712,NA,NA,27.9665159377352,NA,26.7083322153261,NA
1978-06,37.5902953191504,34.7121302533641,29.9562278243179,50.5656300220513,NA,NA,NA,NA,45.4161753406263,28.7242982820127,NA,14.6055401708461,NA,NA,28.3194266515538,29.6747420540106,30.4969587897576,23.7223569665008,3.62644958181827,NA,18.9389394342852,NA,0.0116297635843064,14.1987874230183,67.2474634742522,NA,NA,34.5708525637664,NA,NA,40.0853853396029,NA,14.3776399023339,11.8236474000693,NA,5.78246445983389,NA,NA,28.0109532420345,NA,26.9560138123771,NA
1978-07,37.751873823616,34.89950387055,30.2234813446325,50.5601781132517,NA,NA,NA,NA,45.3437595936718,28.7549166580948,NA,14.8122465233735,NA,NA,28.3713264234173,29.9707282174267,30.652648725188,23.8845113023559,3.57818156555958,NA,19.3401472232981,NA,0.0119480631141524,14.2632155988016,67.4380469552345,NA,NA,34.595200159116,NA,NA,40.4710480937319,NA,14.4698629568322,11.8922122403988,NA,5.89788509184335,NA,NA,28.1075277120037,NA,27.1211348770777,NA
1978-08,37.8720544099001,35.0406637512412,30.3924942774388,50.6894352208721,NA,NA,NA,NA,45.3163312339147,28.9118164260416,NA,14.9467780714576,NA,NA,28.5631081525668,30.1435601635223,30.7887347513001,24.1152682300708,3.53262792363377,NA,19.3401472232981,NA,0.0122133160871882,14.3489542185965,67.2993610879318,NA,NA,34.6294851564822,NA,NA,40.657307854116,NA,14.5519499759293,11.9725518814749,NA,6.01249430453522,NA,NA,28.0711852519513,NA,27.2862559417783,NA
1978-09,37.9283574038313,35.1690737617577,30.3945006152534,50.6050481350982,NA,NA,NA,NA,45.2853625880778,29.1048511173066,NA,15.1753380338413,NA,NA,28.7059813468661,30.3344256456322,31.054953141259,24.2558786937072,3.6609232816837,NA,19.3401472232981,NA,0.0125080348831221,14.6063434490777,67.9840597252761,NA,NA,34.6941803659852,NA,NA,41.0605994986565,NA,14.7010045435789,12.0985227746853,NA,6.09261268323712,NA,NA,28.2680236900684,NA,27.5752178050044,NA
1978-10,38.02516852878,35.3157469370012,30.8438968843625,50.5455353171426,NA,NA,NA,NA,45.3837382910081,29.6224610230591,NA,15.4408050757366,NA,NA,28.8490582659475,30.6525504688984,31.2793665679431,24.447365817652,3.73184653444195,NA,19.7370410343879,NA,0.0133627355425178,14.7416859732587,68.3159255706635,NA,NA,34.9130346022028,NA,NA,41.2464342197654,NA,14.8441553658001,12.240272915005,NA,6.25773131196487,NA,NA,28.4444516525265,NA,27.7816191358802,NA
1978-11,38.1694151960938,35.4262356650012,31.0360816177625,50.5356111675409,NA,NA,NA,NA,45.4821083494913,29.8818997844911,NA,15.6817705613028,NA,NA,29.1049742127336,30.8351912771957,31.4609597847171,24.5426470162442,3.7665844357919,NA,19.7370410343879,NA,0.0139816490517757,14.9201910485855,68.3004356071719,NA,NA,35.0570095398143,NA,NA,41.2699888406828,NA,14.947156494931,12.3390390026049,NA,6.45495248421653,NA,NA,28.5482658415379,NA,27.988020466756,NA
1978-12,38.2716388127059,35.5803810303565,31.0847572436602,50.535461182691,NA,NA,NA,NA,45.5580587380785,29.9023491270907,NA,15.9047589175361,NA,NA,29.1106479948632,31.0047178065195,31.561257698854,24.7589745169506,3.82279759788894,NA,19.7370410343879,NA,0.0144178421566907,14.9846492094178,68.3591846644408,NA,NA,35.0423822376087,NA,NA,41.2009888959737,NA,15.015977393891,12.425430689653,NA,6.54817066485447,NA,NA,28.7350143029204,NA,28.0705809991063,NA
1979-01,38.5825601073793,35.7655909123853,31.1160524160191,50.6389957037678,NA,NA,NA,NA,45.9600992368464,29.9023491270907,NA,16.2730960484567,NA,NA,29.4583571379204,31.2766785034694,31.7725644448408,25.0272881724368,3.95562592267993,NA,20.3416353910086,NA,0.0152135909813058,15.2601229773203,68.3103783374936,NA,NA,35.2850211109373,NA,NA,41.0069850057934,25.9365737498249,15.1455765528531,12.5646222491197,NA,6.57717956546438,NA,NA,28.8624288530164,NA,28.2357020638069,NA
1979-02,38.7116902794292,35.853905579415,31.4827157423845,50.9257880045576,NA,NA,NA,NA,45.9534515180096,29.9980690916194,NA,16.4956971493915,NA,NA,29.7780523363363,31.4699831784575,31.9832781001572,25.2585515422853,3.88396332765764,NA,20.3416353910086,NA,0.0155260054221661,15.4865409079465,68.1319337654335,NA,NA,35.4430010474701,NA,NA,41.1825054431957,26.0652192183779,15.2573908453593,12.6499391186338,NA,6.63957965218142,NA,NA,29.1068972888413,NA,28.4833836608578,NA
1979-03,38.7273474915082,35.8761305089446,31.7303967258647,50.9788576689269,NA,NA,NA,NA,46.1313122511597,30.2303050047883,NA,16.7081172849639,NA,NA,29.9552720406032,31.7534723183565,32.2448389312205,25.4411560619688,4.05794118208523,NA,20.3416353910086,NA,0.0162215462221465,15.6869088675598,68.6505342994826,NA,NA,35.4562011924573,NA,NA,41.588627108074,26.1310127468833,15.3922948476822,12.7588669934401,NA,6.69952715606924,NA,NA,29.2351778019719,NA,28.7310652579088,NA
1979-04,38.783258066485,36.0210778943865,31.9588308594061,51.1125660440335,NA,NA,NA,NA,46.2951655318436,30.3441785045236,NA,17.031270441687,NA,NA,30.2905478878122,32.0986790564236,32.5373661143445,25.952720937902,4.11576869711825,NA,21.1141356276935,NA,0.0178602053392013,15.889008637648,69.1558833723522,NA,NA,35.5567978447743,NA,NA,41.9338413047935,26.2485362095532,15.5543255158879,12.9167309272189,NA,6.79920470036187,NA,NA,29.4468691912928,NA,28.9787468549597,NA
1979-05,38.8968610722722,36.1171240083288,32.3474509637567,51.1351005182077,NA,NA,NA,NA,46.3969278290008,30.9248299003606,NA,17.2770785822534,NA,NA,30.4251635125328,32.3774514709997,32.8035173671794,26.1318877180129,4.14304879565684,NA,21.1141356276935,NA,0.0188445798461298,16.0601263311354,69.8514508942886,NA,NA,35.7250852343234,NA,NA,41.9702231266796,26.3201148620255,15.699166202348,13.0317599318746,NA,6.88883524289934,NA,NA,29.6133268216816,NA,29.2264284520107,NA
1979-06,38.9699491025254,36.2194602168564,32.5520619229131,51.3587941212104,NA,NA,NA,NA,46.5526649870665,31.1105658945159,NA,17.459881149815,NA,NA,30.5689687242361,32.6390252739404,33.0263292727095,26.3887464149795,4.31089100203529,NA,21.1141356276935,NA,0.0198878960933466,16.183508913585,69.9037112379259,NA,NA,35.8418394136787,NA,NA,41.9813133452145,26.4028995657655,15.8526579140221,13.2070821284028,NA,6.91872125285006,NA,NA,29.6835851915031,NA,29.4741100490616,NA
1979-07,39.0756953637046,36.4212240884842,32.7101893394671,51.4577559969107,NA,NA,NA,NA,46.7581077718266,31.4946082418851,NA,17.5033778534626,NA,NA,30.6959953119886,33.0815499563105,33.3604653816772,27.5497100441974,4.33876961540628,NA,21.9753483047202,NA,0.0211198380228767,16.3375096529614,70.1459286776732,NA,NA,35.9738431045252,NA,NA,42.1664022885868,26.5342625017509,16.037806153075,13.4250683175502,NA,6.89734870096814,NA,NA,29.8122835450324,NA,29.7217916461125,NA
1979-08,39.1708759726878,36.4539207999072,32.8664503596213,51.6057499834406,NA,NA,NA,NA,46.9029449101829,31.9858793603642,NA,17.6632106047194,NA,NA,30.8757560695612,33.3486266135345,33.5602354821092,27.7805090957836,4.28384478357762,NA,21.9753483047202,NA,0.0222397916553082,16.5175372281154,69.3589343767988,NA,NA,36.0655065962654,NA,NA,42.3027659324236,26.5686930942709,16.1512929852944,13.5478049328993,NA,6.99318547539233,NA,NA,30.0865236073618,NA,30.0107535093386,NA
1979-09,39.3923941909292,36.477018815167,33.1693896312603,51.7366410165622,NA,NA,NA,NA,47.1892213037743,32.3547464988176,NA,18.010090021667,NA,NA,31.047423984681,33.6134426116878,33.9312886574148,28.1107236070748,4.39879597483384,NA,21.9753483047202,NA,0.0238784507723629,16.9566142422067,70.3193702679926,NA,NA,36.2416296527508,NA,NA,42.7280583869977,26.766059672223,16.3394265770456,13.7333705871496,NA,7.1788332457984,NA,NA,30.2313361526594,NA,30.2997153725647,NA
1979-10,39.5966330466466,36.5761410433906,33.4020744023524,51.7542469122436,NA,NA,NA,NA,47.2839086732191,32.5492736030311,NA,18.3586135062409,NA,NA,31.1835327905548,34.0441283087475,34.2538706450505,28.4275147886349,4.5533329128368,NA,22.8978070145813,NA,0.0259532928998404,17.3229856731058,70.7839954293256,NA,NA,36.5296954414064,NA,NA,43.1541707777725,26.9721529625998,16.542710666689,13.9513028965386,NA,7.36683514164664,NA,NA,30.6058173961679,NA,30.5886772357908,NA
1979-11,39.8717613217699,36.6769638215346,33.786769556048,51.9391266986732,NA,NA,NA,NA,47.5513000385473,32.8514180321504,NA,18.5751449891404,NA,NA,31.4143735461554,34.3006267596493,34.5724114355595,28.6310876005867,4.61506280532802,NA,22.8978070145813,NA,0.0277334263258763,17.5912174735995,70.7186923353303,NA,NA,36.8145429169469,NA,NA,43.2007760997667,27.1663678386329,16.7312332742001,14.1408543643018,NA,7.43799079221547,NA,NA,31.1226477058078,NA,30.9601996313672,NA
1979-12,40.1289151356786,36.7722917213402,33.8716945820873,51.9909381171868,NA,NA,NA,NA,47.6324128088485,32.8626478759556,NA,18.8266818373983,NA,NA,31.5786853973315,34.5426740639902,34.8477815046481,28.7878905747206,4.72331418481142,NA,22.8978070145813,NA,0.0294663881895954,17.9406496934297,71.0394705697692,NA,NA,36.9635660770728,NA,NA,43.2286943726045,27.1608068356913,16.8901982944297,14.2890672300705,NA,7.50210145956088,NA,NA,31.4407280136928,NA,31.2491614945933,NA
1980-01,40.4321044080474,36.9948184313722,34.0148257862532,52.0843209569355,NA,NA,NA,NA,47.7341638171114,33.0709365453134,NA,19.0473144560247,NA,NA,31.9749432345252,35.0606678705346,35.2799501289097,29.6197448183788,4.83827505136462,NA,23.7913820395695,NA,0.0314587179373646,18.5140072806753,71.3821719415562,NA,NA,37.1024062788088,NA,0.0624614559579672,43.197888959924,27.5385348087968,17.1683219599598,14.5543642446518,NA,7.56869949594166,NA,NA,32.1435830946642,NA,31.6206838901697,NA
1980-02,40.6441916428523,37.1376272294265,34.4187677898876,52.2907268035577,NA,NA,NA,NA,48.4360553086142,33.3366737464938,NA,19.3102191717869,NA,NA,32.3993797434862,35.4321828460105,35.6400133965304,30.1151460216841,4.78905816919982,NA,23.7913820395695,NA,0.0326552988605186,18.8392990838226,71.4738204555493,NA,NA,37.2598726819432,NA,0.0640327116992956,43.6657847989208,28.1192183779241,17.3925019100531,14.8162114697593,NA,7.70343423714316,NA,NA,32.6151861917091,NA,31.9096457533958,NA
1980-03,40.8281410697249,37.2036911549255,34.5899728059894,52.4545477321301,NA,NA,NA,NA,48.6602350742319,33.6853522889082,NA,19.5046393983031,NA,NA,32.6810199152404,35.8468028260739,36.0118658586345,30.4859135016991,4.94634134874416,NA,23.7913820395695,NA,0.0337221958416476,19.0570037099558,71.8958386939406,NA,NA,37.4233435420368,NA,0.0654538798553426,44.1133318405171,28.5311808376523,17.58518447802,14.9578191463686,NA,7.77915262665362,NA,NA,32.7876844044727,NA,32.3224484151474,NA
1980-04,40.9286467126588,37.3028485474206,34.8723624801068,52.6129538273643,NA,NA,NA,NA,48.8965041018703,33.8855952332529,NA,19.7965733368052,NA,NA,33.1733565167966,36.3696805331283,36.5182927283003,31.6748960518368,5.12335265506304,NA,25.670332436922,NA,0.0372235007644466,19.4041414436389,72.8238838004598,NA,NA,37.6379539662503,NA,0.0665796016635554,44.629136670884,28.6338983050847,17.8406075781306,15.1983668927898,NA,7.82990383788137,NA,NA,33.0346228719219,NA,32.735251076899,NA
1980-05,41.0952179117668,37.4779433421269,35.3011569352539,52.8408649930547,NA,NA,NA,NA,49.0984066005506,34.3937540262691,NA,20.0422055236457,NA,NA,33.3146060510732,36.6371639572826,36.8956174772634,31.8919337206712,5.17109067949753,NA,25.670332436922,NA,0.0402650419429106,19.6381736933118,73.8719395779377,NA,NA,37.8732758758891,NA,0.0676709949426132,44.7164133168274,28.8661577251716,18.0102553897313,15.281080745921,NA,7.89830609811511,NA,NA,33.1328428470249,NA,33.1067734724754,NA
1980-06,41.1933903350262,37.6416527386281,35.6223659961446,52.915568559742,NA,NA,NA,NA,49.255184953522,34.4708508194326,NA,20.1560083089069,NA,NA,33.4635604770663,36.9107733400668,37.206772673519,32.0197934537223,5.34667803619741,NA,25.670332436922,NA,0.0425933466764677,19.7968683670783,74.3132698977026,NA,NA,37.9356487091001,NA,0.0687103525690541,44.6977345352846,29.3063174114022,18.1984184032958,15.4448937987305,NA,7.98387705933564,NA,NA,33.1754077846541,NA,33.4782958680518,NA
1980-07,41.5228625513163,37.9574226438237,35.846875179031,53.038468278512,NA,NA,NA,NA,49.3396956069445,34.971509866002,NA,20.3231297861569,NA,NA,33.6064287966585,37.4934904908278,37.3091344420193,32.2664839350478,5.33839619222667,NA,26.3427679018349,NA,0.0446092571581491,20.1485891002649,74.4873551880577,NA,NA,38.1264012962694,NA,0.0703014510780335,44.9896239032539,29.5495587617313,18.2932779810613,15.5947784716713,NA,8.06792270753466,NA,NA,33.4041434204134,NA,33.3957353357014,NA
1980-08,41.5081955126454,38.1499708469522,36.2138641922921,53.3545226360414,NA,NA,NA,NA,49.5206694172988,35.0951439863501,NA,20.4738647871763,NA,NA,34.1756927524132,37.8651501654044,37.4802083095444,32.4056010813321,5.27829305615387,NA,26.3427679018349,NA,0.0477627866337117,20.4139609434449,74.0343524389607,NA,NA,38.2773232767808,NA,0.0716485178009358,45.2037551542631,29.6522762291638,18.4113957287384,15.7343603466814,NA,8.14592549477943,NA,NA,33.5845090923296,NA,33.5608564004021,NA
1980-09,41.6486776958039,38.3366523781673,36.4089445992195,53.4956211021034,NA,NA,NA,NA,49.6087260012483,35.2848094843428,NA,20.7412296156865,NA,NA,34.5753541508914,38.1867661968309,37.8797918348051,32.6635673892988,5.45389869019457,NA,26.3427679018349,NA,0.0514055658654917,20.8654265699274,75.1146683246347,NA,NA,38.3706626959529,NA,0.0726375219113336,45.5351545118756,30.0438576831489,18.6253096524429,15.9231778142718,NA,8.13149449927586,NA,NA,34.6355621379887,NA,33.9323787959785,NA
1980-10,41.8594599094349,38.4500802777111,36.5928493115327,53.520123142373,NA,NA,NA,NA,49.6090164516125,35.5718858655875,NA,20.9712898977864,NA,NA,34.7428512144489,38.6094194060377,38.2534049093519,32.8893916005052,5.63400123788036,NA,27.329924083015,NA,0.0569993984662023,21.3145221606833,75.5083264556104,NA,NA,38.7261700905059,NA,0.0740161387932412,45.8038543581675,30.1867908670682,18.8468358264955,16.113384028822,NA,8.27106343606342,NA,NA,34.98828633772,NA,34.34518145773,NA
1980-11,41.9681820143516,38.6289825273308,37.0503689524069,53.955475816914,NA,NA,NA,NA,49.8592929317173,35.900509259857,NA,21.2030775113293,NA,NA,35.2160937641055,38.837742090626,38.6081423859322,33.1517212837055,5.77223167123184,NA,27.329924083015,NA,0.0617739116028777,21.7504207270255,75.6425975922998,NA,NA,39.0401748973707,NA,0.0753890426639828,45.8617367080564,30.3178456366438,19.0311394419289,16.2752247697624,NA,8.36746595222425,NA,NA,35.187437226848,NA,34.7167038533064,NA
1980-12,42.1525337467026,38.7412518463734,37.1598207430631,54.0776035544324,NA,NA,NA,NA,50.1871475404906,36.0024464649786,NA,21.301478061514,NA,NA,35.6008795710971,39.1530874643219,38.8232176921786,33.2833757287905,5.89049063868338,NA,27.329924083015,NA,0.0653931101007455,21.5172761797293,75.6949047928896,NA,NA,39.31905894104,NA,0.0772347983928386,45.9062998562623,30.5407059812299,19.1915131478585,16.3967866089096,NA,8.5956182735668,NA,NA,35.3619492674428,NA,35.0469459827077,NA
1981-01,42.4438432196793,39.0378381062021,37.6342907176995,54.4028082752624,NA,NA,NA,NA,50.5458227476952,36.1175308700361,NA,21.5700462878281,NA,NA,35.9745312880255,39.5902859314862,39.1039860973857,33.374607125944,5.98811189231668,NA,29.0699909696579,NA,0.071007565749137,22.062607392296,75.9652862799014,NA,NA,39.5196653637077,NA,0.0801137344829797,45.9770536852456,31.3708922818322,19.3774142646516,16.5829857711188,NA,8.88693722052622,NA,NA,35.7763756806315,NA,35.2120670474083,NA
1981-02,42.6563920791069,39.2329324787146,38.0052046816155,54.7936664159842,NA,NA,NA,NA,50.8994892650385,36.4481575332954,NA,21.7992927839458,NA,NA,36.0912421677634,39.8920434262582,39.3345133141847,33.6636124564806,6.02971037415472,NA,29.0699909696579,NA,0.0739643131926427,22.5012646656171,75.7187801215263,NA,NA,39.7021553566566,NA,0.0823610721079786,46.1697110049469,31.6993136293598,19.5174173951937,16.7423024604422,NA,8.98450957816445,NA,NA,36.5025819640551,NA,35.3771881121089,NA
1981-03,42.7949684446303,39.4315320688712,38.4058208919457,55.0110207893104,NA,NA,NA,NA,51.2031540608761,37.018891534837,NA,21.9591781642188,NA,NA,36.2432966974555,40.2283494147427,39.5730998065975,34.0496873256044,6.18582100361688,NA,29.0699909696579,NA,0.0772849771765036,22.7947115131351,75.8036821026376,NA,NA,39.9971495822011,NA,0.0842876041299044,46.4771655729804,32.3175935004903,19.6628411976519,16.8955454579376,NA,9.07237565251313,NA,NA,36.7351280650867,NA,35.5423091768096,NA
1981-04,43.1469644441991,39.5829962331631,38.6506062018985,55.112471612196,NA,NA,NA,NA,51.4702493313928,37.383282521444,NA,22.3041071655354,NA,NA,36.3679109738571,40.7921579203295,39.9973490873562,35.2893370202601,6.32621583213961,NA,30.2133118706306,NA,0.0888845481344694,23.0790588726441,76.5742607299874,NA,NA,40.2870011378404,NA,0.0863500181994292,46.8990772978672,32.4776019050287,19.8908311562905,17.1182634925646,NA,9.19539194581303,NA,NA,37.0418276068813,NA,35.8312710400357,NA
1981-05,43.312889216735,39.6110896265749,39.0277771411799,55.5661558137269,NA,NA,NA,NA,51.7684669395992,38.0354166498045,NA,22.5401836511466,NA,NA,36.8932321591874,41.1383969209179,40.4184482418509,35.4314516347014,6.37742123812637,NA,30.2133118706306,NA,0.0928420534458365,23.4225840163567,77.6132129517445,NA,NA,40.5964549472234,NA,0.0877521011531816,47.0771787153739,32.5890320773218,20.1023403142796,17.267075134004,NA,9.25657560238372,NA,NA,37.1951329325677,NA,36.2440737017872,NA
1981-06,43.4025021916775,39.7275270361723,39.5172433282043,55.7940707777272,NA,NA,NA,NA,51.9910246095827,38.3127479846538,NA,22.6534609317532,NA,NA,37.3822725442679,41.4763207817147,40.7294041272491,35.4481735133478,6.5326837473141,NA,30.2133118706306,NA,0.0967540628806016,23.6464087651175,77.8019599652887,NA,NA,41.030746312041,NA,0.0890063873631142,47.2197769251448,33.0061072979409,20.2862441176783,17.4194162620883,NA,9.34511659124996,NA,NA,37.3338243226078,NA,36.6155960973636,NA
1981-07,43.6608210944197,39.9519541029678,39.7861774994378,55.8727393553201,NA,NA,NA,NA,52.275963713457,38.4998090259218,NA,22.7860687714681,NA,NA,37.3983147481538,42.0342521873082,41.0909580539677,35.5876657514001,6.49418958210979,NA,31.8347814081387,NA,0.103895754640516,23.7788171679241,77.6323847348608,NA,NA,41.1915955170605,NA,0.090673360836875,47.6421413861963,33.1849978988654,20.46438021185,17.5123947091385,NA,9.48476224404573,NA,NA,37.4991421159813,NA,37.1109592914655,NA
1981-08,43.8060039395104,40.0423992626052,40.1790482413392,56.5056069193671,NA,NA,NA,NA,52.3541283873013,38.5587638792708,NA,22.965083620877,NA,NA,37.4782109090814,42.4986413874268,41.3441053145308,35.8082906951495,6.40105872150804,NA,31.8347814081387,NA,0.107625810852349,24.0008211326441,77.178772815092,NA,NA,41.2927363646926,NA,0.0925177225174294,47.7534754788042,33.1849978988654,20.6071434837098,17.6280881630718,NA,9.59579375755318,NA,NA,37.715278957577,NA,37.4412014208668,NA
1981-09,43.9173870403987,40.2507833234359,40.4904887880794,56.63975027628,NA,NA,NA,NA,52.6163573709154,38.9168654301892,NA,23.2157933295217,NA,NA,37.6819706137603,42.9448304627681,41.8162322406758,36.0363872028317,6.70800807890302,NA,31.8347814081387,NA,0.115449839816372,24.3284593124959,78.2420385855176,NA,NA,41.5164315110905,NA,0.0942722170511158,48.1833817206034,33.5479338842975,20.8627166831804,17.8303940167902,NA,9.76291818377491,NA,NA,38.0377423180109,NA,37.9365646149686,NA
1981-10,44.071403874974,40.6396324068644,40.9735644706983,56.633566074455,NA,NA,NA,NA,52.9042502156938,39.1445437580311,NA,23.5000748519633,NA,NA,38.2142766126346,43.5333991490642,42.1183945228478,36.3772222437573,6.87424678201368,NA,33.9433302043829,NA,0.126503551105543,24.8129358229498,78.5909053569543,NA,NA,41.7369864915447,NA,0.0964145113201566,48.7073412793934,33.6880095251436,21.0703477804174,18.0592311872383,NA,9.9396985775237,NA,NA,38.1573927666702,NA,38.1016856796693,NA
1981-11,44.1835877843099,40.8556095390386,41.42006506628,57.2804808963891,NA,NA,NA,NA,53.0922876648663,39.6840468252786,NA,23.7852424270959,NA,NA,38.2324753039068,43.9238302572676,42.3810863050103,36.8106593799356,6.98147488671037,NA,33.9433302043829,NA,0.134236598410854,25.2567244227582,78.7244311641996,NA,NA,41.9991163849531,NA,0.0983712485682878,48.8314521541835,33.6970444039782,21.2303579650259,18.2502607788226,NA,10.0798099617134,NA,NA,38.3196431836667,NA,38.2668067443699,NA
1981-12,44.388105744206,41.1371407154539,41.5972013708513,57.3804027312501,NA,NA,NA,NA,53.1577652426198,39.9063293240981,NA,24.118460294041,NA,NA,38.3466472776679,44.1729688575438,42.5407423521596,37.0883259424076,7.0983099175581,NA,33.9433302043829,NA,0.14046852405611,25.5122700297863,78.752536723568,NA,NA,42.151119997583,NA,0.100865457927684,48.8817733173634,33.7739599383667,21.3507954927595,18.3714555203974,NA,10.2691727125818,NA,NA,38.1191751399146,NA,38.3906475428954,NA
1982-01,44.7455385714974,41.4907025308861,41.8828124053919,57.643775219822,NA,NA,NA,NA,53.5511030735939,40.0694406156724,NA,24.546081262461,NA,NA,39.0940270907445,44.6228127997051,42.7094908761859,37.1551677988143,7.25334294980608,NA,34.7147177572698,NA,0.152204552360406,25.9013422241963,78.5200346655414,NA,NA,42.6933643045917,NA,0.105210458893018,48.7849724423602,34.8648410141476,21.5289585937147,18.5835523062391,NA,10.4827997740139,NA,NA,38.8731007847639,NA,38.4732080752457,NA
1982-02,44.9693763203801,41.7637752067275,42.3393549855791,57.8859934976558,NA,NA,NA,NA,53.6645217794491,40.3909480807735,NA,24.8143502103395,NA,NA,39.2303074988154,45.0808271825572,42.8975187675473,37.2320952715614,7.219866203995,NA,34.7147177572698,NA,0.159710160660675,26.3687037987278,78.3654737818588,NA,NA,43.1206681683464,NA,0.110049536377422,49.0148937608234,35.0357473035439,21.6740376341661,18.7119719279428,NA,10.6873839748024,NA,NA,39.366831466456,NA,38.5970488737711,NA
1982-03,45.3224210519994,41.8022775129781,42.7644457440857,58.1159332891218,NA,NA,NA,NA,53.7469718394674,40.699213976501,NA,25.1714734332659,NA,NA,39.5689277815914,45.5933602428656,43.0709463209276,37.5395106685258,7.47225312269547,NA,34.7147177572698,NA,0.167079301520123,26.622548112027,78.4683480949299,NA,NA,43.268317925983,NA,0.114781381718175,49.4337958456461,35.7501891021152,21.8300746374434,18.8658091750913,NA,10.8282783592216,NA,NA,39.3832056951838,NA,38.6796094061215,NA
1982-04,45.4994537145502,42.1772720378421,42.9928798776272,58.29605248929,NA,NA,NA,NA,53.8400258243837,40.9936928980432,NA,25.5421537336701,NA,NA,39.7493433936629,46.1023756479014,43.4484431203648,38.3839812516519,7.67009761006223,NA,37.0740136534187,NA,0.187640106561809,26.8615894238223,79.140438466315,NA,NA,43.4427038827838,NA,0.121045163663228,49.6371457123062,35.9412382686651,22.0951272761725,19.0559194269261,NA,11.0435344711115,NA,NA,39.6699556866065,NA,39.0098515355227,NA
1982-05,45.7481674789323,42.483612860355,43.4653957308895,58.9058249817762,NA,NA,NA,NA,54.1746649105052,41.6927010711667,NA,25.9399018440752,NA,NA,40.7412118652044,46.4484699493891,43.8317229879152,38.5401236136443,7.73554307189246,NA,37.0740136534187,NA,0.19883027519731,27.2020941078506,79.8373683634853,NA,NA,43.948211927001,NA,0.128138981736816,49.7818785846258,36.1099593780642,22.3497462550285,19.2032752477047,NA,11.1135258708432,NA,NA,39.9039078326839,NA,39.3813739310991,NA
1982-06,45.8249043970597,42.5980363995811,43.897085859564,59.1321492282353,NA,NA,NA,NA,54.6311179865701,41.8756250766985,NA,26.1494800127715,NA,NA,40.8558011752311,46.7670916072744,44.1595256233144,38.5392627095659,7.96728094754656,NA,37.0740136534187,NA,0.210793752601139,27.4360712725088,80.0236680932219,NA,NA,44.4345584589047,NA,0.134916979800977,49.7847938955112,36.2895923798852,22.5997162510612,19.3787775637609,NA,11.2559404435303,NA,NA,39.9738037287628,NA,39.7528963266755,NA
1982-07,46.2480788067373,42.8909837148293,44.1667236210294,59.2423664692448,NA,NA,NA,NA,54.7502912637621,42.012370412963,NA,26.3873356733342,NA,NA,40.9730296523226,46.9081022045536,44.3078453935656,38.6421099969889,7.92051055192596,NA,37.9399563618137,NA,0.22848878176354,27.7655642181263,79.677563519449,NA,NA,44.7946060715413,NA,0.14165173759141,50.1773663889592,36.5862305645048,22.7611398703246,19.4652852549721,NA,11.3242380345545,NA,NA,40.1303804847008,NA,39.9180173913761,NA
1982-08,46.394222165664,43.1824621854114,44.4422926709645,59.6700691122851,NA,NA,NA,NA,54.7730126729166,42.2672091323222,NA,26.5210408673128,NA,NA,41.0521260583941,46.9989319471352,44.4698571791388,38.6984752897556,7.81199411195506,NA,37.9399563618137,NA,0.243272549264545,28.2222739080601,79.5098114899141,NA,NA,45.0365285651732,NA,0.154931741681723,50.3231427337673,36.563902507354,22.9894238004295,19.5603790198579,NA,11.4501468630141,NA,NA,40.2203559826554,NA,40.0831384560768,NA
1982-09,46.5846328162505,43.4635889425165,44.6318029848516,59.8456108932909,NA,NA,NA,NA,54.9802312451638,42.7325459153311,NA,26.7339951481245,NA,NA,40.9583419349981,47.1172343333194,44.6849980406518,38.6541543782924,8.06318012045976,NA,37.9399563618137,NA,0.261695401413164,28.6485559818406,80.614843837509,NA,NA,45.372869069264,NA,0.163544932021193,50.7036338101863,37.0591679506934,23.2148072099477,19.7209188689613,NA,11.5722245499302,NA,NA,40.4820174188298,NA,40.1656989884271,NA
1982-10,46.6628945405863,43.6479135672029,45.1479589236293,60.027735854659,NA,NA,NA,NA,55.1909844590435,43.1756537787664,NA,27.0303837008207,NA,NA,41.1305184787594,47.327735475761,44.9385626693008,38.8458146581702,8.27599090663916,NA,38.518169770121,NA,0.28766933754967,29.166268974021,80.9356803478216,NA,NA,45.7913708753802,NA,0.17140000687214,51.0745693789433,37.3252696456086,23.4541067683189,19.8966612659961,NA,11.7313310662252,NA,NA,40.919170441774,NA,40.3308200531277,NA
1982-11,46.7882085143551,43.859844752841,45.3848943322722,60.5902612109145,NA,NA,NA,NA,55.3133962830568,43.6405770049218,NA,27.3097518725685,NA,NA,41.243804541107,47.7491568828396,45.0274873075972,38.9114026863566,8.3890969945327,NA,38.557052298645,NA,0.305728273157934,29.6150661764147,80.8159237200949,NA,NA,46.1588249987223,NA,0.180900917880123,51.0842659992256,37.3825745902788,23.628331146544,20.0578838225062,NA,11.8315471755309,NA,NA,41.2671379092309,NA,40.2895397869525,NA
1982-12,46.9382372772312,44.2653926760161,45.4470254610539,60.5771372091652,NA,NA,NA,NA,55.556313029532,43.5556698628635,NA,27.3424619844133,NA,NA,41.9045038725952,48.1156404902665,45.0201885902104,38.6944151218231,8.49813632904093,NA,38.557052298645,NA,0.320330087436007,29.9023326421165,80.87076374039,NA,NA,46.3534761056094,NA,0.196953320520579,50.98705914028,37.6340804034179,23.8419668525614,20.1880434426766,NA,11.9981732582904,NA,NA,41.4723618094897,NA,40.1244187222519,NA
1983-01,47.1668699902754,45.0034611904184,45.4183002753267,60.619881965945,NA,NA,NA,NA,55.9147090752666,43.9718663661774,NA,27.7813565594131,NA,NA,42.3967359104766,48.6986395516756,45.1775825609433,38.7349280751388,8.66989730802073,NA,39.6438864668129,NA,0.343984117456514,29.995987488779,80.5872133799754,NA,NA,46.4092836538754,NA,0.222219879685571,50.986717480525,38.264592760181,24.1331998198306,20.3888049549239,NA,12.4341163232098,NA,NA,42.4077373266705,NA,40.2895397869525,NA
1983-02,47.3592054710432,45.3683503565897,45.7530170555419,60.843805186948,NA,NA,NA,NA,56.000551373959,44.1393817378623,NA,28.1382511995974,NA,NA,42.5286380003621,49.0863581969859,45.3372796491148,38.9972277028274,8.78454598005222,NA,39.6438864668129,NA,0.360905837850587,30.4835680010012,80.1138706648629,NA,NA,46.6334429217792,NA,0.23621127453636,51.2016430868994,38.4894230769231,24.316305716036,20.5498310989638,NA,12.6717773918856,NA,NA,42.39828166279,NA,40.413380585478,NA
1983-03,47.4293130945479,45.5857262030582,46.0074497388571,60.9564283043609,NA,NA,NA,NA,56.0830014339774,44.232566299851,NA,28.343746299244,NA,NA,42.8765510840384,49.6821399449394,45.5119959651116,39.1143228001116,9.17059026754444,NA,39.6438864668129,NA,0.378919287676741,30.8129995774823,80.3668565814469,NA,NA,46.7329701095312,NA,0.248638766490321,51.2927735120281,39.1431561085973,24.5035251184193,20.7134241135382,NA,12.8799012444455,NA,NA,42.6270904251525,NA,40.4959411178283,NA
1983-04,47.4756748083015,45.854381602472,46.1493826283214,60.9845984186583,NA,NA,NA,NA,56.1347620096288,44.5953356267965,NA,28.7672323551057,NA,NA,43.0694489038421,50.2691949184592,45.8223616421862,39.7449322165829,9.22720544103434,NA,40.9377562009815,NA,0.435643459811557,31.1692755116782,81.0617805245034,NA,NA,47.0096945405718,NA,0.262405780074984,51.5596507833387,39.2555712669683,24.761288400553,20.9095486215961,NA,13.1108495071074,NA,NA,43.0116382716458,NA,40.7023424487041,NA
1983-05,47.6093809199803,46.1280474209419,46.2412327114242,61.1545886169931,NA,NA,NA,NA,56.2865260282919,45.2711558089342,NA,28.9949698909224,NA,NA,43.9990510694925,50.5767889736597,46.0206820357953,39.9382323639773,9.39883243457129,NA,40.9377562009815,NA,0.460662144051296,31.4621041790406,81.8732060161947,NA,NA,47.3401286895425,NA,0.274118666105652,51.5887456802061,39.3510746606335,24.9358370769122,21.0264425578236,NA,13.1755680012871,NA,NA,43.2176302201794,NA,40.7849029810544,NA
1983-06,47.711075227305,46.3066121597399,46.4256843646476,61.2346311929876,NA,NA,NA,NA,56.4866640283794,45.3378572321756,NA,29.2260497620232,NA,NA,44.5303545746585,50.8767764094655,46.1564597142316,39.9767861457325,9.50456921398041,NA,40.9377562009815,NA,0.488000734407034,31.6299708594658,81.8406542459334,NA,NA,47.4771275023904,NA,0.284893846469411,51.6000182733347,39.4820701357466,25.0927795817694,21.1535490865817,NA,13.3826375522686,NA,NA,43.4264697273967,NA,40.9087437795799,NA
1983-07,48.0826906535891,46.6371567664823,46.6462685968791,61.2361598240834,NA,NA,NA,NA,56.7230867478707,45.3632967935726,NA,29.3998213475023,NA,NA,44.8312927943865,51.3545121174247,46.3721162592521,40.2209468628154,9.50889248888302,NA,41.7109915729136,NA,0.525983643823971,31.941205359318,81.6024512485862,NA,NA,48.0493276336503,NA,0.298178988365574,51.8431301294994,39.6485576923077,25.2885316812185,21.28761480803,NA,13.6141094715696,NA,NA,43.6403260698959,NA,41.1151451104557,NA
1983-08,48.225536476496,46.806526243178,46.9204826827909,61.5797987231323,NA,NA,NA,NA,56.9167363654215,45.5262762371886,NA,29.6277340515372,NA,NA,44.9579818935551,51.5916807110892,46.5006957995717,40.4235994026462,9.43205791400102,NA,41.7109915729136,NA,0.565149254237208,32.1644185756856,80.9577614519612,NA,NA,48.4340928525268,NA,0.311129771770977,51.9941973048234,39.5758201357466,25.4458542428917,21.4057677844259,NA,13.9174130430259,NA,NA,43.7885703340314,NA,41.2802661751563,NA
1983-09,48.2397540585738,47.0378607699894,47.0610961167656,61.6378159449959,NA,NA,NA,NA,57.0685003840846,45.7973508138487,NA,29.9827741080304,NA,NA,45.2816463767418,51.9445764395922,46.850989495152,40.5532955911944,9.77582354948113,NA,41.7109915729136,NA,0.61145655641036,32.5723337749087,82.1250642966413,NA,NA,48.8808542314007,NA,0.321658088926712,52.2602947563776,40.0712952488688,25.6966322813118,21.5782806002027,NA,14.2430122431916,NA,NA,44.1518589195542,NA,41.5692280383824,NA
1983-10,48.5291577139154,47.218938340422,47.4199617582616,61.7457977520026,NA,NA,NA,NA,57.1028669130427,46.1259749380926,NA,30.3372077525754,NA,NA,45.4038732471366,52.3358202277285,47.1505410083347,40.7062908034263,10.0500850882249,NA,42.6599955487356,NA,0.732774415426125,33.117674264835,82.6777306529789,NA,NA,49.3134061817079,NA,0.33273152534576,52.5094746014845,40.3190328054299,25.964473071307,21.8042974766407,NA,14.5029481309713,NA,NA,44.5273342505367,NA,41.8169096354333,NA
1983-11,48.7001253742158,47.2793829132789,47.5229708280716,62.0699707240333,NA,NA,NA,NA,57.1805874446698,46.6265331786529,NA,30.667047150882,NA,NA,45.8656575506029,52.565374714445,47.3551360627828,40.8376659003286,10.1435469152667,NA,42.6599955487356,NA,0.84858816168836,33.4913175655528,82.8075857970168,NA,NA,49.5854524627812,NA,0.349681430868006,52.6198295110196,40.3564479638009,26.2088637432912,21.9893765469294,NA,14.7509166320616,NA,NA,44.8373652126704,NA,42.0233109663091,NA
1983-12,48.8308427136258,47.3953058013891,47.5268435622861,62.1236590088252,NA,NA,NA,NA,57.304769411723,46.6823765606372,NA,30.7864278263552,NA,NA,45.9737306222335,52.7567183530756,47.4090202890901,40.9103855514119,10.2960023939352,NA,42.6599955487356,NA,0.931104316736751,33.6188693770881,82.6040870315299,NA,NA,49.8148077949543,NA,0.363441402331291,52.5978442462611,40.5227092760181,26.360641220942,22.1206128230847,NA,15.1126807523884,NA,NA,45.2029575051338,NA,42.0645912324843,NA
1984-01,49.7739212842318,47.9384284607414,47.6270382711685,62.2433542237673,NA,NA,NA,NA,57.4720149310809,46.7950076217501,NA,31.1953694215542,NA,NA,46.4133225808015,53.1518989186801,47.567687452008,40.8233602038424,10.4425173964394,NA,43.7259757122478,NA,1.0670239799361,33.9434213174853,82.5077720254565,NA,NA,50.0406993748852,NA,0.383004349951285,52.6281918966931,40.721087949743,26.54242070781,22.2859642098107,NA,15.5138452206393,NA,NA,45.6433622535561,NA,42.2297122971849,NA
1984-02,49.9896391548666,48.3239218298942,47.7851656877226,62.4632866949531,NA,NA,NA,NA,57.630557782645,47.1967544528823,NA,31.4223560120051,NA,NA,46.5689883455293,53.4201950227671,47.7343857489064,41.0344262144468,10.4842873174516,NA,43.7259757122478,NA,1.19225384838663,34.3753936428354,82.4461049138602,NA,NA,50.2858672514934,NA,0.403108683740239,52.9454873348433,40.8878783552256,26.7050961113054,22.4152652803166,NA,15.8214225259941,NA,NA,45.8828264815511,NA,42.3535530957104,NA
1984-03,50.1423600942902,48.5874601772267,47.9149458218857,62.8226326681174,NA,NA,NA,NA,57.7510570606598,47.2956312173094,NA,31.7495859537163,NA,NA,46.8491867220392,53.784916058781,47.903531826761,41.1213518783409,10.8491123010548,NA,43.7259757122478,NA,1.31052397830018,34.6046734399736,82.5115810080455,NA,NA,50.551880019946,NA,0.42035390157297,53.1473135115328,41.5822958309537,26.8765188316095,22.5569119577518,NA,16.1708310207236,NA,NA,46.129374794489,NA,42.518674160411,NA
1984-04,50.2431121398233,48.8616217374031,48.0907793788744,62.8359056315521,NA,NA,NA,NA,57.8028232807584,47.4584788129672,NA,31.9312526771367,NA,NA,47.1078105827996,54.1606572099265,48.174505314569,41.7568992028177,10.9954085981962,NA,44.4606086895134,NA,1.60879213903444,34.9043098690937,82.9901165861109,NA,NA,50.7417243299214,NA,0.435593919842578,53.3118794518788,41.772030268418,27.0902388287305,22.7416178353671,NA,16.5689686231526,NA,NA,46.5014289389429,NA,42.7250754912868,NA
1984-05,50.2390092323449,48.9659479022811,48.1483341832097,62.7611934344959,NA,NA,NA,NA,57.890726172855,48.1014937431695,NA,32.1686794504926,NA,NA,47.6616910974233,54.4814605614202,48.4295349978538,41.8907550890104,11.0929777409843,NA,44.4606086895134,NA,1.83300500491735,35.1527484542875,84.1822787756234,NA,NA,50.9287728879638,NA,0.448392508341985,53.3424136543878,41.772030268418,27.2730096955981,22.8638138394251,NA,16.6423928313083,NA,NA,46.6471904016427,NA,42.8901965559874,NA
1984-06,50.3304162311505,49.2016484232434,48.3842403147249,62.8334642785291,NA,NA,NA,NA,58.0821615051487,48.4069298764275,NA,32.3495598807004,NA,NA,47.7749771597709,54.7276047881551,48.5495120163988,41.9726423344934,11.2658636344264,NA,44.4606086895134,NA,2.0886959196903,35.3657571842895,83.9032328010123,NA,NA,51.0161683878172,NA,0.464669072057359,53.3503987333827,41.8756996002284,27.4502391578446,23.0708584437305,NA,17.0820319306313,NA,NA,46.6458583589677,NA,43.0140373545129,NA
1984-07,50.6282721040483,49.4623826036458,48.4119362233245,62.853505976748,NA,NA,NA,NA,58.0563552410258,48.3075730621876,NA,32.5936029854541,NA,NA,47.8908697174768,55.0282676923463,48.6693985360654,41.9764325823255,11.2791105817056,NA,45.2391348504476,NA,2.3859633326512,35.4670640829672,83.8901159033886,NA,NA,51.0597910268318,NA,0.48006856143506,53.3665919057398,41.9142347230154,27.5738742247259,23.1221387163672,NA,17.3773463218401,NA,NA,46.9188009967978,NA,43.1791584192135,NA
1984-08,50.7992899574708,49.5403429530338,48.5643245092642,63.2318152601123,NA,NA,NA,NA,57.9719982794562,48.5089846051786,NA,32.7392156907303,NA,NA,48.05647878396,55.2632471048491,48.8074840147126,42.5941649848906,11.1439760071123,NA,45.2391348504476,NA,2.7682487801884,35.7021327722191,83.0947951392138,NA,NA,51.1799675451521,NA,0.494797312522416,53.4480456899232,41.9537835522558,27.7086809117602,23.245371916877,NA,17.6063043165644,NA,NA,47.064499404223,NA,43.3855597500893,NA
1984-09,50.9748274733852,49.7386826703991,48.7415130302761,63.3230696159482,NA,NA,NA,NA,58.0671297911181,48.829034936076,NA,33.0129250649725,NA,NA,48.3154873092798,55.5112911145444,49.1421780365587,42.7965099111863,11.5438765252896,NA,45.2391348504476,NA,3.31602141583247,36.0182503106738,84.2722128663159,NA,NA,51.2552773114688,NA,0.512057547216468,53.7625550309745,42.3984151913192,27.9695294031423,23.4268401455294,NA,17.77461690914,NA,NA,47.3928369765194,NA,43.6745216133154,NA
1984-10,51.0122434038823,49.769273023023,48.9461239894325,63.5447096760618,NA,NA,NA,NA,58.3657858970945,49.110239610745,NA,33.3244888410184,NA,NA,48.5122295287085,55.8266364882403,49.4160497883806,43.0324882495042,11.8534257783509,NA,45.6061070452984,NA,3.96923642365371,36.3544328675125,84.8697657398693,NA,NA,51.5348063654624,NA,0.530545389239118,54.1805619094676,42.6178612221588,28.2225942943608,23.6546778696265,NA,18.0359776337118,NA,NA,47.8529587589887,NA,43.8809229441911,NA
1984-11,51.2809127367972,49.9810423494563,49.1058798404649,63.9073810262701,NA,NA,NA,NA,58.4846630794751,49.4721817142365,NA,33.5707156571916,NA,NA,48.5930791904313,55.9881810905594,49.5408921037522,43.1702329559351,11.952130587155,NA,45.6061070452984,NA,4.90316102039315,36.6920109199533,84.9082903429508,NA,NA,51.7304096887099,NA,0.548278123730447,54.2612912596692,42.6652055968018,28.3826330983322,23.8147265332612,NA,18.3517829638904,NA,NA,48.1651292216189,NA,43.9634834765415,NA
1984-12,51.384810978482,50.1230226054432,49.0610769487816,63.952032835252,NA,NA,NA,NA,58.5519164447157,49.4081782055063,NA,33.7778705346185,NA,NA,48.7236453609313,56.1471504415326,49.6329648853489,43.0631954976169,12.1381443288149,NA,45.6061070452984,NA,5.0975334264869,36.9515719325598,85.0489255846727,NA,NA,51.7829657378999,NA,0.567364327503402,54.21892061102,42.92113078241,28.5334945371958,23.9453704233966,NA,18.5632158543104,NA,NA,48.707591997099,NA,44.0460440088918,NA
1985-01,51.6708585391615,50.4216577661516,49.1662258854466,64.2973823304945,NA,NA,NA,NA,58.7762329688448,49.6140084931288,NA,34.2089233862009,NA,NA,49.2548812767156,56.4047008535831,49.7591955863184,43.1938076818128,12.4434805827328,NA,46.443169165267,NA,5.32670454545455,37.3401441073195,84.8900028144383,NA,NA,51.9821660986247,NA,0.603202245096983,54.0515496662174,43.1832403832404,28.7535598108554,24.172618335242,NA,19.2278193676551,NA,NA,48.9506389907636,NA,44.1286045412421,NA
1985-02,51.8159029729156,50.8083974723695,49.4799629483635,64.7216913340835,NA,NA,NA,NA,58.9486352254695,49.7755308025411,NA,34.4795959876562,NA,NA,49.349487548999,56.6761285427588,49.9793699445713,43.57567123823,12.3653607191337,NA,46.443169165267,NA,5.96590909090909,37.8082773847493,84.6519085643948,NA,NA,52.1985469887821,NA,0.628077541235139,54.2149878959231,43.278978978979,28.9437214937298,24.3444568312283,NA,19.7239629129348,NA,NA,49.2054374733399,NA,44.3350058721179,NA
1985-03,52.0001839785946,50.9126671947681,49.6071208794543,64.9398241068463,NA,NA,NA,NA,59.1090962674793,50.1003807574239,NA,34.6930647760146,NA,NA,49.6349742259094,56.9765095363018,50.2099549132545,43.9326553276258,12.7504377192107,NA,46.443169165267,NA,6.71164772727273,38.0662528449141,84.9243160365899,NA,NA,52.354469359692,NA,0.654488418883474,54.5524125021158,43.8803374803375,29.1634362827588,24.5419162202095,NA,20.0584470381564,NA,NA,49.4981746506586,NA,44.5414072029936,NA
1985-04,51.9929607320274,51.2568611399406,49.7897750606254,64.8969276269783,NA,NA,NA,NA,59.2484749293102,50.2589414564085,NA,35.0468338810413,NA,NA,49.8935532540936,57.381341203362,50.4905003400179,44.9993976807798,12.878705836454,NA,47.1458386990958,NA,8.09659090909091,38.3022356480751,85.654063640701,NA,NA,52.7705589990958,NA,0.674490032943305,54.7782991113427,44.0715572715573,29.374770578899,24.7273989299004,NA,20.2915459890728,NA,NA,49.7330932063954,NA,44.6652480015191,NA
1985-05,52.1854749307298,51.4189499209741,50.0813696000761,64.9958646760534,NA,NA,NA,NA,59.2983286034103,50.7894751864347,NA,35.2260576754997,NA,NA,49.9392012164678,57.6707351337851,50.6865215401234,45.2098868015572,13.0138130290757,NA,47.1458386990958,NA,8.52272727272727,38.5869604314001,85.9481993309758,NA,NA,53.0532061278659,NA,0.693057944377765,54.8093639681568,44.1396968396968,29.5442996315787,24.8682642729378,NA,20.5147936106436,NA,NA,50.348552533504,NA,44.8303690662197,NA
1985-06,52.2938662173419,51.6001544751962,50.3549323121966,65.0553059048097,NA,NA,NA,NA,59.3638174700582,50.8603316583911,NA,35.350028858,NA,NA,50.0745580568982,57.9230053191499,50.7994283040084,45.3053217987143,13.2623490424174,NA,47.1458386990958,NA,9.69460227272727,38.7941482154895,86.0063265265172,NA,NA,53.1812029173144,NA,0.712597273271764,54.8002843784097,44.4211354211354,29.6817973743442,25.0030759037987,NA,20.6504320167272,NA,NA,50.2089236341387,NA,44.91292959857,NA
1985-07,52.5450082641298,52.1810809781643,50.6651223277947,65.0707903416494,NA,NA,NA,NA,59.3984800938277,50.6824889857399,NA,35.518510049087,NA,NA,50.0432079505883,58.2175678291694,50.9005024887879,45.3422077323217,13.1972605143469,NA,47.836598688676,NA,12.3579545454545,38.9154040115434,86.0690513876263,NA,NA,53.4165673192109,NA,0.739940654752561,54.713690924784,44.5000858000858,29.8240764428584,25.0748851929926,NA,20.7956096080744,NA,NA,50.0230327437894,NA,44.9954901309204,NA
1985-08,52.6620753558418,52.3435439964718,50.7357547316778,65.5144285406679,NA,NA,NA,NA,59.2625049595652,50.6761995500513,NA,35.6220925936005,NA,NA,50.1455468246484,58.3365712481972,50.997909346183,45.5366052488214,13.1421126931534,NA,47.836598688676,NA,12.7840909090909,39.03851656253,85.8286713340808,NA,NA,53.4554157984648,NA,0.774207366351982,54.8378601390995,44.2939367939368,29.9652137015432,25.1306020466846,NA,20.9002598715954,NA,NA,50.1261539528377,NA,45.160611195621,NA
1985-09,52.7130198537409,52.4500168767696,50.8521148714907,65.6713428479727,NA,NA,NA,NA,59.2592551238496,50.98996044526,NA,35.9918507079592,NA,NA,50.5148190612927,58.4980116909803,51.2014925082824,45.4864740498268,13.8472618229164,NA,47.836598688676,NA,12.9971590909091,39.3117671868971,86.165979451449,NA,NA,53.4317770532279,NA,0.80914394947017,55.2242090553559,44.9295438295438,30.1938244029607,25.2728955223057,NA,21.0226298247614,NA,NA,50.4119379724849,NA,45.4082927926719,NA
1985-10,52.8147156820693,52.6163790752621,51.0613021550933,65.7773767637365,NA,NA,NA,NA,59.393767498778,51.1796867235398,NA,36.2358608213893,NA,NA,50.5775394772546,58.7325975457458,51.4961818502329,45.6646561426448,14.3401320435254,NA,47.9465916313546,NA,13.5298295454545,39.7461874557103,86.6554249051057,NA,NA,53.7393186235928,NA,0.84214102986762,55.5393154468356,45.0961532961533,30.5070260519014,25.5394762277116,NA,21.3893213180121,NA,NA,50.9268285155134,NA,45.697254655898,NA
1985-11,53.1055293078401,52.745840438848,51.1835058584016,66.2594590681935,NA,NA,NA,NA,59.4127892855526,51.4552645507694,NA,36.5308825906791,NA,NA,50.6188257954131,58.8738900536731,51.671031888133,45.8104699776044,14.7063236127688,NA,47.9465916313546,NA,13.9559659090909,40.1161610192299,86.5918342555351,NA,NA,53.9139545000735,NA,0.884319433438611,55.5570823648541,45.1438438438439,30.7619116892013,25.7674914225118,NA,21.7073993987577,NA,NA,51.2216443274732,NA,45.9036559867738,NA
1985-12,53.2125821111969,53.0529056847412,51.316780823443,66.3057228437732,NA,NA,NA,NA,59.5436133269954,51.4329037832376,NA,36.743277590005,NA,NA,50.7277703304448,58.9977876292024,51.7422646941575,45.8237766240884,15.2210134802338,NA,47.9465916313546,NA,14.1690340909091,40.2665475603165,86.6626304160228,NA,NA,54.0172937736407,NA,0.933925559248452,55.353495725861,45.4226226226226,30.9596266651697,25.9024494580947,NA,22.089743753003,NA,NA,51.4161466416381,NA,45.944936252949,NA
1986-01,53.6048953558189,53.3894310878668,51.413102798111,66.4653319524629,NA,NA,NA,NA,59.8312157214096,51.2283142759226,NA,37.7234568838221,NA,NA,51.0248357066782,59.2322618368788,51.8679242957741,45.8987260602055,15.6345898464795,NA,48.8013064109552,NA,13.7428977272727,40.5154112797042,86.4134426890774,NA,NA,54.0957896648212,NA,1.00841525094167,55.0886246176058,45.7493375124662,31.2132246436616,26.1072570463371,NA,22.8861703710353,NA,NA,51.9164109882723,NA,46.0687770514744,NA
1986-02,53.8656387384576,53.8025220536053,51.7821503656272,66.7495293512922,NA,NA,NA,NA,59.8083575537437,51.4483305398102,NA,38.0209317936741,NA,NA,51.2564868827943,59.3043862498566,52.0025536995268,46.1547664667555,15.421699263128,NA,48.8013064109552,NA,13.9559659090909,40.837583085339,86.3833222908467,NA,NA,54.0644272534728,NA,1.05997277472116,55.2164294520497,45.9804530559909,31.3807304310034,26.210186432333,NA,23.1947671917624,NA,NA,51.9150058189942,NA,46.1926178499999,NA
1986-03,53.9787002669279,53.9826067085469,52.1747998535139,66.8819344686796,NA,NA,NA,NA,59.6185443170842,51.6528208766664,NA,38.4606213024712,NA,NA,51.3395243206093,59.536259641729,52.1501706976172,46.2967427520506,16.0446284519974,NA,48.8013064109552,NA,14.2755681818182,41.0881878060306,86.4832054220517,NA,NA,53.9955820316405,NA,1.11038239522433,55.3676378281056,46.4644108847414,31.5705751831691,26.3304345304378,NA,23.4555826736119,NA,NA,51.9641433932283,NA,46.3577389147005,NA
1986-04,53.9533230807095,54.3225920412019,52.4432915167183,66.8830657833281,NA,NA,NA,NA,59.6700200868185,52.4726979369238,NA,38.7019504781047,NA,NA,51.4979629155615,59.8622315728191,52.3904134316336,46.9498095468287,16.1769582517051,NA,49.5778959609352,NA,14.8082386363636,41.2203804896388,87.0897201597783,NA,NA,54.0739094330559,NA,1.16220789236021,55.5882360166891,46.755392506055,31.8035880669123,26.4714749007678,NA,23.6818922578018,NA,NA,52.33170484937,NA,46.5228599794012,NA
1986-05,54.0428341484041,54.506130922668,52.883913040271,66.7225515063647,NA,NA,NA,NA,59.7713495306529,52.8801887989329,NA,38.8442161350505,NA,NA,51.522747767584,60.031946615829,52.5341781417446,47.0885056971312,16.2843913517566,NA,49.5778959609352,NA,15.1278409090909,41.4344095327261,87.4334364323587,NA,NA,54.2120085661649,NA,1.21706270751691,55.6228989634143,46.9898561048582,31.9704152913398,26.5497646529949,NA,23.742528963399,NA,NA,52.3177709473444,NA,46.6054205117515,NA
1986-06,54.3044254906051,54.7607657965558,52.9901434705041,66.754502642654,NA,NA,NA,NA,59.8452449702832,53.0132952719996,NA,39.0777570017906,NA,NA,51.8539834235787,60.2419169889859,52.6076743179026,46.9883056370321,16.6315918267925,NA,49.5778959609352,NA,15.3409090909091,41.512526954527,87.4630657463036,NA,NA,54.3547232794233,NA,1.29158170369507,55.4106801459846,47.7717766063542,32.1655199907776,26.6673508003283,NA,23.8753186276717,NA,NA,52.3123757804151,NA,46.6879810441018,NA
1986-07,54.4927607316442,55.1123382805704,53.4061860129992,66.688733871753,NA,NA,NA,NA,59.7931939442675,52.7492381840235,NA,39.2789538032763,NA,NA,51.8446233684257,60.4694600456528,52.7253810885131,46.9488808747791,16.4789401790749,NA,49.741626791994,NA,15.4474431818182,41.5948362534257,87.3939021179848,NA,NA,54.5386380543022,NA,1.36402546499005,55.2104766684119,48.1161561475994,32.3674360262014,26.7169481753285,NA,23.8991925251897,NA,NA,52.5190959297931,NA,46.8531021088024,NA
1986-08,54.6925871556303,55.2477879404545,53.4751377659633,67.1865066574415,NA,NA,NA,NA,59.6435018079029,52.9241339107677,NA,39.3750952333019,NA,NA,52.0295400480464,60.6181178018915,52.7975188289803,47.1288580234425,16.4328692761896,NA,49.741626791994,NA,15.6605113636364,41.7568890603509,87.0978970665096,NA,NA,54.5756021636119,NA,1.47983315425136,55.3753676394662,48.0776321413307,32.5917503592514,26.7673396520219,NA,24.0598860068448,NA,NA,52.6018441547855,NA,46.9769429073279,NA
1986-09,54.7192716445281,55.4107894900663,53.4784113428269,67.259367874413,NA,NA,NA,NA,59.7780141828312,53.3897197251723,NA,39.6079794156007,NA,NA,52.238604812968,60.8012909998313,53.0441291751688,47.3268454507987,17.1114541792738,NA,49.741626791994,NA,15.9801136363636,41.8558449022418,87.5331047040924,NA,NA,54.7421125633771,NA,1.56822201166143,55.6683017765229,48.991722467588,32.889005131323,26.9087866811236,NA,24.2379565961325,NA,NA,53.020734793836,NA,47.265904770554,NA
1986-10,54.7061522271211,55.4878358924456,53.9036587506553,67.3205539834362,NA,NA,NA,NA,59.7466126836716,53.5213510510566,NA,39.8243270896974,NA,NA,52.3073749365481,61.0301700181624,53.267157826255,47.467831532894,17.6437129503811,NA,49.8953846897584,NA,16.40625,42.1082974689849,87.7875506675669,NA,NA,54.8173493097345,NA,1.65988585270918,55.8795652980154,49.2060834876763,33.2410717081293,27.133072752413,NA,24.5699935738696,NA,NA,53.2930197301218,NA,47.5135863676049,NA
1986-11,54.7764583416085,55.5550895285998,54.099390531374,67.6649222670551,NA,NA,NA,NA,59.6982387022471,53.7110773293364,NA,40.1525994001328,NA,NA,52.3079510932435,61.163855906695,53.4110997226871,47.9657392152971,17.7448408383987,NA,49.8953846897584,NA,16.8323863636364,42.3542012873708,87.8074010940312,NA,NA,54.852549879884,NA,1.7708267032865,55.9543386120867,49.4325402478986,33.5184526813832,27.2824664698187,NA,24.8087544457237,NA,NA,53.4118889939906,NA,47.6374271661304,NA
1986-12,54.855211350139,55.7719089387624,54.2101972860535,67.7361091742598,NA,NA,NA,NA,59.7946962147318,53.6651476914648,NA,40.2892486769891,NA,NA,52.4581819464337,61.2571492535332,53.4744813283931,48.0967613246255,17.9084340516067,NA,49.8953846897584,NA,17.0454545454545,42.5290222119457,87.7290191452903,NA,NA,54.8165840794272,NA,1.90340580317195,55.8707181822046,49.6823764068956,33.7831997184108,27.3893394545566,NA,25.1040435237557,NA,NA,53.5803499176472,NA,47.6787074323055,NA
1987-01,54.8068327854804,55.9054458792059,54.2375675077574,67.9408216350438,NA,NA,NA,NA,60.1207863249124,53.5779708562697,NA,40.5482321382888,NA,NA,53.112986435916,61.7163623865022,53.6121313860227,48.2126206021429,18.1140281154629,NA,50.9195488113597,NA,17.2585227272727,42.7459550344202,87.4466492246894,NA,NA,54.9202953655172,NA,2.07308759386737,55.415244455888,50.2355521300448,34.0335443548955,27.5497697610523,NA,25.535500099855,NA,NA,54.0557936939501,NA,47.802548230831,NA
1987-02,54.7723288165653,56.2775671413392,54.4382012998182,68.2085946440981,NA,NA,NA,NA,60.2238802673396,53.7481514649664,NA,40.8835425977596,NA,NA,53.3446376120321,61.9169635688514,53.7462138162086,48.3541641993272,18.1783881629516,NA,50.9195488113597,NA,17.578125,43.0106318985946,87.4266093006724,NA,NA,54.9229792286032,NA,2.21672445331618,55.5227006820584,50.809697309417,34.2502890676982,27.6890148743127,NA,25.7687489109899,NA,NA,54.218016524264,NA,47.9263890293565,NA
1987-03,54.8685368635473,56.3484817445981,54.5695576520192,68.2964002726992,NA,NA,NA,NA,60.2911392770273,54.4060296242038,NA,41.0825431197026,NA,NA,53.6395449541216,62.0694208910108,53.9664700990803,48.4880948441717,18.7562408500091,NA,50.9195488113597,NA,17.8977272727273,43.1470873409124,87.6034738413507,NA,NA,54.9341912505721,NA,2.36684233262936,55.6909771749048,51.5539237668161,34.5162728833908,27.8048572750288,NA,26.0457382704485,NA,NA,54.3659507666329,NA,48.2153508925826,NA
1987-04,54.8878923961207,56.6398797276252,54.9460772175091,68.305683633187,NA,NA,NA,NA,60.4703372998946,54.5838722968549,NA,41.3533021270055,NA,NA,53.8755779777955,62.4371288130127,54.2865036314115,49.1620189859728,19.1610332299772,NA,51.2004797890702,NA,18.3238636363636,43.3203592346596,88.31370763991,NA,NA,54.9333880794716,NA,2.55357664633318,55.8954341764808,51.855759529148,34.8772881400565,27.9963506931637,NA,26.2248808650087,NA,NA,54.5749391543596,NA,48.4630324896335,NA
1987-05,55.0427009131214,56.796626521315,55.2477137415654,67.9997400553414,NA,NA,NA,NA,60.4443773439189,55.2252982448952,NA,41.4939794873722,NA,NA,54.0489511955334,62.5646887429154,54.3809984352715,49.1907981992842,19.2929392648925,NA,51.2004797890702,NA,18.6434659090909,43.531725272998,88.4217905661701,NA,NA,54.9099947920129,NA,2.74973490514906,55.8611467050434,51.9828335201794,35.1005431381117,28.0628573152037,NA,26.3711644713568,NA,NA,54.6678095024538,NA,48.5455930219838,NA
1987-06,55.5839150963767,56.942564205856,55.2335546484495,68.0610668209644,NA,NA,NA,NA,60.5066163748512,55.2535348912622,NA,41.5817199124946,NA,NA,54.2943644777023,62.7029868773014,54.4463212033664,49.2515742221754,19.7382079854744,NA,51.2004797890702,NA,18.8565340909091,43.6887203205885,88.5214112338246,NA,NA,54.8602710551264,NA,2.95754480403094,55.8527460258384,52.2894058295964,35.3333459932762,28.1806603451545,NA,26.414088630905,NA,NA,54.6759891727922,NA,48.586873288159,NA
1987-07,56.1099861668032,57.1809709473307,55.6058235763888,68.0967644635567,NA,NA,NA,NA,60.510156660931,55.1142888434437,NA,41.8167893772282,NA,NA,54.2630143713924,62.8608691252471,54.5493935620036,49.2921118803185,19.5676737078044,NA,51.5423681613545,NA,19.0696022727273,43.7993639575517,88.4705611320042,NA,NA,54.8350046592945,NA,3.20827871613178,55.8341887812432,52.2196608744395,35.6148686808565,28.2546503542769,NA,26.5684789762419,NA,NA,54.8754632202023,NA,48.7107140866844,NA
1987-08,56.347114446009,57.2156684523241,55.8327170004261,68.4735512100522,NA,NA,NA,NA,60.5156207819035,55.281555183733,NA,41.8800329590677,NA,NA,54.3851448557814,62.9890970359819,54.7125181847814,49.4547597835306,19.4337671470534,NA,51.5423681613545,NA,19.2826704545455,43.9771143290367,88.2109081909421,NA,NA,54.9495732168727,NA,3.46246461591665,55.9449146787181,52.1705297085202,35.9080448003953,28.3149504132026,NA,26.7191242137774,NA,NA,55.1052948792409,NA,48.9583956837354,NA
1987-09,55.9388899816902,57.2225066096959,55.8663964139358,68.4923173033992,NA,NA,NA,NA,60.5362759532067,55.7333540239522,NA,42.1031147907178,NA,NA,54.7807889911404,63.068795016343,54.9801872854798,49.6824541339155,19.8879696187799,NA,51.5423681613545,NA,19.4957386363636,44.1973572110502,88.6559734167046,NA,NA,54.9970227167382,NA,3.70203345573659,56.1751464050456,53.1551989910314,36.2864426517911,28.4801074748659,NA,26.8583549168284,NA,NA,55.6456299770886,NA,49.2886378131366,NA
1987-10,55.7776818416254,57.0870000121238,56.0749323237472,68.7716422968455,NA,NA,NA,NA,60.6415841808909,55.9273998764047,NA,42.3619874954311,NA,NA,54.8440451571138,63.2444988064354,55.2412811644386,49.9593516910486,20.7057148469672,NA,51.5510763605794,NA,19.8153409090909,44.5895765788469,88.7996121981703,NA,NA,55.0157120459739,NA,4.01609786149301,56.2667565538996,53.3304091928251,36.7352658417558,28.6898552823272,NA,27.2586668124374,NA,NA,56.0753004407853,NA,49.5775996763627,NA
1987-11,55.7263525297904,57.0754904251539,56.3282189088013,69.1077858783406,NA,NA,NA,NA,60.6725584711749,56.2754231577526,NA,42.5324725166732,NA,NA,54.7884811862331,63.3220150931879,55.396020558017,50.2220144637923,20.7898949365518,NA,51.5510763605794,NA,20.2414772727273,44.7789352680586,88.884030879247,NA,NA,55.1439986028107,NA,4.37480711028516,56.2666090027293,53.3423346412556,37.1825863533539,28.9302205236906,NA,27.5161631622152,NA,NA,56.3085690501711,NA,49.7427207410633,NA
1987-12,55.8459277566022,57.2310314691788,56.4678030656485,69.1384283373076,NA,NA,NA,NA,60.7190142621538,56.3213527956242,NA,42.6730179117455,NA,NA,55.0207085190447,63.392874652026,55.379358821398,50.1055371707267,21.0109795973969,NA,51.5510763605794,NA,20.4545454545455,44.8775140948482,88.7780170090083,NA,NA,55.2618500598917,NA,5.01582607518066,56.0889623664191,53.6507987668161,37.8021766478257,29.205405931877,NA,27.753349958241,NA,NA,56.3509365021835,NA,49.7014404748882,NA
1988-01,56.0617125513998,57.282422128747,56.4458462876632,69.3061849828061,NA,NA,NA,NA,61.0620712101521,56.4738877548366,NA,42.9733245768734,NA,NA,55.8070185821674,63.5786486657696,55.5058504882816,50.078058036896,20.9427866946248,NA,51.981299156961,NA,20.6676136363636,45.1762398723411,88.3532858328264,NA,NA,55.4372546322914,NA,5.7077884332191,55.7213134955368,53.9159612233752,38.1471711807243,29.3630561645531,NA,28.3701416947777,NA,NA,56.6318302349817,NA,49.8665615395888,NA
1988-02,56.2734666863946,57.4613738387475,56.8636216975178,69.6104784621748,NA,NA,NA,NA,61.1843349867596,57.0116699919638,NA,43.2071851452493,NA,NA,55.9429111726092,63.7210357642778,55.643237503726,50.2943649581452,20.7904331950282,NA,51.981299156961,NA,20.8806818181818,45.392388099959,88.2927736577768,NA,NA,55.5171185633643,NA,6.24233961631754,55.8516677692424,54.2527853631895,38.4398319266442,29.5031350260061,NA,28.7183800374386,NA,NA,57.1094927687581,NA,49.9904023381143,NA
1988-03,56.4568601864152,57.5207460786996,57.3634264598842,69.6794260821919,NA,NA,NA,NA,61.2394990899794,57.2663768633648,NA,43.5144906840273,NA,NA,56.3060730916094,63.9082904387864,55.9253943427766,50.5216882475922,21.5819533925857,NA,51.981299156961,NA,21.2002840909091,45.6446231384521,88.5539219424126,NA,NA,55.6175681502217,NA,6.60889391222841,56.222807104356,55.2065264882578,38.7808488524453,29.6904681874187,NA,28.9069518680037,NA,NA,57.3815937938264,NA,50.3206444675155,NA
1988-04,56.4959492209813,57.8638323004929,57.448677172819,69.7144786482522,NA,NA,NA,NA,61.3188417172408,57.4650904918445,NA,43.6329240372085,NA,NA,56.8414761182986,64.2624029943111,56.1990371211229,51.4510957145814,21.91335130638,NA,52.2709383338963,NA,21.4133522727273,45.758524323922,89.0741482340098,NA,NA,55.6746489474866,NA,6.81601843844706,56.3649475864636,55.3430365920262,39.0755145463548,29.9440391093737,NA,29.1391765048994,NA,NA,57.9689488596043,NA,50.5270457983913,NA
1988-05,56.4604010830268,57.9956514623936,57.746714433116,69.5461533394092,NA,NA,NA,NA,61.473997974578,58.1587028359455,NA,43.9129049049661,NA,NA,57.4418233743635,64.4172908687156,56.357363032648,51.6328678286064,22.0034307040606,NA,52.2709383338963,NA,21.7329545454545,45.9453287721032,89.3269576368897,NA,NA,55.7628653648793,NA,6.96076544898703,56.4455579562536,55.523361551065,39.2598235745647,30.1025989249347,NA,29.5034017493113,NA,NA,58.2210101302274,NA,50.6508865969168,NA
1988-06,56.7487590483252,58.1568223461722,57.8682667626329,69.5890944301637,NA,NA,NA,NA,61.5325486720247,58.1127731980739,NA,44.1409566438648,NA,NA,57.8374675097225,64.5799300616154,56.4602813429615,51.8015810762201,22.4975743114898,NA,52.2709383338963,NA,22.0525568181818,46.0830851531578,89.1856689219086,NA,NA,55.821084126694,NA,7.08175930393119,56.3776677679624,55.7989759694156,39.3962778692952,30.2242664950254,NA,29.60664503503,NA,NA,58.3482456029553,NA,50.7747273954422,NA
1988-07,57.727066346109,58.3712542467697,58.1823295124454,69.5764667698955,NA,NA,NA,NA,61.6033479677923,57.7437471129392,NA,44.3929365184681,NA,NA,57.9338022520923,64.8546265474272,56.5773988911098,51.8942925375275,22.343591899958,NA,52.6023935527425,NA,22.1590909090909,46.178077051563,89.1423872527928,NA,NA,56.0435055670169,NA,7.16645532696395,56.540532318842,55.7184188967777,39.5417335469106,30.3499800828508,NA,29.7816668618214,NA,NA,58.4774524287807,NA,50.8985681939677,NA
1988-08,57.8870341076572,58.4922240762126,58.3497140107733,70.0804210280507,NA,NA,NA,NA,61.5810819897492,58.1481591810831,NA,44.5415875675466,NA,NA,58.0933931604354,65.0024385717216,56.7596684531739,52.6104256743304,22.1194307269439,NA,52.6023935527425,NA,22.265625,46.3487010420294,88.9576348222165,NA,NA,56.1593850775201,NA,7.25261684334201,56.7106001816174,55.6876570180229,39.7031808770825,30.4978213105178,NA,30.0463571232677,NA,NA,58.5680781842542,NA,51.1049695248435,NA
1988-09,57.3489068014094,58.5581285817353,58.4811225794148,70.1253589045759,NA,NA,NA,NA,61.7207567463916,58.5022228667239,NA,44.7927159517979,NA,NA,58.9127817999545,65.1535268802054,57.0754618322019,52.886766154496,22.8335622846872,NA,52.6023935527425,NA,22.5852272727273,46.5381073668712,89.4622774969949,NA,NA,56.2542343955303,NA,7.3020621296932,56.896250720024,56.623361551065,39.9821842025349,30.7451431124278,NA,30.3949628952311,NA,NA,59.1210948363133,NA,51.4764919204199,NA
1988-10,57.1500545802925,58.5547996088969,58.9354730763065,70.2193233397022,NA,NA,NA,NA,61.8465664535261,58.604277595475,NA,45.0031322572153,NA,NA,58.9122056432591,65.370717802573,57.411268639634,53.5607518639003,23.5505322565936,NA,52.9221631863017,NA,23.1178977272727,46.9070153605212,89.737792218181,NA,NA,56.3625377213744,NA,7.35538596377565,56.8613030698268,56.6294238121245,40.2751168227399,31.0184707307992,NA,30.8409166227439,NA,NA,59.6612504017821,NA,51.8067340498212,NA
1988-11,57.3427627069667,58.5223099971916,59.1613894396568,70.5540351365069,NA,NA,NA,NA,62.0051093050902,59.1170011505592,NA,45.2086179307694,NA,NA,59.0431604327897,65.4502785713866,57.5826274720601,53.8026814919713,23.6488129802312,NA,52.9221631863017,NA,23.4375,47.3099173131873,89.9347824207003,NA,NA,56.5275678470233,NA,7.42870931683311,56.9626588312088,56.6109366466412,40.4618116784282,31.2321265573772,NA,31.4929835911602,NA,NA,59.751377845433,NA,51.9305748483466,NA
1988-12,57.4023503083862,58.734543952071,59.2398717448498,70.6219521771798,NA,NA,NA,NA,62.0913844571054,59.0488425931141,NA,45.4323784410766,NA,NA,59.5884592646434,65.5177246344879,57.6619801372778,53.918540527807,23.8826633864989,NA,52.9221631863017,NA,23.6505681818182,47.4809032172869,89.8510831316594,NA,NA,56.5679133437334,NA,7.54447824696908,56.8800078655719,56.6972419442927,40.5977425014151,31.3749685508615,NA,31.8320445872197,NA,NA,59.85173250431,NA,52.0131353806969,NA
1989-01,57.7030702312494,58.8230228641323,59.459101013058,70.9411664670578,NA,NA,NA,NA,62.5572860824398,59.1555797624132,NA,46.0263125993182,NA,NA,59.8834596966591,65.7381587890333,57.8598792917027,54.2738532847388,23.6328636075709,NA,53.5708708727887,NA,24.2897727272727,47.792447835969,89.6468944250589,NA,NA,56.8566558978102,NA,7.74831189309088,56.3854597088764,56.9215540180948,40.8332620298737,31.6458150558031,NA,32.58401971384,NA,NA,60.3744454044544,NA,52.1782564453976,NA
1989-02,58.0529649642079,59.099581379476,59.8509424778318,71.3286773755473,NA,NA,NA,NA,62.7382486038998,59.678747801901,NA,46.2280859634593,NA,NA,60.1741888726,65.8988981989729,58.0682600748426,54.6996589823011,23.4085529900639,NA,53.5708708727887,NA,24.609375,48.2269459067823,89.4121775506524,NA,NA,57.0350528713065,NA,7.90286342248009,56.5782780605712,57.1439595529537,41.0288346639075,31.8424542580648,NA,33.2623510443782,NA,NA,60.7424723311298,NA,52.3846577762733,NA
1989-03,58.0846824543461,59.1756593982271,60.2398882690781,71.4748160810504,NA,NA,NA,NA,62.8348541637902,60.0136613618335,NA,46.5156791863845,NA,NA,60.9023584572862,66.0547434524108,58.3355637982517,54.9318099241953,24.3089063423919,NA,53.5708708727887,NA,24.9289772727273,48.5061574480907,89.7616940799079,NA,NA,57.2270432962812,NA,8.01518164261047,56.8713706494557,57.8168839808408,41.2629378711233,32.021169834606,NA,33.360938879704,NA,NA,60.9856090909838,NA,52.6736196394994,NA
1989-04,58.022615616897,59.3364666419634,60.345740795975,71.6296555755602,NA,NA,NA,NA,63.2194949714176,60.2469337498684,NA,46.7929343424063,NA,NA,61.3386607074432,66.3491356988714,58.7237200531958,55.8874594676221,24.7718784536445,NA,54.1939141817451,NA,25.3551136363636,48.752003225078,91.3440110026772,NA,NA,57.4098590136315,NA,8.12067897458205,57.138983615902,58.0238158594997,41.5956528752706,32.3343572851141,NA,33.7987178487713,NA,NA,61.4711395217966,NA,52.8387407042001,NA
1989-05,57.9617830739498,59.4709847053132,60.8852375729205,71.6533536293568,NA,NA,NA,NA,63.2745053827845,60.8098738394974,NA,46.9572201368418,NA,NA,61.695048241395,66.5301272032027,58.9226763910279,56.1753737858327,24.8753133453446,NA,54.1939141817451,NA,25.6747159090909,49.0107564480874,91.8824393575632,NA,NA,57.6037852235318,NA,8.22304744351063,57.1255677792368,58.2008382118148,41.7799653861685,32.4887476800306,NA,34.0259674370051,NA,NA,61.7154406148107,NA,52.9625815027255,NA
1989-06,58.3943892275658,59.6672093247794,61.0848943042942,71.7337743637109,NA,NA,NA,NA,63.3227313168033,60.7604518509071,NA,47.1307372178246,NA,NA,62.3638911681073,66.6324036706646,59.0227204767841,56.3482337387412,25.1834916376573,NA,54.1939141817451,NA,26.2073863636364,49.1690524344148,91.9732834383416,NA,NA,57.7937290665481,NA,8.31364363843552,57.0193444189561,58.5473523150612,41.904117669679,32.6237057191764,NA,34.2405633874559,NA,NA,62.05038585442,NA,53.0451420350758,NA
1989-07,59.247866991259,59.9710832733363,61.4930869454793,71.7391123672817,NA,NA,NA,NA,63.2848301462125,60.5854716182249,NA,47.3426884052972,NA,NA,62.3491708203998,66.9026326097236,59.1625777240762,56.4738089220294,25.1288878616969,NA,54.8232565566075,NA,26.5269886363636,49.262902881341,91.7465177576668,NA,NA,57.8905804253182,NA,8.39812678081263,57.0991098013836,58.4956625864822,42.0730664192453,32.7603577264464,NA,34.408911698011,NA,NA,61.9180599819232,NA,53.2515433659516,NA
1989-08,59.4960590513723,60.0741901576692,61.6823760053519,72.2843120143681,NA,NA,NA,NA,63.316100531308,60.9051410697683,NA,47.5114036776803,NA,NA,62.3907119050733,67.0136102871611,59.2642930289049,56.6790991881572,24.7974999495807,NA,54.8232565566075,NA,26.8465909090909,49.4097928160307,91.6027854642222,NA,NA,57.9610271307616,NA,8.49631659027851,57.2657921349619,58.3102581160192,42.1969131502623,32.8854356754471,NA,34.6224651493462,NA,NA,62.221936048646,NA,53.3753841644771,NA
1989-09,58.7219198826338,60.0918348695194,61.8674144276738,72.4680070281978,NA,NA,NA,NA,63.3265676976945,61.1716323763392,NA,47.7736116481083,NA,NA,63.2804672397849,67.1056793194244,59.5438175245381,57.0896180932399,25.844085063698,NA,54.8232565566075,NA,27.3792613636364,49.6044163870585,92.2559114709854,NA,NA,58.0966530969233,NA,8.62141238193072,57.5408859832633,58.9496274614156,42.4708307326235,33.1165379482286,NA,34.7120053098659,NA,NA,62.7860377303955,NA,53.6643460277032,NA
1989-10,58.6409827127913,60.0032585348895,62.1658295913069,72.6021670924091,NA,NA,NA,NA,63.4800962149503,61.4623371285204,NA,48.0345706612857,NA,NA,63.4495920966016,67.3752072256397,59.8755559369598,57.5248314160411,26.4614638218242,NA,55.3870674252033,NA,27.8053977272727,49.9258235765428,92.4959210103219,NA,NA,58.3243123992194,NA,8.75509847107732,57.6003754935106,59.1055880787653,42.7965348004261,33.4041078750914,NA,35.008620767303,NA,NA,63.4349837871326,NA,54.0358684232796,NA
1989-11,58.661727682244,59.9469836966758,62.3583400116026,73.6588949723227,NA,NA,NA,NA,63.5973456572496,61.8384798727978,NA,48.2722205188297,NA,NA,63.3758069173864,67.4595249394075,60.0476763124572,58.0499094231377,26.65098414781,NA,55.3870674252033,NA,28.2315340909091,50.1992740506338,92.4024043062998,NA,NA,58.4598589741527,NA,8.88468987977897,57.615435141516,59.1176955827568,42.9902483690953,33.6282087077111,NA,35.3649709737063,NA,NA,63.5948188368065,NA,54.2009894879802,NA
1989-12,58.8315637157922,60.1258361403586,62.469850356514,73.8460591802268,NA,NA,NA,NA,63.6889255939374,61.7851845443878,NA,48.454241506225,NA,NA,63.6884029140717,67.4927044194444,60.1398625865438,58.1618075280264,27.3445801880605,NA,55.3870674252033,NA,28.5511363636364,50.3169448973213,92.5362498837241,NA,NA,58.4983080599097,NA,9.14775041616022,57.5800765384837,59.2116152208622,43.1556971182726,33.7730176291574,NA,35.5534696600611,NA,NA,63.8283063881179,NA,54.2835500203305,NA
1990-01,59.076037682363,60.3115931464566,62.6297919530273,74.2091673423042,NA,NA,NA,NA,64.0198819910206,61.6142940054216,NA,48.808441069474,NA,NA,64.7913399930767,67.6425609257999,60.3605976422828,58.4034900558281,27.1936980364257,7.60174323587306,55.9404574425816,NA,28.8707386363636,50.8226303940881,92.4742645567798,42.5581659829833,NA,58.7951644453973,NA,9.58493591857699,57.3254132470999,59.2214906505136,43.4786672173873,34.017494512823,NA,36.3774525440053,NA,NA,65.2924551179421,NA,54.4899513512063,NA
1990-02,59.5694033707487,60.589599359122,62.9640786134657,74.6001318494251,NA,NA,NA,NA,64.3902248958174,61.8513078853179,NA,49.3226925406294,NA,NA,65.0022442782454,67.8279891082369,60.6497990472944,58.7747705016109,27.1546710681147,7.87285473923295,55.9404574425816,NA,29.0838068181818,51.2061512651561,92.2990033194668,42.7993726510782,NA,58.9131169419788,NA,9.78620577491212,57.5376320571179,59.3879246773769,43.7427773613609,34.2568333207055,NA,37.4500757376461,NA,NA,65.547795700726,NA,54.8201934806076,NA
1990-03,59.6453052578452,60.7425900576704,63.1970890714534,74.8761120524647,NA,NA,NA,NA,64.3902248958174,62.1653178119224,NA,49.6225868142123,NA,NA,65.2965651341251,68.0807134104833,61.0280597505661,59.4539552664992,28.3382417981211,8.08104408079377,55.9404574425816,NA,29.4034090909091,51.5175700475175,92.5965512782095,43.397099701401,NA,58.9776408821335,NA,9.94428091707428,57.8551189463027,60.2740848037925,44.0723097123958,34.509939877914,NA,37.5102687638194,NA,NA,66.5065918735664,NA,55.2742764085343,NA
1990-04,59.8260727449792,61.091107009901,63.2722977997829,74.9293229353957,NA,NA,NA,NA,64.4918391455689,62.237895113999,NA,49.9461924233734,NA,NA,65.5796139043253,68.3818339006127,61.3838102689701,61.4260916061426,28.8792549409276,8.36232871210131,56.2522153582421,NA,30.2556818181818,51.6974688903125,93.6234443215669,43.6954342645709,NA,59.1116320413126,NA,10.1252188809768,58.1515970495609,60.3598498814854,44.4053336882983,34.8803508547674,NA,37.9143372591016,NA,NA,66.8416124291981,NA,55.3981172070598,NA
1990-05,59.7867418708249,61.2386504186212,63.6036887866938,75.5337249322381,NA,NA,NA,NA,64.6452252598662,62.8616280705347,NA,50.1686969068605,NA,NA,65.848968613752,68.5390428863172,61.5474995891612,61.9272183039902,29.4036480580121,8.36576201145433,56.2522153582421,NA,30.6818181818182,51.8498717997223,93.9465179711902,44.0561863427303,NA,59.2896714261713,NA,10.3324927643614,58.2548458482554,60.4266789570714,44.599937883404,35.0748975383986,NA,38.4913848233373,NA,NA,67.26049299692,NA,55.4806777394101,NA
1990-06,60.0993522401062,61.3976962167613,63.6790832605041,75.623111300439,NA,NA,NA,NA,64.7624803466126,62.8171555668668,NA,50.3819834574314,NA,NA,66.2710045476906,68.6939931926481,61.7101858518043,62.2116662846721,30.0666388732704,8.35961457916272,56.2522153582421,NA,31.1079545454545,52.0634626992134,94.0266235712546,44.3545209059003,NA,59.3604779417952,NA,10.5620120338049,58.1987418524226,60.623031340532,44.7864942483429,35.231673355647,NA,38.6648884807031,NA,NA,67.1857041866889,NA,55.6457988041107,NA
1990-07,60.9752952284357,61.7490805370824,63.9402197468682,75.6819808025491,NA,NA,NA,NA,64.7918325412624,62.4463906386331,NA,50.646180333368,NA,NA,66.239732398037,68.8491286589517,61.9013809259531,62.3779031871892,29.8367410420721,8.58235327745127,56.94389578811,NA,31.640625,52.2445335573283,93.8299020314174,44.4751242399477,NA,59.4774576665377,NA,10.7595026159407,58.3664116843959,60.6007900974454,44.9757849792719,35.3412752621194,NA,38.9969726682915,NA,NA,67.6150593740129,NA,55.9347606673368,NA
1990-08,61.2129071868178,61.7842135852982,64.1752887591112,76.4588945457445,NA,NA,NA,NA,64.8906410975155,62.9390196611175,NA,50.7005351100195,NA,NA,66.5405412631433,69.0544547311096,62.1825151510856,62.827104340914,29.5795007855618,8.71809252708749,56.94389578811,NA,32.1732954545455,52.494114187016,93.7248495515543,44.5936117260294,NA,59.6757020482761,NA,10.9381610734073,58.4859350160987,60.4626020542534,45.2156573743651,35.5172501258886,NA,39.384042045342,NA,NA,67.933014282316,NA,56.3062830629132,NA
1990-09,60.4999496313756,61.8030079950764,64.3517736898912,76.6351549252783,NA,NA,NA,NA,65.1185091966187,63.412615741331,NA,50.9473015699859,NA,NA,66.9384991534696,69.2653791695031,62.5121238654725,63.2853411231271,30.8414013343131,8.86627257354639,56.94389578811,NA,32.9190340909091,52.7060362171009,94.3031407747787,44.6539133930531,NA,59.9321953871304,NA,11.1263340513834,58.9085917277962,61.1558862259679,45.5739696965842,35.8868202867365,NA,39.6143310783382,NA,NA,68.5707019073576,NA,56.6365251923144,NA
1990-10,60.3462255900124,61.7521167983841,64.7484127331258,76.8174042251119,NA,NA,NA,NA,65.4639115439382,63.4494408455652,NA,51.1987567254424,NA,NA,66.9870162563815,69.5265350578625,62.8148348391085,63.766972016224,31.7633117569099,8.96662302206521,57.202127472131,NA,33.4517045454545,53.0556346406775,94.6645816159888,44.8327025461585,NA,60.3749264930281,NA,11.3180302562051,59.039915425233,61.562944429813,45.9091793809742,36.2337465874205,NA,39.975976086968,NA,NA,69.0724541833179,NA,56.8842067893654,NA
1990-11,60.4587593301991,61.8250093496216,65.0349486119129,78.0366973421244,NA,NA,NA,NA,65.3912053466194,63.6663783155875,NA,51.4428736679203,NA,NA,66.9762226539786,69.6077699115044,62.9663710202903,63.7085474054952,32.2801418333061,9.24320761823907,57.202127472131,NA,33.6647727272727,53.4368617464267,94.9111416280559,45.0728512902705,NA,60.4446274044774,NA,11.5843105703625,59.0965603965437,61.6486041611799,46.1402865611112,36.4412000361783,NA,40.5008601821244,NA,NA,69.4612026495946,NA,57.049327854066,NA
1990-12,60.6312221371358,62.0368039446522,65.0278023008348,78.1228059427168,NA,NA,NA,NA,65.4479859010262,63.5489476304891,NA,51.6761914504722,NA,NA,66.9803685908776,69.6961919673247,63.0262503739613,63.7464860810267,32.973725889564,9.15831125445586,57.202127472131,NA,33.984375,53.562069483015,95.0417047149196,45.193454624318,NA,60.4462961835666,NA,11.9173613707919,59.0335520037955,61.5869238872794,46.2853343917411,36.5546644755065,NA,40.6653643063087,NA,NA,69.6585332555537,NA,57.0906081202412,NA
1991-01,61.0517408743547,62.8589203927355,66.6000179548312,78.551231694949,NA,NA,NA,NA,65.7379336947617,63.561112945013,NA,52.4819000569529,NA,NA,68.1375327650387,70.0314186521443,63.3861341681461,63.8716286357738,32.7309279861016,10.0961454953387,57.8918712910448,NA,34.1974431818182,53.6374413479168,94.9129477560968,46.1508758288173,NA,60.6739496628127,NA,12.2342356832027,58.8672722953842,61.6894092882515,46.6646208827804,36.8275719892167,NA,42.1032046171234,NA,NA,71.1695009646205,NA,57.5446910481679,NA
1991-02,61.524861243003,63.1330009566143,66.9966968262541,79.3276080217216,NA,NA,NA,NA,66.0446848527673,63.8645465392555,NA,52.7970818814873,NA,NA,68.5711500108152,70.2685922396188,63.6989315162633,64.2605478755179,32.4378938362537,10.4582012373411,57.8918712910448,NA,34.5170454545455,54.0655822977391,94.7414578724432,46.6301153930584,NA,60.7602868678224,NA,12.4784213888064,58.9886457801926,61.9586633337719,46.9699760645774,37.1095416003133,NA,42.8657125100204,NA,NA,73.9394307233801,NA,57.9162134437443,NA
1991-03,61.7212950682382,63.3127375869932,67.4831505186176,79.536686373455,NA,NA,NA,NA,66.1740508521668,64.1801634610007,NA,53.0970869116566,NA,NA,68.8222727704826,70.45463172226,63.9814411095261,64.5860909687178,33.2369207887796,10.9439245326493,57.8918712910448,NA,35.15625,54.3951720919778,95.2940080808855,47.2278424433812,NA,60.8663684341329,NA,12.6876171294069,59.3666497862005,62.4876595184844,47.2476005224288,37.3366315584878,NA,43.2886048464018,NA,NA,74.3148469400427,NA,58.1638950407952,NA
1991-04,61.7335840176254,63.4277167429384,67.5273020365096,79.7157155854082,NA,NA,NA,NA,66.417692754476,64.2512836288735,NA,53.3869659620029,NA,NA,69.0986155075671,70.648073519401,64.1913108869454,65.1923081860372,34.4131701903236,11.4558516458151,58.3945008061051,NA,35.9019886363636,54.6058845731057,95.9683236880375,47.4679911874932,NA,61.0435308681694,NA,12.8306813234978,59.4424527903978,62.7186554400737,47.4946158360725,37.6373540727072,NA,43.8541041666731,NA,NA,74.906338256678,NA,58.2464555731455,NA
1991-05,61.6683147068877,63.6294219078258,67.7566610142976,80.5846122807696,NA,NA,NA,NA,66.5715169340345,64.7164885639241,NA,53.5854936083076,NA,NA,69.5147288085555,70.8391599727706,64.3791723124483,65.3311283985699,34.5953078562354,11.478075310803,58.3945008061051,NA,36.6477272727273,55.0471959187834,96.5653072915174,47.7673836746461,NA,61.3692099885003,NA,12.9552126418541,59.5579166150973,62.7748585712406,47.6989518678215,37.8676861560673,NA,44.2208366579525,NA,NA,74.9061346406872,NA,58.3290161054958,NA
1991-06,61.9767620890445,63.8509373720523,67.8637285638029,80.7440436183454,NA,NA,NA,NA,66.9790202056562,64.7640398614572,NA,53.7673645637313,NA,NA,69.4882312958444,71.0147243022464,64.5110440326483,65.5499732424522,35.1485398158648,11.4859660204085,58.3945008061051,NA,37.6065340909091,55.29681485217,96.4685061281551,48.1249619808569,NA,61.4487421923586,NA,13.0903264512595,59.5757917227116,62.8509275095382,47.8690317535945,38.1047690665433,NA,44.4484438918683,NA,NA,74.66673609527,NA,58.4115766378462,NA
1991-07,62.9491420354127,64.1660879122522,67.9836879673752,80.9647732776677,NA,NA,NA,NA,67.515372999842,64.399432520954,NA,53.9981781477201,NA,NA,69.1854223321831,71.1960653505786,64.6934555690984,65.4258207507849,35.1620105444335,11.9078929533998,59.1765726058447,NA,38.8849431818182,55.4946244010593,96.345203415531,48.4846561350334,NA,61.7247939270633,NA,13.217749065604,60.0113134356954,62.6809893435074,48.0580003961352,38.3031364327173,NA,44.7449111973381,NA,NA,74.5283656740928,NA,58.617977968722,NA
1991-08,63.3233522940075,64.2925539231267,68.2887380097098,81.5613303209232,NA,NA,NA,NA,67.6322271371337,64.5490058697386,NA,54.1533850441031,NA,NA,69.3056061013054,71.3475071477196,64.8937518474693,65.5194612758771,35.095498884699,11.8792647928089,59.1765726058447,NA,39.6306818181818,55.6379738093904,96.251901894062,48.6052594690808,NA,61.8535236339485,NA,13.335722947567,60.2755374771571,62.6359689514538,48.2508995816802,38.4629886747574,NA,44.9918418581797,NA,NA,74.5488748400264,NA,58.906939831948,NA
1991-09,62.7182004387532,64.3815405972125,68.254494947383,81.7111948591792,NA,NA,NA,NA,67.6480008812469,65.0200866836244,NA,54.4568329545427,NA,NA,69.5669085638878,71.5325405037441,65.1706383713729,65.9518884733235,36.582068619626,12.0908383693829,59.1765726058447,NA,40.2698863636364,55.8706245790329,96.8567612213921,48.7248048791454,NA,62.0174167466551,NA,13.5100675469868,60.8480790571394,63.1720826207078,48.5653854403147,38.7869428894906,NA,45.2884973818721,NA,NA,75.7757654006974,NA,59.1959016951741,NA
1991-10,62.5338715214576,64.6061303370836,68.423937999966,81.7597514649723,NA,NA,NA,NA,68.8073686297223,65.1356466776657,NA,54.8019457646622,NA,NA,69.6849732167797,71.816084411164,65.5195218017836,66.2166554531486,37.433839156132,12.1930586046186,59.7072756317544,NA,40.2698863636364,56.1154710431919,97.3670790495276,48.9638956992745,NA,62.2343547391159,NA,13.6886597349584,60.9529726742962,63.232837784502,48.9274548665526,39.234086508147,NA,45.6681291885154,NA,NA,76.2117790498611,NA,59.4023030260499,NA
1991-11,62.7280223201404,64.7328180817082,68.7060019871878,82.7448661742788,NA,NA,NA,NA,69.0334776905201,65.4555651606048,NA,55.1226748446081,NA,NA,69.716469173827,72.017652825051,65.7288509789116,66.428258979476,38.0305889276299,12.3530430367509,59.7072756317544,NA,40.4829545454545,56.4618145631787,97.412752927106,49.2632881864274,NA,62.4571094301328,NA,13.9581139834656,61.0236552118982,63.2266149190896,49.1913379809856,39.5155723095286,NA,46.0564791327799,NA,NA,76.4209706156946,NA,59.6087043569257,NA
1991-12,62.7958910261999,64.8532557333654,68.4946226202896,82.7823850007439,NA,NA,NA,NA,69.2338517827806,65.3647821397114,NA,55.3343047594295,NA,NA,70.2031864024522,72.1166412525528,65.775079300473,66.5030225452226,38.6549309160994,12.4022366953068,59.7072756317544,NA,40.5894886363636,56.5988600774822,97.505884689299,49.3828335964919,NA,62.5890514297161,NA,14.2279997303244,60.9070023757149,63.2973950795948,49.3396613811021,39.7164679763538,NA,46.3777218265119,NA,NA,76.6673630419815,NA,59.6087043569257,NA
1992-01,63.3953071765047,65.2068380789214,68.6121455662704,83.317616686748,NA,NA,NA,NA,69.6737368422171,65.158489592071,NA,55.945412472622,NA,NA,70.5986788871287,72.2302042205582,65.9332322335151,66.4676214534752,38.4384071005467,13.286201468403,60.304206645257,NA,40.2698863636364,56.9470301664523,97.0866461555647,49.6832840076276,NA,63.1747861776293,NA,14.5096983594183,60.8403930281483,63.1650778980724,49.6013391071871,40.060368458344,NA,47.4777473881616,NA,NA,76.9975708162059,NA,59.8151056878015,NA
1992-02,64.1330342771875,65.453217840388,68.7632311046275,83.9974130206378,NA,NA,NA,NA,70.0144076582599,65.5688374834248,NA,56.5171104787552,NA,NA,70.8347935600653,72.5823975493533,66.2110823707466,66.8057905936446,38.5244775973912,13.706691813639,60.304206645257,NA,40.4829545454545,57.2921736489906,97.1239026223252,50.0419202378213,NA,63.4180380593883,NA,14.7052391317677,61.1614109053411,63.3637972009506,49.8741956920481,40.3447625818061,NA,48.1248821694914,NA,NA,77.0952504426366,NA,60.1040675510276,NA
1992-03,64.3752761708298,65.7198280952157,69.0364681298523,84.2508720094254,NA,NA,NA,NA,70.4266776522065,65.883890046197,NA,56.842097795969,NA,NA,71.1343052944977,72.8428100748809,66.5614862676006,66.9873151593453,39.6182146566304,13.912218921549,60.304206645257,NA,40.6960227272727,57.6194440745197,97.7365776610673,50.8194943652324,NA,63.5229691791851,NA,14.8598360296071,61.7384196239122,64.0003168735146,50.1997393697938,40.6330040565609,NA,48.5302618252136,NA,NA,77.557133393955,NA,60.4343096804288,NA
1992-04,64.3065024675693,65.6484551801932,69.0808931181994,84.3906678649925,NA,NA,NA,NA,70.6897094461247,66.0522772274148,NA,57.1053779844142,NA,NA,71.3795731109694,72.9959496255956,66.8513680726597,68.2236983043043,40.3380471408372,14.0884145352392,60.8401802641856,NA,41.5482954545455,57.8353411184141,98.7844717058318,51.0003993663035,NA,63.7332616017203,NA,15.0106368256121,61.9389157230072,64.2499867969369,50.4737535999963,40.9670468666256,NA,48.8513055853292,NA,NA,77.7490377432313,NA,60.5168702127791,NA
1992-05,64.4677684057747,65.8513635977162,69.1305458047842,84.7603050572565,NA,NA,NA,NA,70.8643773819829,66.488027054145,NA,57.2893910193489,NA,NA,71.4858999422497,73.2250565010211,66.9756908002053,68.4314645182546,40.4424039890236,14.218986020164,60.8401802641856,NA,41.7613636363636,58.1515351806879,99.0300863200708,51.2384322624498,NA,64.0405234746716,NA,15.1651895297679,62.0277624561073,64.3401109057301,50.6303667466197,41.1706595204956,NA,49.6917274364088,NA,NA,77.6723826720269,NA,60.5581504789543,NA
1992-06,64.810308325346,66.1752216601615,69.1252136736654,84.9117002289616,NA,NA,NA,NA,71.0734937106833,66.4952500669886,NA,57.4494884867022,NA,NA,71.9127134919261,73.348291354663,67.089379223539,68.4785628337238,41.1165251001359,14.3576143235066,60.8401802641856,NA,41.9744318181818,58.3018957207688,99.2562859715859,51.2976760054906,NA,64.1413608994049,NA,15.2994565434177,61.7730635065785,64.4204119355691,50.7680482954496,41.3277870866769,NA,50.1704087720873,NA,NA,77.362057889829,NA,60.6407110113046,NA
1992-07,65.7984329415058,66.5299218237944,69.2320432612494,84.9238599923205,NA,NA,NA,NA,71.4472119733528,66.2092086129046,NA,57.6454522358584,NA,NA,71.8355280272619,73.4863948264125,67.1785835524386,68.3257548421929,40.8932253729554,14.4714806980959,61.2897683721918,NA,42.4005681818182,58.4810442687392,98.6566533298312,51.3579776725143,NA,64.3070480545636,NA,15.4245797733558,62.2161976091958,64.526973857935,50.897691869254,41.5083418272852,NA,50.4274740213817,NA,NA,77.4470397603458,NA,60.8058320760052,NA
1992-08,66.0818248297266,66.5832316662766,69.3304760066131,85.4688437662997,NA,NA,NA,NA,71.6096493495948,66.3786702257249,NA,57.9048331640567,NA,NA,71.8074441819355,73.6313832539142,67.3303561178264,68.4197662317832,40.690802021257,14.5629760202291,61.2897683721918,NA,42.9332386363636,58.7205447577566,98.7045274346285,51.3579776725143,NA,64.4052821196146,NA,15.5596166914822,62.5033069624195,64.3219831000792,51.0719054662366,41.7060364637424,NA,50.6711354000274,NA,NA,77.5992569446623,NA,60.9709531407058,NA
1992-09,65.4045880461588,66.5749470105708,69.4459113021795,85.5702411832823,NA,NA,NA,NA,71.6725604249703,66.6856985170482,NA,58.3732534026658,NA,NA,72.2791492693119,73.8322409802587,67.5285069717826,68.7971731966911,42.0861652624939,14.8312818189104,61.2897683721918,NA,43.359375,58.8238683825678,99.2239253546713,51.4775230825789,NA,64.6484381340253,NA,15.738444382231,63.1101006373019,64.812767362028,51.367037818798,42.0764198344398,NA,50.9283351352795,NA,NA,79.1881714822942,NA,61.1360742054065,NA
1992-10,65.2839800578352,66.7573029451778,69.5936710472324,85.6239534875967,NA,NA,NA,NA,71.668534267302,66.5603526195138,NA,58.6362916547378,NA,NA,72.6261669316217,73.9715289312457,67.7845975699807,68.9905189423878,43.5325040232997,15.0765007996947,61.7430303475863,NA,43.359375,59.0849757727486,99.2896161871724,51.6573701596672,NA,64.9382976142325,NA,15.860032119275,63.144242469863,64.9511750726168,51.6794395235064,42.4085784056051,NA,51.4021373949542,NA,NA,79.356229114924,NA,61.5075966009829,NA
1992-11,65.4712331047423,66.9715991369379,69.9002095826306,86.5884559363418,NA,NA,NA,NA,71.9964412390801,66.7889549968006,NA,58.9485270398714,NA,NA,72.7151873082836,74.0319523485364,67.9659957166629,68.810727664095,44.1261681920145,15.2898581286976,61.7430303475863,37.4969494682761,43.6789772727273,59.6173982662682,99.5800328125524,51.7769155697317,NA,65.1513041479006,NA,15.9925933386226,63.1522349793269,64.9658832849221,51.9028865449698,42.6919657293042,NA,51.8522457446686,NA,NA,79.0167819914416,NA,61.6314373995084,NA
1992-12,65.6226429389773,67.0377285617576,69.8586802678109,86.6431753434046,NA,NA,NA,NA,72.1386456565134,66.7242897312566,NA,59.0872335614066,NA,NA,72.4779655326924,74.0924601769912,67.9608871978186,68.3880172431235,44.8395010872307,15.468655152682,61.7430303475863,37.7455480282868,44.1051136363636,59.8221382407199,99.6740258501586,51.8964609797963,NA,65.2003347430775,NA,16.1743385271059,62.9641985283388,65.0871930287827,51.9914112577121,42.8270875508984,NA,52.0506530644318,NA,NA,79.2203559453495,NA,61.5901571333332,NA
1993-01,66.4385313777516,67.4870672718982,70.0210583219157,87.8022084535885,NA,NA,NA,NA,73.5307809917485,66.5359633481179,NA,59.5018622323886,NA,NA,72.8384930743566,74.2986698434309,68.1958903372505,67.6444048764673,44.3739154644137,16.3572195499065,62.2013266548174,37.9527134949623,44.8508522727273,60.1776508487912,98.9417682944733,52.2572130579557,NA,65.8748297382895,NA,16.3868533052261,63.011100403751,65.1820044955705,52.2732591750729,43.2140836471992,NA,53.1646191981966,NA,NA,80.5659633863093,NA,61.8791189965593,NA
1993-02,66.9123361980646,67.8089077734024,70.2861197589348,88.4805024085935,NA,NA,NA,NA,74.1999102377638,66.7962397772662,NA,59.8712150247716,NA,NA,73.0725601445315,74.6934486044928,68.5499154651727,68.0237314416697,44.5252611773076,16.6513615716434,62.2013266548174,38.1184458683028,45.4900568181818,60.443862095551,98.9150803674173,52.7343367742311,NA,66.1547757731037,NA,16.5620921617902,63.5005408134782,65.4667460002645,52.5903000025879,43.5459126379954,NA,53.8543972094008,NA,NA,80.7959351681802,NA,62.2506413921357,NA
1993-03,67.2450717277911,68.039098831559,70.2949989373724,88.6268054418143,NA,NA,NA,NA,74.4171245574237,66.999129420159,NA,60.2025578848253,NA,NA,73.1691768828836,74.9875139550715,68.7837929338013,68.2009240154855,46.7554812063743,16.8086060122431,62.2013266548174,38.2427451483081,46.1292613636364,60.6804973905116,99.1681743548524,53.512968825625,NA,66.3658430521421,NA,16.7197374714259,63.8736858931311,66.2137643792146,52.8544286464252,43.8187492376715,NA,54.2550150372694,NA,NA,81.1659803015254,NA,62.4983229891866,NA
1993-04,67.2331470587898,68.175052448947,70.3241020264357,88.6718209545065,NA,NA,NA,NA,74.5745497137657,67.0636028933699,NA,60.6100078008928,NA,NA,73.4463958882934,75.1199196732471,69.0475423097099,68.9148909759353,47.3503577907186,16.9895559710886,61.835370630633,38.4084775216486,46.875,60.9009524656378,100.217553889197,53.7520596457541,NA,66.4887031925143,NA,16.8388731401202,64.1811512573024,66.2776014808938,53.1234957463157,44.1089325265739,NA,54.7760728050448,NA,NA,81.5911427509751,NA,62.6221637877121,NA
1993-05,67.2709371561969,68.3050234179317,70.3511465612439,88.8944642134472,NA,NA,NA,NA,74.6961934496672,67.4956243518137,NA,60.8394734536602,NA,NA,73.6504356404573,75.2198121170864,69.1095659000554,69.1330549079737,47.6854910959965,17.1059895597004,61.835370630633,38.4913437083188,47.1946022727273,61.1353490980762,100.283240148071,53.9308487988596,NA,66.6674452090989,NA,16.926490680114,64.213561660943,66.3309004363348,53.2491080074528,44.3297786303062,NA,55.1502343254753,NA,NA,81.3869684583073,NA,62.6221637877121,NA
1993-06,67.5366838805039,68.4616061044145,70.2814912180479,88.910727976994,NA,NA,NA,NA,74.9328908298402,67.5839653119896,NA,61.1176908566204,NA,NA,73.5237770143428,75.3135820285909,69.2048296444629,69.1126927238218,48.3559078818986,17.237651445862,61.835370630633,38.4913437083188,47.4076704545455,61.4502900972805,100.46416036446,54.051452132907,NA,66.7568191097694,NA,17.0227318021308,63.9297237010277,66.4432235885231,53.3792613223007,44.522140426246,NA,55.4436014656174,NA,NA,81.1897731584583,NA,62.6634440538873,NA
1993-07,68.4300545292182,68.8621758984959,70.5230551675775,88.9713888058077,NA,NA,NA,NA,75.5010167054546,67.3761811293986,NA,61.2988352174171,NA,NA,73.2609958135726,75.3271667801226,69.3119163738163,68.9829085425905,47.6194850265948,17.390955920729,62.291021543363,39.0299739216752,47.5142045454545,61.7153820127792,100.230039414373,54.1117537999307,NA,67.0386158312898,NA,17.1022247733236,64.4757033206343,66.2133544889594,53.5301070541649,44.7659955122028,NA,55.5234468347192,NA,NA,80.9179593851963,NA,62.7460045862376,NA
1993-08,68.7249695414637,69.0328613815483,70.7407959427221,89.5366645018468,NA,NA,NA,NA,75.6006093464183,67.4582335359506,NA,61.4158365900524,NA,NA,73.1746262434636,75.4512021783526,69.5043036316584,69.3599444465604,47.5567627914335,17.5933568504358,62.291021543363,39.320005575021,47.7272727272727,61.854092683691,100.174924613035,54.1720554669544,NA,67.2636340471186,NA,17.2136527491445,64.9197306130548,66.1647758825863,53.7459215002496,45.0130524486388,NA,55.8380021909098,NA,NA,81.1065743509832,NA,62.9936861832885,NA
1993-09,68.0335897049994,68.8972704013905,70.7784003068868,89.5891904609277,NA,NA,NA,NA,75.5798591636562,67.7214524330759,NA,61.5941138477264,NA,NA,73.3813656432391,75.6797372362151,69.6628447870098,69.7585179649025,48.9691188736957,18.0921484317098,62.291021543363,39.4443048550263,48.2599431818182,62.0003879922664,100.565622840498,54.1720554669544,NA,67.3849703138017,NA,17.3679152378385,65.4638752751987,66.5251751950284,53.9786624153828,45.3226994100173,NA,55.9775928690762,NA,NA,82.1709018455881,NA,63.117526981814,NA
1993-10,68.0043020182705,68.9842465965253,71.0157136188658,89.6516972770978,NA,NA,NA,NA,75.5274267009289,67.8548449204133,NA,61.8291369675055,NA,NA,73.4619224939795,75.7822545949626,69.8621985433172,69.8005410442918,49.832471934082,18.3103154470552,62.6057568450856,39.5686041350317,49.1122159090909,62.3444121435436,100.801588425935,54.4122042110664,NA,67.6199395932405,NA,17.4714476741277,65.416620466687,66.5765436995901,54.2442622785773,45.630896404451,NA,56.2771496244798,NA,NA,82.6499607909656,NA,63.3652085788649,NA
1993-11,68.2292987719719,69.0684359142809,71.3628044083968,89.5065382111865,NA,NA,NA,NA,75.627449107522,68.0662256233323,NA,61.9422217987244,NA,NA,73.461895094655,75.7903934649422,69.9886045110424,69.7707094807913,50.0629129995665,18.4363523969356,62.6057568450856,39.5686041350317,49.4318181818182,62.5758628757376,100.751470548554,54.4122042110664,NA,67.8094689362254,NA,17.555418703505,65.4328051607804,66.6569747454714,54.4317175620257,45.8791491557788,NA,56.6030886113378,NA,NA,82.661960122137,NA,63.5303296435656,NA
1993-12,68.3875508413475,69.1528349816324,71.1696426143098,89.4978709231936,NA,NA,NA,NA,75.9159728436132,68.0173585166344,NA,62.044268675675,NA,NA,73.5599419042222,75.8272579986385,70.0052010754849,69.8033261433501,50.7417396048648,18.6774743097209,62.6057568450856,39.4857379483615,49.8579545454545,62.671056037538,100.543537182925,54.5306916971481,NA,67.8710611747158,NA,17.6561252542829,65.0888058253649,66.6240116355944,54.5210570844211,46.0659275242693,NA,56.6681263931953,NA,NA,82.3193808154678,NA,63.5303296435656,NA
1994-01,68.8481913746443,69.5087015568892,71.177166828724,90.1832791191721,NA,NA,NA,NA,76.0071950861872,67.9291252628154,NA,62.5163611628042,NA,NA,73.2670516921556,75.9698692988428,70.0512277832802,69.4042575029845,50.4567478453991,19.321855103859,63.0185632430176,39.5686041350317,50.2840909090909,62.896069143896,100.002378898167,55.1284187474709,NA,68.0422174977525,NA,17.7717316301887,65.2656966661237,66.4575237592397,54.6811804298568,46.2915245506937,NA,57.5151962920389,NA,NA,82.5397147737762,0.329229563766195,63.6954507082662,NA
1994-02,69.3791144468711,69.8174628147427,70.462005532364,90.6049585122005,NA,NA,NA,NA,76.6324058750531,68.2165174974023,NA,62.7348509164119,NA,NA,73.5731953028564,76.2033179033356,70.3029685522918,69.851353522604,50.2985501320351,19.5994814850364,63.0185632430176,39.5271710416966,50.4971590909091,63.2000675116534,99.8447351581667,55.6679599787357,NA,68.2583253559359,NA,17.9149991459767,65.625832298314,66.6587645195354,54.9523675830272,46.6630718574624,NA,57.994266332512,NA,NA,82.6066120412429,0.34598675713154,63.9844125714923,NA
1994-03,69.5835784111359,69.9707518069926,70.5574903877597,90.6719311143679,NA,NA,NA,NA,76.7617093649496,68.3087640043061,NA,63.0636016010397,NA,NA,73.6800767707534,76.4284778761062,70.5899866174952,70.0572629166659,51.9081435107013,19.808730335083,63.0185632430176,39.6514703217019,51.0298295454545,63.3822426660557,100.306444143085,56.2656870290585,NA,68.3227981881572,NA,18.0268421719507,66.0325835269423,66.9614440337909,55.2554839326552,46.958120366073,NA,58.3177799132643,NA,NA,83.0537365552441,0.362743950496885,64.3146547008935,NA
1994-04,69.4990539540689,70.1446633883506,70.5035348471837,90.7445329216581,NA,NA,NA,NA,76.7891256666766,68.5004763844627,NA,63.2431749464267,NA,NA,73.6985400770997,76.5537603812117,70.7608809470327,70.7831754150852,52.5858928581817,20.0582084696112,63.3132367517894,39.692903415037,52.0951704545455,63.4855662908669,101.119107663915,56.4455341061468,NA,68.3623592435855,NA,18.1291614987543,66.1791174660602,67.1287354804646,55.6644574945729,47.668140189657,NA,58.5601734589322,NA,NA,83.3465534274238,0.432237017100229,64.3559349670687,NA
1994-05,69.4592591737864,70.2510460326126,70.2416947705876,90.0038522704597,NA,NA,NA,NA,76.9285766939169,68.841216238001,NA,63.4691780812311,NA,NA,73.6645539648342,76.6220993873383,70.8785563491286,70.9741076512667,52.491617781581,20.2307821727646,63.3132367517894,39.7757696017072,52.9474431818182,63.9502136180508,101.468769166017,56.6856828502588,NA,68.4596805314365,NA,18.2212057284617,66.1660259878527,67.1081573389651,55.8988892980114,48.0806389022789,NA,58.7009561858416,NA,NA,83.4597713623104,0.46969427285806,64.3972152332438,NA
1994-06,69.707040562901,70.3393317093253,70.3066693564562,90.0209813289864,NA,NA,NA,NA,77.0135118982656,68.8939052760421,NA,63.6157781696923,NA,NA,74.6522153168137,76.6453846153846,70.9293544933085,70.9603061244409,53.0506695364664,20.4205836495252,63.3132367517894,39.8586357883775,53.7997159090909,63.9921466767413,101.372867492583,57.1035628234933,NA,68.4960489736232,NA,18.3072342647803,65.8304660808368,67.2476636747624,56.0325506073944,48.2775627400802,NA,58.8827246730795,NA,NA,83.3689818382766,0.488422900736975,64.4797757655941,NA
1994-07,70.574780778281,70.7299535971441,70.481799323213,90.0347718242208,NA,NA,NA,NA,77.3179126761364,68.6643711448477,NA,63.7255458018737,NA,NA,74.6493263008239,76.6854390742001,70.955070100975,70.6040650331639,52.5465519232799,20.6351333564954,63.9001948319976,39.9000688817126,54.3323863636364,64.1610068053661,100.878866252833,57.2844678245645,NA,68.7588347470565,NA,18.3698139784045,66.2000091606477,67.254712249208,56.1622240090362,48.5159614336953,NA,59.0152905564457,NA,NA,83.2192492069313,0.510108680386245,64.5623362979444,NA
1994-08,71.0165471766751,70.7659401393678,70.5765805883768,90.530370854987,NA,NA,NA,NA,77.514808690534,68.8621034341905,NA,64.0385156367113,NA,NA,74.9309425177611,76.7548318584071,71.1522773548788,70.9052237912995,52.7602404282933,20.9229701023555,63.9001948319976,39.9000688817126,54.6519886363636,64.2828300187214,100.904152883398,57.4632569776699,NA,68.8052187850659,NA,18.4528439471472,66.568281846298,67.1489440337909,56.3983514567703,48.8121326885595,NA,59.2048773988117,NA,NA,83.1413890793687,0.53080874277873,64.8100178949954,NA
1994-09,70.2730615559874,70.6327311940687,70.8685530311638,90.5368577047105,NA,NA,NA,NA,77.4333464570827,68.9811312765048,NA,64.2566118509588,NA,NA,75.2059604700959,76.9597631041525,71.3603564815602,71.2061340443174,54.4179589984545,21.2777907342205,63.9001948319976,39.9829350683828,55.1846590909091,64.4506515222726,101.360503254321,57.4029553106461,NA,69.0188121170549,NA,18.589643031151,67.1782023705469,67.6586325237592,56.6936147826427,49.1980176435193,NA,59.3802446029356,NA,NA,84.2159249601941,0.562844553624243,65.0164192258712,NA
1994-10,70.1447519654331,70.5592876657064,70.7574728060291,90.5362971916111,NA,NA,NA,NA,77.2828894171748,69.1787513309314,NA,64.5425641482886,NA,NA,75.4226582650102,77.041021102791,71.5189374183922,71.4030688389555,55.2123535421296,21.5918060249246,64.128084402654,39.9415019750477,55.8238636363636,64.7617417279673,101.573165466811,57.4632569776699,NA,69.1078035441049,NA,18.6749428949488,67.2173201255986,67.7549762407603,56.9534414067409,49.5421651778238,NA,59.8075630181631,NA,NA,84.5526480082388,0.594387505841364,65.222820556747,NA
1994-11,70.2027333869464,70.7049224786093,71.1378651057336,90.6590315925157,NA,NA,NA,NA,77.4351711131212,69.370545091752,NA,64.6126416471601,NA,NA,75.3894498373159,77.1650061266167,71.6279383947838,71.4796272188657,55.4632925412235,21.9370518752345,64.128084402654,40.0243681617179,56.1434659090909,65.0269143496535,101.5665195739,57.644161978741,NA,69.3397580778459,NA,18.7667281946573,67.0727246724316,67.7474128827877,57.1575061722822,49.8767393114207,NA,59.9861327273907,NA,NA,84.4950706606588,0.624944740801699,65.3053810890972,NA
1994-12,70.2505149576531,70.7273054520839,71.2601210254824,90.6517527931903,NA,NA,NA,NA,77.683715030387,69.4234263927174,NA,64.7701178753024,NA,NA,75.3857000307669,77.2387869298842,71.6213516845301,71.7094886075189,56.0841804967266,22.2501550163089,64.128084402654,40.1072343483881,56.6761363636364,65.1384491436631,101.579613573103,57.7044636457647,NA,69.4220463442926,NA,18.9129358182143,66.8131600627511,67.8366684266104,57.3223890789969,50.2772611141495,NA,60.0227007948338,NA,NA,84.3915295209974,0.66240199655953,65.1815402905718,NA
1995-01,70.7477242223866,70.9378586480958,71.3678921652197,90.9972129527991,NA,22.9220739408555,17.1725673597544,64.4,77.9370898512269,69.2830290105623,NA,65.196207103698,NA,NA,75.860211929782,77.2093179033356,71.7882676158853,71.5257369820596,55.8816249907234,22.9210651236636,64.4764957998061,40.3143998150637,57.1022727272727,65.363676688017,101.098586822592,58.3011327721047,47.2646,69.7452998661602,35.4682076759259,19.5549474884848,66.8808885266312,68.016205897841,57.6434223158179,50.5551316971419,35.6695484389589,60.6587970122376,39.7236986746311,NA,84.5945478002982,0.707252131743248,65.511782419973,NA
1995-02,71.1145271929666,71.1742647286022,71.6862055525829,91.8481130875626,NA,23.3553371073553,17.4394478683462,64.9,78.3452658294182,69.525505623914,NA,65.4984194105178,NA,NA,76.166717836569,77.4886643975494,72.115705211487,72.0318145072636,55.5263812042299,23.5060713944318,64.4764957998061,40.3143998150637,57.421875,65.8539961478696,100.877999161948,58.4206781821692,48.2987,69.8256071527092,36.2085307962963,20.3577349207484,67.2652975090564,68.1940758293839,58.0252377356164,50.9077512413092,36.5355563948901,61.0600340035165,40.0717227747978,NA,84.8626338335744,0.729430770020911,65.8833048155494,NA
1995-03,71.3894539350997,71.1919593795593,71.8747910222236,92.0530897260146,NA,24.2709121007132,17.6000101255478,65.2,78.400499688251,69.8138327883117,NA,65.831067784377,NA,NA,76.2433443132657,77.7682328114364,72.406747783718,72.2858128989634,57.3692719834683,24.466050990563,64.4764957998061,40.2729667217286,57.5284090909091,66.3434746381916,101.104819776619,59.0205210804578,49.1895,69.8767951069227,37.5930311772487,21.5380413539741,67.6372468433746,68.6872827804107,58.4762256656138,51.2575880594652,37.3014416471341,61.3233447744751,40.420999962313,NA,85.1642306210101,0.761466580866424,66.2135469449507,NA
1995-04,71.4448526923318,71.3926378959603,71.9832135357522,92.1518885270718,NA,24.8186221413828,17.7714211839116,66.1,78.4784424896557,69.9599186757812,NA,66.2508046119635,NA,NA,76.3199707899625,77.8545078284547,72.6207823526664,73.1714016921792,57.9126324169969,25.1346769838205,65.1528167769988,40.1486674417232,57.9545454545455,66.5768326455564,101.590833294206,59.4976447967331,50.4201,69.8947243472316,38.4198855714286,23.2143954950549,67.7844267284715,68.7123749341759,58.9738485987942,51.6593871187375,38.0598444120828,61.659077010138,40.7784040497476,NA,85.6903494613146,0.810259585077282,66.3373877434762,NA
1995-05,71.1385750219518,71.3050595409953,72.1524999390136,91.9847497313759,NA,25.2764096380618,17.9753786457622,66.5,78.4039969456581,70.2874442268212,NA,66.4635805825262,NA,NA,76.473223743356,77.8979904697073,72.6998596654669,73.3394968182884,57.6313930388522,25.7494336921522,65.1528167769988,40.1486674417232,58.7002840909091,66.9557787237744,101.723977915447,59.7377935408451,51.9578,69.9879996206982,39.3717295833333,24.1448478495144,67.6490127963063,68.796037388099,59.2213794718182,51.8705802124815,38.8301873105557,61.9410715455977,41.0445833022272,NA,85.6836473104827,0.84525254769315,66.3786680096513,NA
1995-06,71.4136325704032,71.5393886830234,72.1358230757066,92.0025724677273,NA,25.6933232511087,18.184760508194,66.9,78.5092779095845,70.2665915313786,NA,66.6647663869041,NA,NA,76.9329826035365,77.9452375765827,72.7817598893774,73.5584024396201,58.3224629395549,26.1849053179593,65.1528167769988,40.2729667217286,59.0198863636364,67.4020071686018,101.680483739299,59.7980952078688,52.6689,70.0472853014071,39.7851567804233,24.8232755053397,67.4657458589008,68.979607688257,59.4341343608842,52.1244635792491,39.3658572243102,62.2219519906872,41.4069075669553,NA,85.6266790284115,0.874331206768308,66.4199482758265,NA
1995-07,72.0992234667886,71.976666485589,72.4019137898533,92.0282448640674,NA,26.0857125339764,18.4104155723692,67.4,78.9858362518121,69.8355363275891,NA,66.8237327231624,NA,NA,76.8563561268397,77.8872852280463,72.8363170419788,73.2101451199392,57.4868072188825,26.6073886356174,65.6213099764857,40.3143998150637,59.2329545454546,67.5452758707453,101.348897753396,60.0974876950217,53.6494,70.057235747645,40.6408549325397,25.2620618281809,67.7019500062894,68.8538177988415,59.6062059853757,52.310884496555,39.9481892669533,62.390850047536,41.8282709693462,NA,85.6400833300753,0.902424148586681,66.5025088081768,NA
1995-08,72.649986511267,72.0420867621476,72.4363490100355,92.5804222687705,NA,26.4127036030328,18.7152668850289,67.6,79.125132056577,69.9470916044435,NA,66.903031296981,NA,NA,76.8563561268397,78.4079727705922,73.0262225639161,73.4804213327806,57.6780485142908,26.8889776353692,65.6213099764857,40.438699095069,59.8721590909091,67.810367786244,101.233787051576,60.3958222581916,54.759,70.0759720278211,41.3138759510582,25.6956027491481,67.9672669126115,68.7959452343338,59.8825646441947,52.6416666193759,40.505639920436,62.4139210669923,41.8626177125849,NA,85.5797639725882,0.945302849256829,66.7089101390526,NA
1995-09,71.6613972284771,71.8486394644692,72.5720082162277,92.604928699201,NA,26.7069955651836,19.122096928614,68.0,79.1168207905589,70.3895485408017,NA,67.1181182312114,NA,NA,77.0096090802332,78.7500503744044,73.2817228242025,73.9143963897803,59.2400443175123,27.3946605271306,65.6213099764857,40.4801321884041,60.2982954545455,67.9636742265693,101.973436920018,60.5756693352799,55.705,70.2054686054282,42.7176055039683,26.2432661822454,68.6324831522088,69.3137967351237,60.28631731738,53.1184817017147,41.5843123131182,62.6163070590841,41.8094513874151,NA,86.3203516395136,1.02465308842802,66.9153114699284,NA
1995-10,71.4341798093749,71.8090536731584,72.5432830305006,92.5922388558923,NA,27.0012875273344,19.6200569019621,68.4,78.9435840604201,70.4925336708043,NA,67.3728992262901,NA,NA,77.0096090802332,78.8527991831178,73.4223971618962,73.6100808282982,60.1004289118855,27.9763073296549,65.6994475083271,40.6872976550797,60.9375,68.2451077742773,101.900651747016,60.6359710023036,56.6088,70.2549390708061,43.4867723822751,26.681503215817,68.6064709911888,69.3687598736177,60.5809670862776,53.4157553869174,42.2048055560148,62.8637522141265,42.0156147259475,NA,86.7828000469151,1.09069614463262,67.2042733331545,NA
1995-11,71.4931795428647,71.9630476793568,72.8747262338521,92.6534113677314,NA,27.3037542662116,19.825099243929,68.9,78.9276954033532,70.6467761482722,NA,67.4338554096931,NA,NA,76.8563561268397,78.8551926480599,73.5246727084714,73.6495667752082,60.3550802455414,28.3905242632415,65.6994475083271,40.811596935085,61.4701704545455,68.7016246384503,101.971421697496,60.814760155409,58.0734,70.4126022382145,43.5060015542328,27.1676526762281,68.5324619291089,69.3227619799894,60.8071053475717,53.6855771878969,42.7503673074676,62.9478416556743,42.2724139911592,NA,86.8364172535703,1.13948914884348,67.2868338655048,NA
1995-12,71.4701325343134,71.8473805644266,72.5262282638573,92.6530180500084,NA,27.5489975680039,20.0138683841524,69.2,79.2257869683594,70.6152357676162,NA,67.6040482220689,NA,NA,76.8563561268397,78.8843567052416,73.4884891651916,73.8458840741144,61.1199583254737,28.7215542057776,65.6994475083271,40.8530300284201,62.3224431818182,68.7805568742288,101.900516658453,61.1162684905276,59.1314,70.4299270476133,44.082876712963,27.9349803794992,68.2877417242453,69.321616640337,60.9764391196602,53.9489691162865,43.3885559480009,62.8508553834915,42.7285493257424,NA,86.5984908990377,1.18236784951363,67.1629930669793,NA
1996-01,71.7328151966685,72.4847853913625,72.6687080942319,92.733334838529,NA,27.769716539617,20.4434809101783,70.3,79.4236829533984,70.501781,75.0906870039682,67.778655587746,NA,NA,76.473223743356,78.982318,73.6221364479527,73.4373464373464,61.0359131934671,29.8967703961348,65.9527651953319,40.8944631217552,62.6420454545454,69.04004252,101.423037446706,61.5341484637621,59.9605,70.4401332913919,45.9192626349206,28.9115367482404,69.360957,70.020753,61.3387617605756,54.3573802932131,44.806766784718,63.1890900518594,42.9928968994456,NA,87.1313118901741,1.27699670616499,67.4519549302054,NA
1996-02,72.1060786304606,72.6137273501185,72.7873647502214,92.9287092384592,NA,28.3256013570129,20.772199585395,70.6,79.9026984568538,70.876959,75.4106473214286,68.116829222801,NA,NA,76.779729650143,79.281827,73.8952684314441,73.8402948402948,60.6660092896617,30.6951043311513,65.9527651953319,40.9358962150904,63.28125,69.33412636,101.120774261018,61.7129376168675,60.7372,70.5432002244,46.6115128253968,29.5654157899583,69.650588,70.137589,61.6756775887444,54.7360883280818,45.4245429318798,63.545496319961,43.2708452896637,NA,87.2184398509888,1.32825400351781,67.7821970596066,NA
1996-03,72.423971445589,72.5708757238108,73.0530253445913,92.9630582275784,NA,29.6090413030594,20.9457804039913,71.0,79.7865149619102,71.29232,75.6806138392857,68.4464471079348,NA,NA,76.7031031734462,79.725859,74.1621971082953,74.1425061425061,62.3865712364302,31.3319629535689,65.9527651953319,40.9773293084255,63.6008522727273,69.60650018,101.514759350742,62.3730821821798,61.8048,70.5508447547332,47.0537837804233,30.2101303401674,70.230879,70.455849,62.0495371656991,55.0648363405621,45.8420869989788,63.8654561170456,43.49768845402,NA,87.4396108284417,1.38296131126938,68.0711589228327,NA
1996-04,72.2918045896538,72.5715653973609,73.0310163501655,92.9610599144555,NA,30.2466738877194,21.0911543395657,71.4,79.6532052538366,71.391632,75.7106101190476,68.6996987195123,NA,NA,76.779729650143,79.788563,74.2702032174152,74.5454545454545,62.9341826334298,31.8508949950544,66.0055703412036,41.0187624017606,64.453125,69.76279287,102.063193376316,62.611115078326,62.4013,70.6132195201221,47.3326067738095,30.9121783669595,70.429425,70.503354,62.3199137101644,55.3646602608372,46.5519672895238,64.0326316355076,43.6635782377849,NA,87.5233877138405,1.460340115927,68.1124391890079,NA
1996-05,72.1562573029972,72.3748886358435,73.1999248500906,92.6797951590914,NA,30.9088308025587,21.4046846931552,71.8,79.83781440616,71.682291,75.8705902777778,68.827240034531,NA,NA,76.8563561268397,79.863054,74.377277761672,74.7469287469287,62.6671778757822,32.5285625688747,66.0055703412036,41.1016285884308,65.9446022727273,70.00785064,102.277980053351,62.7899042314314,62.8099,70.6577451075846,47.6306589391534,31.4207190577126,70.394025,70.524321,62.5420140529938,55.6438471698426,47.2612521281474,64.113514534267,43.799541562231,NA,87.3993979234502,1.52884746527356,68.153719455183,NA
1996-06,72.4694844392785,72.4399033240237,73.2110483282642,92.6994243274312,NA,31.5219390570395,21.5847747924489,72.2,80.0400851307636,71.68449,75.9905753968254,68.9745934248811,NA,NA,76.8563561268397,79.916941,74.439503173718,74.8476658476658,63.2696983852564,32.8410773897342,66.0055703412036,41.1016285884308,66.5838068181818,70.15483094,102.248217861933,62.909449641496,63.9498,70.6472447027805,48.2748361997354,31.9251809175187,70.150703,70.665791,62.7307228394527,55.9071367923092,47.9360686417239,64.4080564853446,44.1563154064423,NA,87.1748758705814,1.58996193519423,68.1949997213582,NA
1996-07,73.1868437794261,73.1542369674376,73.4200143578524,92.7307430545135,NA,31.93067789336,21.8125996168565,72.8,80.1513268489361,71.328308,76.0305704365079,69.0849140544867,NA,NA,76.8563561268397,79.770694,74.4601497535471,74.4447174447174,62.3911656008599,33.036515757237,66.3954657887055,41.2259278684361,66.6903409090909,70.28079033,101.861969671862,63.0300529755434,64.9433,70.7015879027798,48.9190134603175,32.3977116730736,70.268464,70.525786,62.873626209243,56.0550106441861,48.483161888967,64.4566139914469,44.1917997791121,NA,86.6320016531972,1.6446692429458,68.3188405198837,NA
1996-08,73.6667843286613,73.5203559033642,73.461543672672,93.1752956172792,NA,32.2903680693221,22.0295756401019,73.0,80.2552234818055,71.549878,76.110560515873,69.1545595241206,NA,NA,76.8563561268397,79.828385,74.552635271203,74.7469287469287,62.4286633836773,33.2214942799742,66.3954657887055,41.3087940551064,66.6903409090909,70.4097345,101.646014044609,63.3294454626963,65.2939,70.7785143559091,49.3997427592593,32.8583621079574,70.36614,70.599062,63.0834800388828,56.3417750960399,48.9325417829259,64.6115390194079,44.2904941028615,NA,86.3773199215848,1.71909089583307,68.4426813184091,NA
1996-09,72.8613740843703,73.2242152778144,73.5645005260416,93.1843288500789,NA,32.6582330220106,22.1857983768385,73.2,80.2332674210364,71.889756,76.2405443948413,69.2887965068153,NA,NA,77.0096090802332,79.973614,74.8023346238426,75.2506142506142,64.0357678562698,33.6339597375543,66.3954657887055,41.4745264284468,66.9034090909091,70.48970806,102.249344306706,63.4500487967437,65.812,70.813490310218,50.1112221216931,33.4388193600213,71.070998,71.000265,63.4650013845029,56.7867166540452,49.7596173024817,64.7370492041568,44.3733910818037,NA,86.8163108010746,1.84131983567441,68.6903629154601,NA
1996-10,72.5835118050978,73.2387176040583,73.5431429054071,93.1288229329612,NA,33.0914961885104,22.446169604733,73.5,80.1634278664138,71.896365,76.3005369543651,69.4253279575159,NA,NA,77.08623555693,80.078424,74.9708080691895,75.3513513513514,65.1102854746817,34.029693891659,66.8885825906152,41.3916602417766,67.5426136363636,70.55605312,102.458195668791,63.5695942068083,66.0288,70.8751290047608,50.649638936508,33.8275171839675,71.213886,71.134583,63.77399550484,57.1584691258174,50.5537500471189,65.0202463484578,44.6346152452434,NA,86.9470027422967,1.96108448237379,68.938044512511,NA
1996-11,72.7386648294364,73.4445745028248,73.8611306058747,93.0832544071481,NA,33.3857881506611,22.64253290577,73.8,80.0826076415687,72.144839,76.2505431547619,69.4614448162765,NA,NA,76.8563561268397,79.849876,75.0316656823856,75.4520884520884,65.316588356161,34.2920325844536,66.8885825906152,41.3916602417766,68.0752840909091,70.84308145,102.430206186644,63.5695942068083,66.3799,71.0139348745091,51.2168995092593,34.2613693766298,71.106083,71.081282,63.957890367737,57.3975340214297,50.9236159775923,65.3384301854819,44.806836072934,NA,86.8900344602255,2.04487044920051,69.0206050448613,NA
1996-12,72.8366707027907,73.5564638564491,73.8575313421154,93.0713261224856,NA,33.5983323455478,22.8063498033203,74.1,80.3788914454996,72.175252,76.4105233134921,69.6246081202018,NA,NA,76.9329826035365,79.96583,75.0214699753286,75.6535626535626,66.1299600577714,34.6132807095133,66.8885825906152,41.3502271484415,68.7144886363636,70.92542631,102.214058628629,63.6288379498491,66.782,71.0700483133994,51.4380349867725,35.4230551856072,70.897027,71.147989,64.1638412957546,57.7236277769302,51.2728998224869,65.1442633663668,45.0558145918276,NA,86.6353527286131,2.13259928505438,68.938044512511,NA
1997-01,72.9283172596789,73.8347148487228,73.9650938280912,93.1570914348286,NA,33.859925200793,23.2836970544601,74.9,80.8910105177095,72.150461,76.3805270337302,69.8950992693773,NA,NA,76.779729650143,79.814437,75.1107614352061,74.9484029484029,65.5838784469667,35.9700667789397,66.4432463544146,41.4330933351117,68.9275568181818,71.1455341,101.854366649216,63.8679287699782,67.365,71.1882436931514,52.3033477248677,36.2007462623157,70.471324,71.221372,64.4187222630499,58.0416776154023,52.7197829724354,66.8952662139909,45.5882934313156,NA,86.5582779940462,2.26517825609196,69.1444458433868,NA
1997-02,73.143254855416,73.9813375670011,74.1025958278112,93.3393761964729,NA,34.5139073389058,23.508267238519,75.3,81.0518906940504,72.173624,76.6804898313492,70.0628271585754,NA,NA,76.9329826035365,80.239751,75.3413457166435,75.2506142506142,65.3179669658406,36.8044180199992,66.9356151338161,41.3916602417766,69.5667613636364,71.25348241,101.576217680842,64.1070195901074,68.3274,71.3730955683556,52.4091081706349,36.8610312837787,70.776967,71.590132,64.7233671144812,58.3550950581991,53.5500401173916,67.1882737258821,45.7714130032331,NA,86.4242349774081,2.34945708154708,69.474687972788,NA
1997-03,73.2477052214436,73.7389817979228,74.2531866208858,93.3962822532941,NA,35.9036193823956,23.8131185511788,75.5,81.1609666891124,72.297364,76.9304588293651,70.2587940497624,NA,NA,77.1628620336267,80.498178,75.6188921726848,75.6535626535626,67.3775307348092,37.47288240237,67.05056285987,41.4330933351117,70.0994318181818,71.50462094,101.948573253967,64.5270154113076,68.6783,71.3510208006539,52.7167749219577,37.3991107645445,71.562262,71.763975,65.0827134489822,58.7096994499806,54.2103433781697,67.4127529305922,46.0232354315497,NA,86.9067898373053,2.43422876563059,69.7636498360141,NA
1997-04,73.2290151279885,73.5156832555705,74.4126455303468,93.436870151671,NA,36.467678976518,24.1732987497661,76.1,80.9614720181693,72.494306,76.8804650297619,70.406446718548,NA,NA,77.5459944171105,80.559929,75.9111616851374,75.955773955774,67.9328801668223,38.0292216696661,66.9955214518164,41.4330933351117,70.7386363636364,71.60605065,103.717537098217,64.7068624883959,69.3912,71.3912189070731,53.4282542843915,37.8868411675825,71.682467,71.95138,65.4316030895172,58.9930210740276,54.7432967156273,67.5640877069531,46.4122412074802,NA,87.3022167363876,2.56828631255336,69.9287709007148,NA
1997-05,73.3574425963294,73.371385028835,74.4557818335484,93.0824223406826,NA,37.1380106680836,24.3099936444107,76.5,81.1123186981687,72.897715,77.0604427083333,70.532060397659,NA,NA,77.6226208938072,80.589856,75.9691007906071,76.1572481572481,67.8825644176084,38.4156978137361,67.2125431291248,41.4330933351117,71.0582386363636,71.87984196,103.984118931625,64.8856516415013,70.5533,71.4710133269367,53.6013168320106,38.319100829164,71.705986,71.832506,65.6254437963218,59.3214896922918,55.0590428531196,67.7444337008883,46.692500580087,NA,87.1916312476612,2.71811533558468,69.8874906345396,NA
1997-06,73.3798416573049,73.4496296968334,74.5890631563006,93.0743293023808,NA,37.6938954854796,24.4716407817284,77.2,81.207812198657,73.036378,77.0904389880952,70.6476674941182,NA,NA,77.7758738472008,80.590106,75.9616519581596,76.1572481572481,68.0983603833158,38.7982720727076,67.3341289195534,41.6402588017873,72.1235795454546,71.90286275,103.97368076551,65.0051970515659,71.0816,71.4753480497566,53.7647647936508,38.7123253224827,71.261396,72.129693,65.7395127742461,59.5103166479712,55.4607712650758,67.8133253443703,46.7724083075448,NA,87.1983333984931,2.81323705086443,69.8462103683644,NA
1997-07,73.4152285688673,74.1528287359084,74.5852299924684,93.087553448971,NA,38.0699352148944,24.7895106557829,78.5,82.1297787944916,72.709934,77.180427827381,70.8740712378521,NA,NA,77.7758738472008,80.422993,76.0574063411498,75.7542997542997,66.9382728525473,38.9936392587906,67.0637778734696,41.7231249884575,72.9758522727273,71.97455932,103.665487413988,65.1247424616304,71.539,71.6045469123386,55.0819630727513,39.0688390980178,71.317751,72.127599,65.9699517065754,59.9112368493933,56.0544623555085,67.9056779252224,47.0093402540163,NA,86.6889699352684,3.00150904691037,69.9700511668899,NA
1997-08,73.4274916611916,74.4295081219724,74.64447397727,93.2692858091238,NA,38.3724019537716,24.9978076380985,79.0,82.1788660544816,72.861135,77.3004129464286,71.0346502214285,NA,NA,77.7758738472008,80.640006,76.1169655050092,76.1572481572481,66.9853888657147,39.1272095490296,67.0539869384262,41.7645580817926,72.8693181818182,72.09685013,103.457928479934,65.3648912057424,71.949,71.6655122138304,56.504921797619,39.4172593243525,71.494591,71.924918,66.190275768823,60.3326939364094,56.5224280364837,68.0305158377455,47.4046109540151,NA,86.6722145581886,3.19914535689577,70.0113314330651,NA
1997-09,73.4913289469465,73.9313415417244,74.759982307943,93.2644782827956,NA,38.658519139196,25.1399269333242,79.5,81.9920563331859,73.233493,77.3904017857143,71.0473055360611,NA,NA,77.9291268005942,80.772767,76.3541016926142,76.5601965601966,68.7714432822003,39.5673837172353,67.3682876879549,41.8474242684628,72.7627840909091,72.19302501,104.58855857574,65.6050399498544,72.3058,71.7895059246089,57.1394844722222,39.9276684345502,72.300361,72.509522,66.6021804717142,60.8614334847533,57.4184717675425,68.1295559327452,47.6092772208578,NA,87.7747183700369,3.45740327817344,70.1764524977657,NA
1997-10,73.6571723457845,73.9448918168876,74.7947165065244,93.2258061977781,NA,39.0509084220637,25.3438843951748,79.9,81.8541775934695,73.255549,77.3904017857143,71.0953314771348,NA,NA,78.2356327073812,80.646631,76.5717529627747,76.6609336609336,69.3320728793914,39.9555324738438,67.6985450520392,41.8888573617979,73.7215909090909,72.39741721,104.917045904608,65.7235274359361,72.553,72.0167198238755,57.3125470198413,40.2870388630393,72.403321,72.580246,66.9725077405764,61.2930914048858,57.8947058112285,68.2037082866567,47.9896875381662,NA,88.0327511770652,3.71763263396468,70.506694627167,NA
1997-11,73.6118236204946,74.1191502211359,74.6493151732566,93.1851136305836,NA,39.3043265005825,25.5749638599311,80.3,81.8665542100364,73.421441,77.4603931051588,71.199915543972,NA,NA,78.2356327073812,80.625734,76.5976843745897,76.963144963145,69.4063445998569,40.3102020965291,67.8896880336863,41.8888573617979,73.6150568181818,72.69886399,104.799594475385,65.7848870269427,72.9389,72.0598864960294,57.4375366375661,40.7015050317333,72.33192,72.64305,67.164175309868,61.6834099485778,58.406434917821,68.302540967542,48.2913037967427,NA,87.975782894994,3.91428322669329,70.506694627167,NA
1997-12,73.7870037005398,74.1860816409933,74.5848817286482,93.207625207106,NA,39.5904436860068,25.7181680352731,80.7,82.0587755992704,73.432555,77.5803782242064,71.3064955858872,NA,NA,78.312259184078,80.741033,76.5943295320022,77.063882063882,70.1239474807546,40.6398556447315,68.0711101112027,41.8474242684628,73.4019886363636,72.66517149,104.708383040542,66.0832215901126,73.1201,72.0422166310765,57.5336824973545,41.2383970090324,72.10864,72.690666,67.346001112166,62.0418270145894,58.7655972731024,68.3440958212709,48.4860987693628,NA,87.9456232162505,4.10156950548245,70.4654143609918,NA
1998-01,73.8326398955289,74.6015053568981,74.8955494601931,93.2603043341971,NA,39.9828329688745,26.1065551168823,82.0,82.0769397967094,73.080289,77.4203980654762,71.599968333983,59.990635331287,NA,78.2356327073812,80.449113,76.5811815363983,76.2579852579852,69.0099157252082,41.8612218204464,67.5577886612366,42.0960228284735,73.6150568181818,72.86326,103.916210173082,67.2797336147411,73.4699,72.1788782736513,58.1297868280423,42.1343215859694,71.75559,72.736806,67.5775355287787,62.2677175226219,60.4412087590382,68.3060798081492,49.5240343363172,NA,86.7794489714991,4.39038466172046,70.6718156918676,NA
1998-02,73.9756309742891,74.8618834348531,75.2568285560458,93.4139657888413,NA,40.6449898837138,26.3983878681473,82.7,82.3943486404012,73.540227,77.7703546626984,71.7437940092307,60.6717021467794,NA,78.1590062306845,80.867268,76.8825954111376,76.5601965601966,68.6309472374964,42.7140087113968,67.9253576643909,42.0131566418033,73.6150568181818,73.132282,103.738787195666,67.9388202560705,74.3058,72.2091393373778,58.1970889298942,42.8832872205747,72.266856,73.179253,67.9590441952388,62.6777116270486,61.8659172540954,68.1868881446345,49.8180828074124,NA,86.6320016531972,4.56239232302944,71.043338087444,NA
1998-03,74.0740520816533,74.7547023215789,75.3991717517524,93.4525670652382,NA,42.1573235780998,26.6077697305791,82.9,82.3597319164945,73.809601,77.9703298611111,71.8687345082387,61.4095245302294,NA,78.4655121374715,81.092086,77.0989996908324,76.8624078624078,70.9700594102096,43.2718468681177,68.349680114877,42.2203221084788,73.4019886363636,73.440306,104.146469336904,68.4773035633524,74.917,72.2522538109968,58.322078547619,43.3975969696561,72.982827,73.59921,68.2946640273704,63.0511514827435,62.3447892221925,68.3898532697012,50.0861765930821,NA,86.8732790831458,4.76002863301484,71.2497394183198,NA
1998-04,74.2528764865616,74.8803631435064,75.3259094400729,93.4816468181226,NA,42.8440048231183,26.7683319877806,83.3,82.3679291415101,73.908016,78.0903149801587,72.1196877242718,61.6933023700179,NA,78.925270997652,81.210441,77.2668407683822,77.1646191646192,72.1472038568179,43.726212049805,68.5311722233059,42.3860544818193,74.4673295454546,73.490215,104.59682462275,68.596848973417,75.6555,72.1905887987829,58.8797245343915,43.8400189041658,73.105438,73.767059,68.5936010020911,63.4226992722431,62.7759958615377,68.8935999583436,50.2336329664944,NA,87.0240774768636,5.02814372686036,71.4148604830204,NA
1998-05,74.2332038247169,75.2051156650492,75.4675928674453,93.2431282102972,NA,43.5061617379575,26.9213000841686,83.5,82.4431159520234,74.281418,78.2302976190476,72.2816248506699,61.9203246418487,NA,78.7720180442585,81.252701,77.34347076498,77.4668304668304,72.0137800697587,44.1094685474987,68.7223852358656,42.4689206684895,74.5738636363636,73.675065,104.621866084736,68.4773035633524,76.6066,72.3301068605158,59.0143287380952,44.2152570179335,73.003618,73.746032,68.7792455183568,63.7385666061652,63.0483642048615,69.3900799932887,50.372754945382,NA,87.13466296559,5.26964445477269,71.4561407491956,NA
1998-06,74.2580349706073,75.2119145958061,75.4637204542976,93.2485353137839,NA,44.0211726717214,27.1404458676464,83.8,82.5842163500578,74.336401,78.330285218254,72.42835533341,62.2041024816372,NA,78.925270997652,81.324066,77.3290837986096,77.3660933660934,72.5395880088046,44.3304181877603,68.9589187523481,42.5517868551597,75.2130681818182,73.755012,104.539649044361,68.356700229305,77.0214,72.3343509016684,59.6104330687831,44.612248261409,72.705274,73.93327,68.8983021077424,63.9893569879338,63.3975432626853,69.5089872940775,50.465509483504,NA,86.8364172535703,5.49635942383324,71.4148604830204,NA
1998-07,74.240716061987,75.4589813276075,75.5884451651774,93.2531709823158,NA,44.4135619545891,27.5342573498368,84.6,83.0643236905178,74.05953,78.3802790178572,72.7081366822106,62.3743691855103,NA,78.7720180442585,81.108553,77.3581437043868,76.7616707616708,71.2868012414031,44.5847362544609,68.7419671059523,42.5932199484948,75.1065340909091,73.835363,104.137213650057,68.356700229305,77.7085,72.5107800061472,59.8219539603174,44.9891304143562,72.926732,73.771199,69.0339589831479,64.1794200144394,63.9848060240736,69.6482012900464,50.6083643718496,NA,86.504660787391,5.68956000616311,71.5387012815459,NA
1998-08,74.3707246136731,75.434713180429,75.6999265754504,93.693632768036,NA,44.8468251210889,27.8325993817992,84.7,82.9958832500451,74.319614,78.5402591765873,72.9547059797431,62.4878803214257,NA,78.925270997652,81.331202,77.5051376113816,77.063882063882,71.3694227111262,44.62127591667,68.9831554396439,42.3446213884842,75.3196022727273,73.952372,104.042076367891,68.1779110761996,77.8672,72.527377959464,60.0430894378307,45.4650114905929,73.053873,73.702452,69.2789779242111,64.5091176998186,64.4278095862514,69.5345771912455,50.6250902878663,NA,86.0422123799896,5.95866081726542,71.7451026124216,NA
1998-09,74.420032511592,75.4582928519034,75.7385724364949,93.6801651729457,NA,45.1574666366925,28.0398114839985,84.8,82.832177391089,74.648224,78.6202492559524,72.9733382225018,62.998680433045,NA,79.3084033811357,81.31569,77.6820015531828,77.6683046683046,73.0695267710444,44.9349781754073,69.4672441463051,42.3860544818193,76.0653409090909,73.97453,104.59191044811,68.1779110761996,78.2371,72.4865560751238,60.2834540873016,46.21851946871,73.803443,74.342823,69.6451970075175,65.0131293045852,64.8772028075217,69.6255836053172,50.8328555391119,NA,86.7425871419236,6.38153352042619,71.9102236771223,NA
1998-10,74.4499202342802,75.543945604221,75.9916980248249,93.6637401498343,NA,45.5743802497394,28.2665514282899,84.7,82.8074304935665,74.689939,78.630248015873,73.0409429431184,63.3959694087489,NA,79.538282811226,81.295096,77.8126070319666,77.5675675675676,73.6320065285028,45.4001035008244,69.5287224417584,42.6346530418299,78.515625,74.123973,104.653300527188,68.1779110761996,78.5307,72.555129457619,60.2930686732804,46.7447337912645,74.003303,74.450889,69.9390164579055,65.3818002802069,65.2635265384242,69.9614932225196,51.2133868673078,NA,86.9872156472881,6.75216320897735,72.116625007998,NA
1998-11,74.4828012922482,75.4457263367009,75.8420367652738,93.5822100492832,NA,45.9749443093336,28.5182436152545,84.8,82.8082393399355,74.966381,78.6402467757937,73.05739068895,63.6229916805797,NA,79.4616563345292,81.220028,77.8461824429853,77.7690417690418,73.6267303680006,45.5824646577038,69.329500564346,42.8418185085055,79.5809659090909,74.221052,104.645389264343,68.1186673331588,78.6772,72.6153369462866,60.5622770806878,47.3711524556133,73.919005,74.457716,70.1160299973116,65.6599454337381,65.4385807335551,70.4747184758389,51.4350861843994,NA,86.7526403681715,7.03358548578947,72.1579052741732,NA
1998-12,74.6196170959899,75.4261264840315,75.6230248565064,93.5734433966019,66.5913139354895,46.2774110482107,28.6364955479232,85.0,82.9800252150992,74.978056,78.7202368551588,73.2193615921794,63.7932583844528,NA,79.4616563345292,81.306504,77.8731804136104,77.970515970516,74.0947308103871,45.7972388097147,69.0753073097926,42.8003854151704,79.5809659090909,74.283981,104.585040215297,68.0001798470771,78.7475,72.6029162909225,60.668037526455,48.3859357780055,73.598457,74.590642,70.3040924895491,65.9669923227068,65.5797108240662,70.5924031326185,51.6261574615884,NA,86.6688634827727,7.29381484158072,72.1579052741732,NA
1999-01,74.5224972072904,75.6319509606113,75.6279420611144,93.701305105672,66.6269767090525,47.4872780037195,29.1398799218525,85.4,82.7681190817273,74.584336,78.4802666170635,73.440470228475,64.5310807679028,NA,79.0785239510455,80.97107,77.8329533758857,77.1646191646192,72.9214969297981,46.9835896020302,68.3044385576295,42.9661177885108,78.9417613636364,74.397852,103.924253899452,68.0001798470771,79.1166,71.1315011618973,61.36990230291,49.3634784402421,73.386948,74.533788,70.4478177765789,66.0535810232101,67.0883384121367,70.3236269843738,52.4060118188426,NA,86.5314693907186,7.66740168190224,72.364306605049,NA
1999-02,74.6370379118581,75.8946344179354,75.8729378000229,94.0971375473794,66.8409533504304,48.2557070160021,29.3839779480035,85.5,82.9486554919554,75.335265,78.7702306547619,73.5923999867134,64.9283697436067,NA,79.231776904439,81.333681,77.9670454220072,77.3660933660934,72.4201115067465,47.7523752451749,68.712603216585,42.8418185085055,78.1960227272727,74.53651,103.588797393979,68.0594235901179,79.218,72.8016558476293,61.5525794365079,50.2460221756341,73.832767,74.69023,70.6837405162268,66.3585654422264,67.751704937602,70.281238858181,53.165055374792,NA,86.5314693907186,7.89756666136154,72.5294276697496,NA
1999-03,74.6883406061284,75.8982079677787,76.1778740513732,94.2433671249284,67.384810647266,48.8197666101245,29.6107178922949,85.5,82.8559538841558,75.726045,79.0002021329365,73.817308909285,65.1553920154375,NA,79.538282811226,81.610311,78.1640993886574,77.5675675675676,74.3969406738977,48.4767973601862,68.9377037896586,43.0904170685162,78.1960227272727,74.665939,103.966447368598,68.1779110761996,79.2966,72.874028804802,61.7352565701058,51.026913395192,74.532388,75.487868,70.9855730304072,66.6769024923121,68.2891998770727,70.4682554433549,53.5078890473286,NA,86.8163108010746,8.1696246242342,72.7358290006254,NA
1999-04,74.6773954635093,76.0086920266162,76.4090819792776,94.1966007382436,67.5987872886439,49.3266027671619,29.7712801494965,85.6,82.7508270867697,75.847371,79.0301984126984,74.0017979618889,65.3824142872683,NA,79.844788718013,81.752217,78.4011487311694,77.8697788697788,75.1072139967241,49.1042373434589,69.290958186623,43.3804487218619,78.1960227272727,74.806129,104.561438082583,68.1186673331588,79.786,73.0379907280228,61.7448711560846,51.6192177523469,74.72853,75.696081,71.3020320273558,66.9969770801235,68.888536537761,70.9356475290745,53.9437033087822,NA,87.0475350047753,8.54074717141376,72.9835105976764,NA
1999-05,74.8206747724705,76.0825521844172,76.5379488684942,93.9511372606171,67.7057756093329,49.5800208456807,29.9340121669305,85.7,82.8531429846334,75.943551,79.1301860119048,74.0827948033653,65.8932143988876,NA,79.9214151947097,81.76142,78.3950092076767,78.071253071253,74.8829221110886,49.4368750690698,69.5421386323329,43.5047480018673,78.6221590909091,74.942626,104.561438082583,68.0594235901179,79.7612,73.2222751661259,61.8602461878307,52.0355413140357,74.731943,75.575505,71.4242982587946,67.2915001666558,69.4042344303761,71.3914306439167,54.2800908480536,NA,87.0776946835189,8.94291981218205,72.900950065326,NA
1999-06,74.8450922053547,76.0690572476386,76.7447255088092,93.9890512963366,67.8484267035848,49.8089145940202,30.1574974708732,85.9,82.9504400224561,76.127551,79.1901785714286,74.2543536136399,65.8932143988876,NA,79.9214151947097,81.800554,78.4129689034274,78.071253071253,75.0888845951162,49.692994766359,69.6879611100573,43.9190789352184,78.9417613636364,74.980081,104.513894076485,68.0001798470771,79.7155,73.2083095158369,62.5524963783069,52.4276166320211,74.465918,75.710871,71.5688563293044,67.5716139652728,69.8914541788389,71.4944209363865,54.5673725377452,NA,87.1949823230772,9.38254970870816,72.900950065326,NA
1999-07,74.8654926674695,76.2620388011514,76.8342500093412,93.9166196523288,67.7681854630681,50.0705074492653,30.4167838186514,86.5,83.4183977724188,75.739474,79.2901661706349,74.5231724169118,66.006725534803,NA,79.6915357646195,81.548198,78.4425675884154,77.3660933660934,73.6852486946327,50.1509687317989,69.4499867621842,44.0019451218886,79.2613636363636,75.233649,104.100591120205,67.9388202560705,79.707,72.0446883906866,62.5717255502646,52.798355823855,74.528657,75.440959,71.707259782557,67.7743944353066,70.3179743248405,71.5652153946401,55.7800472119575,NA,86.7794489714991,9.76352942845557,73.0247908638515,NA
1999-08,74.8162113871154,76.2630339234775,76.922999483602,94.5083571776058,67.6701128357699,50.323925527784,30.591449517364,86.5,83.3091317090194,76.019187,79.4101512896826,74.685173169434,66.1769922386761,NA,79.844788718013,81.755881,78.503764872084,77.5675675675676,73.7165172040831,50.5020225910969,69.8711563420016,43.8776458418833,79.5809659090909,75.322824,103.976905020582,67.9388202560705,79.625,73.3424968206797,62.8024756137566,53.1862072822938,74.970597,75.071805,71.8912345630828,68.093913552605,70.7472586570539,71.3035033314265,56.1908982172869,NA,86.645405954861,10.2154807906915,73.1073513962018,NA
1999-09,74.7857662165714,76.3600074009515,77.2318081481001,94.550088291289,67.7860168498496,50.4792462855858,30.7596059353791,86.3,83.0361798494329,76.423821,79.3901537698413,74.6980845595784,66.4607700784646,NA,80.1512946248,81.802281,78.7100989827978,78.071253071253,75.0675917333401,50.6756509427696,70.1400665566949,44.2091105885642,80.0071022727273,75.371732,104.375945027441,67.9388202560705,79.734,73.4874651038988,63.2062882248677,53.8645019257718,75.414787,75.794349,72.2485640985767,68.5446573750804,71.392007834094,71.3242170442621,56.4986645317288,NA,87.4496640546895,10.8823185149066,73.3550329932528,NA
1999-10,74.9153945173328,76.412369557869,77.2271607086813,94.5173153805403,67.8662580903664,50.6754409270197,31.0774758094336,86.3,82.9795616595431,76.574257,79.3901537698413,74.6891721891593,66.4607700784646,NA,80.3811740548902,81.708775,78.8694664967054,77.970515970516,75.2281812393871,50.9078337196921,70.261582316211,44.5820084285802,80.3267045454546,75.67225,104.549856005086,68.0594235901179,78.5256,73.6918329816398,63.2543611547619,54.2530259853287,75.520893,75.87629,72.5492785377014,68.9254807953319,71.8924570642205,71.7973315320801,56.8546245070809,NA,87.6004624484074,11.5535919667772,73.6027145903037,NA
1999-11,74.88299257553,76.5701417435679,77.1159123042915,94.4476080636173,67.9108365573201,50.87981034518,31.3226587157008,86.4,83.2118557899009,76.627492,79.4601450892857,74.7054392682187,66.5175256464223,NA,80.3811740548902,81.612569,78.9060115107046,78.071253071253,75.247871229633,50.9717490072038,70.3247726509424,44.7063077085855,80.2201704545454,75.793967,104.397374334308,68.0594235901179,78.4787,73.7405143368408,63.4562674603175,54.7251453883685,75.485727,76.051964,72.702924693621,69.2171861304399,72.2100229235306,72.3986685142048,57.0626188804637,NA,87.3993979234502,11.9838575493638,73.6439948564788,NA
1999-12,75.2711679295884,76.6932571119133,76.9949815079286,94.4290646074064,68.0802347317443,51.0514806564346,31.5797753032466,86.6,83.3907808430024,76.649092,79.5801302083334,74.887026655361,66.6310367823377,NA,80.6110534849804,81.740636,78.8783866452804,78.1719901719901,75.735579683307,51.1837259073912,71.3532587362151,44.872040081926,80.0071022727273,75.751153,104.33508548214,68.0594235901179,78.2701,73.8761581330868,63.3120486706349,55.1996249621121,75.133417,76.090945,72.8761584603145,69.657121174696,72.531196267955,72.5059712556437,57.2182265963984,NA,87.4965791105129,12.682238225796,73.5614343241285,NA
2000-01,75.0843476082337,76.874843490501,76.7970337346848,94.456653539029,68.0980661185258,51.5664915901984,32.2806078583291,87.1,83.3832129553704,76.308866,79.3401599702381,75.1687160023766,67.0850813259993,NA,80.5344270082837,81.607893,78.8782687969474,77.1646191646192,74.413642174751,51.6695691598239,71.044085188758,45.1620717352718,79.5809659090909,75.879088,103.72103859783,68.4445079198834,78.4411,73.0400463942794,63.9466113452381,55.9861179960644,74.475122,76.284181,73.0379909897518,69.7560040605834,74.1737797240109,72.2186758763933,57.9898798553846,64.9410823513725,86.6219484269494,13.376676033201,73.8091159211795,NA
2000-02,75.5026236254983,77.0630911073399,77.221620495045,94.7087481507249,68.757827429441,52.4902413602828,32.6603158990085,87.2,83.3959992747978,76.668937,79.5401351686508,75.3506694361092,67.2553480298724,NA,80.9850723929063,81.610792,79.0663788133042,77.4668304668304,73.661546019132,52.3982825093971,71.7323918288408,44.9549062685962,79.0482954545454,76.13554,103.37975632232,68.5830959616397,78.8571,74.2213295903185,64.2735072685185,56.6244716596025,74.924079,76.572285,73.2932819856936,70.0118551834339,74.6961867900483,71.9127543769947,59.8195270037612,65.4710911848531,86.7425871419236,13.7152699109067,74.0980777844056,NA
2000-03,75.6243039214298,77.251150594695,77.5602044141915,94.4931610580578,69.4265044337471,53.1605730518485,32.940214968995,87.0,83.2418644125622,77.204121,79.7101140873016,75.6174679135644,67.7661481414916,NA,81.3455887006044,81.969428,79.3524337746646,77.6683046683046,75.6329758819971,52.8179678227796,72.2152408810864,45.2863710152771,78.6221590909091,76.157156,103.553047992603,69.0676251457951,78.8034,74.3225783714783,64.3408093703704,56.9962530654056,75.584895,76.688432,73.6176573516558,70.2618509710952,75.3283928776676,72.1160370597241,60.1707491264475,65.941099018317,87.1313118901741,13.9823992874954,74.5108804461571,NA
2000-04,75.8144293838227,77.2937175592116,77.5357731266021,94.513401254058,69.569155527999,53.4957388976314,33.0714854630585,87.0,83.3279421388054,77.32324,79.8500967261905,75.9512050011024,67.9364148453647,NA,81.6815243509594,81.927207,79.5003472192746,77.8697788697788,76.196420766348,53.38418112908,72.7320475247586,45.617835761958,79.2613636363636,76.246685,103.853024970937,69.1374481286647,78.7125,74.5007275460084,64.5811740198413,57.319554422653,75.864511,77.076701,73.8384698707518,70.5168193593807,75.4932597782043,72.7706609553054,60.4162083477416,66.3711061851031,87.3089188872196,14.3954148180884,74.6760015108578,NA
2000-05,75.6927490878912,77.3633700694282,77.7378630781828,94.393898992954,69.5869869147805,53.8309047434142,33.2027559571219,87.1,83.1001220059217,77.549284,79.8201004464286,76.0999377429822,68.0499259812801,NA,81.8208147425701,81.983216,79.5402733503509,78.071253071253,76.3918799866511,53.483282939222,73.3150662277684,45.7421350419633,79.9005681818182,76.43858,104.081002369779,68.9300950280218,78.6951,74.6945948341504,64.3215801984127,57.5370480939252,75.932014,77.169926,73.9490817550209,70.7089923131078,75.9659067726303,73.400351692761,60.5308253147794,66.7311121852031,87.486525884265,14.8084303486813,74.6760015108578,NA
2000-06,76.2327054010873,77.4888579844795,77.9346850713259,94.4193113165101,69.7563850892047,53.9617011710368,33.3795914160669,87.2,83.2489296750355,77.696856,79.9500843253968,76.3305188166904,68.1634371171955,NA,81.7880405327793,82.099907,79.5730148383046,77.970515970516,76.3927970574329,53.7356005804536,73.7606736718565,45.9493005086389,80.2201704545454,76.58066,103.844616969875,68.9988600869084,78.6237,74.826434184321,64.2638926825397,57.7930561762426,75.67483,77.413283,74.0486488029106,70.8955845486425,76.2400901773169,73.5796983672286,60.6702003722743,67.0711178519642,87.3122699626355,15.1598385507251,74.7172817770329,NA
2000-07,76.1946803086087,77.7092290824843,78.0980531532407,94.4926054179391,69.676143848688,54.1824201426499,33.7451960152353,87.7,83.7358836993807,77.315174,80.0100768849206,76.8616822687309,68.3904593890263,NA,81.5258468544534,81.912115,79.6179565852302,77.2653562653563,74.9175185062143,53.9093378403462,73.8079073920324,46.0735997886442,80.2201704545454,76.690408,103.603206941753,69.276036170421,78.3803,73.748755367957,64.2062051666667,58.0212123785942,75.424391,77.101891,74.2059802097858,71.0029060901059,76.8274710530874,73.7049074989459,60.890467215307,67.4111235187253,86.8732790831458,15.5038538733431,74.8411225755584,NA
2000-08,76.3619907155145,77.7770080580188,78.2059344055647,94.530837069727,69.7920478627677,54.4194886677158,34.0196706846407,87.9,83.589717980156,77.356495,80.1600582837302,77.1479707633584,68.447214956984,NA,82.0584277635529,82.145812,79.7662585551799,77.5675675675676,75.0728909207287,54.1734353266287,74.2403087382837,45.9078674153038,79.9005681818182,76.820718,103.801696667716,69.4135662881944,78.222,75.0306369479095,64.0908301349206,58.3296769695112,75.832393,77.296544,74.4074571096606,71.2479670312722,76.9754858548899,73.4264337283699,60.9350176499549,67.8411306855114,87.0575882310231,15.944469487126,75.006243640259,NA
2000-09,76.3087555860445,77.9663563768532,78.3888165704609,94.481110708237,70.1308442116161,54.6565571927817,34.16938414068,87.6,83.3740231512598,77.851111,80.2000533234127,77.0930677023289,68.7877483647302,NA,82.574621567757,82.252375,79.9175844252364,78.1719901719901,76.9450528773109,54.5762075757954,74.5966459750042,46.1150328819793,79.1548295454546,76.780059,103.576030313139,69.7595074305936,78.286,75.1829389117716,64.1196738928571,58.840392879785,76.77437,77.877244,74.6628918606825,71.5747668206517,77.4866916963472,73.5813181210364,61.042638713452,68.2011366856114,87.5971113729914,16.5176640719465,75.2539252373099,NA
2000-10,76.4532509374631,77.8708031380107,78.5215166235098,94.4958338177771,70.3002423860403,54.7464797367722,34.4351797691556,87.5,83.3813861874615,78.045666,80.2900421626984,77.1666250003328,69.3553040443072,NA,82.9433314279027,82.265396,80.0576406004666,78.1719901719901,77.4398676283748,54.8674135879091,75.0423845651546,46.5293638153304,79.4744318181818,77.107039,103.506188415036,69.8293304134631,78.3229,75.3022426417117,64.3119656124339,59.2133093457882,76.896105,77.907151,74.8675467792962,71.8131982097548,77.9769938601447,74.0164044459519,61.1820229849738,68.6011433523892,87.8819527833474,16.9745440204663,75.4603265681857,NA
2000-11,76.5140910854289,78.050117317071,78.5515248840414,94.9115336724622,70.5142190274182,54.901800494574,34.6630045935632,87.6,83.378411617982,78.201968,80.3200384424603,77.2700331621359,69.7525930200111,NA,82.9269443230074,82.251481,80.1044376741226,78.2727272727272,77.5282348068497,55.2060572306562,75.3857168810133,46.6536630953358,79.4744318181818,77.248066,103.327225347221,69.8293304134631,78.2046,75.475382613892,64.5234865039683,59.6777016902062,76.859112,78.164805,75.0183278906765,72.0667923596612,78.2908730630167,74.6599442701128,61.3960040188105,69.091151519192,87.982485045826,17.5566100605979,75.542887100536,NA
2000-12,76.8030817882662,78.1263804929167,78.5958237266496,94.9383291905833,70.7816898291406,55.1960924567248,34.8680469355301,87.7,84.2877956898844,78.193805,80.63,77.4909485635361,69.7525930200111,79.52,82.9433314279027,82.339272,80.1600653481602,78.3734643734644,78.2225925464687,55.447822237128,75.4324171011768,46.8193954686762,79.5809659090909,77.27076,103.307137132576,70.0366835141061,77.8916,75.5676102585474,64.4273406441799,60.0796727724821,76.469793,78.102089,75.1527669903061,72.4014304782654,78.3528138842648,74.7325593874775,61.4268464384072,69.3811563526059,88.1064748362162,17.9972256743808,75.4603265681857,NA
2001-01,76.9627871766763,78.1684604144746,78.4033376684111,95.2719986420069,70.9154252300018,55.539433079234,35.446288037479,84.5,83.8488962208962,77.733989,80.16,77.8475250730999,70.320148699588,79.2,82.8286216936352,82.18586,80.17663819048,77.5675675675676,76.9621137978266,56.3690170719731,74.8668047598758,46.9022616553464,79.2613636363636,77.719917,102.705087283907,70.6608586640007,78.3509,74.7693740993639,64.5811740198413,60.4821020271633,76.658357,78.609565,75.2649250552709,72.3843666601968,79.1603322495676,74.6785804427583,62.2876085521793,69.6711611860198,87.5501963171681,18.4835747147241,75.7492884314118,NA
2001-02,77.3050130089837,78.4873336703614,78.8598334956748,95.1298957772293,70.9956664705186,56.2424638777054,35.9529270517569,84.7,84.1556876360768,78.363824,80.28,78.1136095240513,70.5471709714188,79.37,83.2792670782578,82.352051,80.4417928932792,77.7690417690418,76.3449261628578,57.0164096893601,75.7297642670378,46.9436947486816,79.0482954545454,77.949185,102.382661574767,70.9380347475132,77.9446,76.1498941331136,64.3215801984127,60.8411316574202,77.359353,79.201107,75.5517464302966,72.678230546588,79.3753113939993,74.5077727499221,63.9702618712973,70.441174019567,87.6942925600541,18.8243076629486,76.1208108269882,NA
2001-03,77.403878249428,78.5606315458442,78.9286028751878,95.2573170630965,71.4681982202281,56.9373198994502,36.3966430192937,84.8,84.0599459908148,78.898718,80.71,78.4274968318882,70.6606821073342,79.81,83.8200415398049,82.646319,80.7095894223865,78.071253071253,78.2192746724831,57.5738397154035,76.2174782292302,47.3165925886976,79.2613636363636,77.985563,102.598227282713,71.4225639316687,77.9911,76.2239523301433,64.6196323637566,61.1969394269442,78.109046,79.334304,75.9023456230906,73.0443882991885,79.7043680044665,74.6703473029294,64.490885108286,70.9711828530476,88.3879651711562,19.5753651237978,76.4923332225646,NA
2001-04,77.7917341927097,78.8924156559321,79.2800425818055,95.3351451923059,71.5662708475264,57.4278065030349,36.6928152910236,84.9,84.2653169411876,78.979762,81.1,78.7949463391023,71.0579710830381,80.22,84.1723642950553,82.895959,80.911381408792,78.4742014742014,78.8125403759454,58.0987626325249,76.8427345964068,47.7309235220487,80.0071022727273,78.311073,102.903290779617,71.6309749562945,78.0074,76.4436761341202,64.8119240833333,61.4428733245795,78.450701,79.493743,76.2587667236392,73.6478479584119,79.988267673747,75.3189798378728,64.6536846794018,71.521192019867,88.8537646539735,21.1213109884651,76.6161740210901,NA
2001-05,77.7993392112054,79.1173424199714,79.5021101381246,95.7453374959313,71.6732591682153,57.6240011444687,36.8663961096199,85.0,84.2075139919951,79.228489,81.2,78.8698185770041,71.2282377869112,80.37,84.2706869244275,82.978359,80.9515437032513,78.8771498771499,78.7183303753281,58.3106584244171,77.2883420404949,48.2695537354051,80.1136363636364,78.473742,103.037296312805,71.7685050740679,78.1079,76.677851364765,65.1676637645503,61.6274410130346,78.608088,79.645941,76.4214482765601,74.0199023817457,80.8058194399219,75.9586762090659,64.5930379539131,71.7111951865864,89.0079141231074,22.1583098060332,76.5748937549149,NA
2001-06,78.027489766077,79.242053245681,79.7133404612906,95.7394558182701,71.8069945690765,57.8120210091762,37.0334676475188,85.5,84.3758986998555,79.185801,81.35,79.0806127116275,71.0012155150804,80.53,84.2379127146368,83.038194,81.0881440906796,78.977886977887,79.048634041467,58.5006213804144,77.5316447674145,48.973916322102,80.4332386363636,78.623005,103.016928531469,71.8393859809204,78.0035,76.8261893846977,65.1484345925926,61.8109633400096,78.413137,79.662307,76.6237247564884,74.317685882011,80.898149925574,76.1202889044297,64.555751858125,72.1012016866948,89.0816377822583,23.0581617155812,76.7400148196156,NA
2001-07,78.3469005428972,79.4517939193888,79.9351067013317,95.8168988416314,72.0566339840174,57.9509922135252,37.3480828812246,86.7,84.752836946804,79.048326,81.32,79.475131599858,71.0012155150804,80.55,83.6561704908512,82.954093,81.1558642671912,78.4742014742014,77.6902890231082,58.8885981981224,77.2983341525132,49.348657271842,81.0724431818182,78.826054,102.844936861446,71.7685050740679,77.7747,75.9566528423194,65.1965075224868,61.8052692878653,78.221705,79.687767,76.7495795178859,74.4957645173046,81.3202063468824,76.155539540666,64.9884917059143,72.2312038533976,88.679508732344,23.7052800330024,76.863855618141,NA
2001-08,78.3316905059057,79.5053890442454,80.0721059299794,95.3170996123419,72.2260321584416,58.0817886411478,37.550955462959,86.8,84.7248800062509,79.075015,81.41,79.808025052121,71.2282377869112,80.67,84.1068158754738,83.252055,81.3132004520769,78.977886977887,77.7199246259591,58.8150784137882,77.6413341453344,49.6112068101426,81.2855113636364,78.928896,102.82143952838,71.908151039807,79.1054,77.1190228678361,65.1868929365079,62.0199661036331,78.577652,79.628153,76.9731236179126,74.8464434108445,81.4938884886131,75.9834987897227,65.1496818936533,72.3912065201087,88.9006797097969,24.6007745991311,77.0289766828416,NA
2001-09,78.460975820333,79.6849207500275,80.1652698377758,95.3557454273812,72.5202500403363,58.2207598454967,37.9491064656143,86.0,84.636900540699,79.563776,81.61,79.662888364514,71.5687711946574,80.9,84.7049452041547,83.358625,81.4479951294783,79.1793611793612,79.4786771644762,59.1048325904816,78.153013586935,49.9817759031477,81.2855113636364,78.913785,102.84886412225,72.0467390815633,79.0499,77.2014200749527,65.7156951653439,62.5654436025196,79.654757,80.136875,77.2521180197426,75.2466292483502,81.4489265159552,76.1822316688375,65.4105248543694,72.9812163536059,89.6881824325456,25.8896903667215,77.2353780137174,NA
2001-10,78.5978661532559,79.7152047594629,80.0937145759003,95.2690268757917,72.9303719363106,58.3352067196665,38.1020745620023,86.0,84.7931483292847,79.836166,81.87,79.7256661402845,71.7957934664882,81.18,84.8032678335269,83.462294,81.5842046851713,79.0786240786241,79.9113673782573,59.3353819774127,78.3782453060711,50.2688541227344,81.2855113636364,79.111839,102.798043562219,72.0467390815633,79.2074,77.5146852397653,65.8599139550264,62.7669247197297,79.769663,80.339648,77.4943729412942,75.6040958427756,81.6722782475002,76.7721695530833,65.6076620326441,73.5612260204337,89.661373829218,27.0908263861618,77.4417793445932,NA
2001-11,78.5902611347602,80.0246400921416,79.8477185030642,95.798509094873,72.9838660966551,58.4578283705626,38.3212203454801,86.1,84.7453999951378,79.842632,81.96,79.8183921828095,71.9093046024036,81.29,84.516493497858,83.34831,81.6893768823334,79.1793611793612,80.0721070596506,59.5962992943087,78.5381812130104,50.5573964221071,80.859375,79.274214,102.709069973427,72.1144462164671,79.4647,77.6827863277928,65.8406847830688,62.9890727619794,79.778776,80.470821,77.674260801192,75.8518138113307,81.7433744112396,77.4387662620838,65.7225425208532,74.1212353539226,89.8959491083347,27.9492569484322,77.648180675469,NA
2001-12,78.8260167081274,80.0249762710766,79.900031937157,95.8052584338175,72.9749504032644,58.6213239050908,38.4557454798922,86.1,85.7147875852051,79.912933,82.46,80.1420708441871,71.9660601703613,81.77,84.5001063929626,83.555428,81.7427423246357,79.3808353808354,80.3971545886669,59.7509101015705,78.8752778184443,50.9832356457306,80.859375,79.317869,102.694438306939,72.3228572410929,79.2225,77.7348385244555,65.5714763756614,63.1302899407419,79.435481,80.735473,77.7935622230942,76.2375475426278,81.8298385217553,77.5170442620852,65.9470945006935,74.2912381873031,89.9964813708132,28.5736505007869,77.5243398769436,NA
2002-01,78.7119414306917,80.2452441196551,79.7673780727998,95.7281504830252,73.0730230305626,59.0382375181378,38.8191803188282,86.6,85.3271960079482,79.673686,82.09,79.6858291170337,72.4768602819806,81.46,84.3853966586951,83.725069,81.7141576998101,78.8771498771499,79.3121387123754,60.4088596557761,79.9930924248774,51.2929570508249,81.9247159090909,79.67146,101.936202352143,72.6010912485883,79.0543,76.5879970079192,65.5137888597884,62.7918330973762,79.689118,80.503479,77.8475649124573,76.3180190746343,82.5722208717646,77.7002002998647,66.4639338439416,75.1812530208837,89.1955743464006,29.7679408124505,77.6894609416441,54.5888562780007
2002-02,78.9400919855632,80.6321606771718,80.2628033730941,95.8360904644337,73.340493832285,59.6676953260714,39.1891244384615,87.0,85.6693665322554,80.376156,82.29,79.7762128010271,72.7606381217691,81.69,84.6312032321256,83.905915,82.0015581495868,78.977886977887,78.6358811066689,60.9384623742697,80.5963047516182,51.169870268863,82.6704545454546,79.957884,101.608433072503,72.8084443492313,78.8352,77.6800811665448,65.3311117261905,62.998534524593,80.194395,80.605597,78.1249384973221,76.5652444615236,82.6788638730781,77.5901191520033,66.5847973069938,75.7312621877031,89.5005222092523,30.1787681838052,78.1022636033957,55.2901520633167
2002-03,79.1454274849476,80.7052109959599,80.6991301921079,95.8457435082912,73.7862785018224,60.0764341623919,39.6154823241387,86.9,85.7733486958766,80.863547,82.78,80.4236122119567,72.9876603935999,82.17,84.983525987376,84.312055,82.2643272930174,79.2800982800983,80.9832128766729,61.3784867240598,81.4396327803762,51.6256342955492,83.3096590909091,80.189173,101.927614939738,73.431561575143,78.545,77.7785885564104,65.8791431269841,63.2794313844002,80.951929,81.0752,78.4492378522513,76.9525401305349,82.7645679025322,77.9985279169573,66.7180198515494,76.3612726878781,90.086960407044,30.7406143241344,78.3499452004466,55.754983003973
2002-04,79.3887880768107,80.5308791708727,81.1005831047146,96.529592390557,73.7506157282594,60.4279495616276,39.7944875433161,87.0,85.4702657251446,81.025064,83.04,81.4735343085779,72.9309048256422,82.43,85.3440422950741,84.521075,82.444219455498,79.5823095823096,81.4241807555455,61.8221603437926,82.0439237461836,51.8327997622247,84.375,80.273312,102.274638378249,73.7785606415251,78.7398,77.9203237298075,66.061820260582,63.5703510638648,81.342893,81.232084,78.7266224013008,77.2547765793569,83.0075268110062,78.7839855847872,66.724426671633,77.2412873547892,90.5293023619496,31.5684979275469,78.5563465313224,56.6467632526709
2002-05,79.677778779648,80.6361500842405,81.4396349970964,96.6893131560432,73.8843511291206,60.5996198728822,40.0678773326053,86.9,85.7157178641228,81.09533,83.27,81.765704821952,72.9876603935999,82.67,85.450558476894,84.648214,82.5057500221921,79.8845208845209,81.9198224721833,62.0919901170952,82.4081000142933,51.8534949294161,85.4403409090909,80.467474,102.309576642464,73.9171486832814,78.8167,78.0882462902769,66.1483515343915,63.7045736788645,81.41158,81.560685,78.8536608240701,77.5473376738752,83.1738639238572,79.4111234878274,66.887582518458,77.7112951882531,90.8945695822884,32.2349935733738,78.5150662651473,56.8093296507226
2002-06,80.0276096304511,80.685909823181,81.6886581385695,96.6486658093073,73.8932668225113,60.7467658539576,40.2718347944559,87.1,85.8837139878269,81.1446,83.36,81.9180959170572,73.157927097473,82.76,85.4341713719986,84.73355,82.5280607334328,79.985257985258,81.8676946071233,62.2021373050955,82.51136715093,51.9950213852676,86.71875,80.618859,102.272150143827,73.9171486832814,78.7366,78.2094692940175,65.7637680952381,63.9083052100903,81.183975,81.619236,78.9322869951426,77.7357036560789,83.2798702163097,79.7417102857456,66.9824624254668,77.8712978549642,90.9481867889437,32.9185336357888,78.4737859989721,57.258302216778
2002-07,79.9515594454939,80.9446363478864,82.1842398734956,96.0233453555498,73.9200139026836,60.8775622815802,40.6764950778085,88.2,86.0743514742497,80.948173,83.3,80.9060088509449,73.1011715295152,82.72,85.1228163789866,84.888634,82.5800470740247,79.6830466830466,80.2883865899733,62.1048109229714,82.0228179733856,52.0921086525633,87.0383522727273,80.816843,101.960644295525,73.9869716661509,78.8831,77.4970918117609,65.946445228836,64.0591983778424,80.910664,81.408491,78.9806163228252,77.7395354492667,83.4895147027033,79.9076546697252,67.2431825324899,78.6613110218504,90.4790362307104,33.5676622151264,78.5563465313224,58.2586282250743
2002-08,80.217735092844,80.9937796510014,82.4099852406321,96.0581760678872,74.0983277704985,60.9593100488443,40.9336116653543,88.2,86.0435920816559,81.091973,83.38,81.0888781650711,73.2714382333884,82.8,85.4341713719986,85.136253,82.8149806763127,79.985257985258,80.356289874584,62.0921209764789,82.6716203762814,51.8327997622247,86.2926136363636,81.027882,102.098071971368,74.1245017839243,78.6572,78.4660769676154,65.946445228836,64.2933182478604,81.274643,81.031286,79.2259583454571,77.9985083983764,83.485665539037,79.9593988730269,67.8316394360006,78.6613110218504,90.4890894569582,34.460786505825,78.8453083945485,58.4525352785164
2002-09,80.0960547969126,81.025600240008,82.4760474943506,96.0587668215416,74.3212201052672,61.0655821462876,41.1527574488321,87.2,85.9790205877834,81.565405,83.56,81.3137864019849,73.6119716411345,82.99,85.8028812321444,85.200329,82.9149259073384,80.1867321867322,82.2768193055534,62.4112927027771,83.1349069029116,52.0399652289003,86.2926136363636,81.102425,102.192538455014,74.3329128085501,78.804,78.5948470807473,66.6098516613756,64.7466190346978,82.206447,81.396399,79.4227096878179,78.2760930823888,83.416132190687,80.0759415052784,67.9460407948075,79.0713178552976,91.3134540092825,35.4453141300243,78.969149193074,58.8393496990115
2002-10,80.0808447599211,80.9118830896388,82.6189859606994,96.7342985685543,74.5441124400359,61.2372524575422,41.3122348259174,87.2,85.8599818440389,81.759494,83.76,82.4351746673451,74.0660161847961,83.2,86.1142362251563,85.257552,83.0350057970384,80.3882063882064,82.6348333266028,62.6976596884519,83.5439802667703,52.3299968822461,86.8252840909091,81.270073,101.992041078758,74.541323833176,79.2147,78.8412100938794,67.0521226164021,64.9090126766201,82.136692,81.72327,79.6369085004516,78.57499356387,83.2610206421786,80.6931924854315,68.0293048851547,79.5713261887698,91.7088809083648,36.4468993005657,79.1755505239498,59.6938654787162
2002-11,80.0428196674425,81.0664432102571,82.8125413884074,96.7290249205675,74.3657985722209,61.4824957593346,41.6474627818315,87.1,85.769457574637,81.913564,83.85,82.8891950334516,74.0092606168384,83.3,85.9093974139642,85.331524,83.0549120143646,80.3882063882064,82.7975913646513,62.8939112129964,83.7011542487527,52.3714299755812,86.1860795454546,81.584799,101.935485918325,74.6788539509494,79.337,78.9885946857463,66.9271329986772,65.1164992285788,82.022105,81.75518,79.7272770548405,78.7668902616791,83.2162511996556,81.3297400816698,68.2006980720872,79.6613276887948,91.7993599445955,37.2533121585485,79.1755505239498,60.4852165865118
2002-12,80.354625425767,81.2278716284959,82.8740729255445,96.703304777038,74.258810251532,61.6786904007684,41.9349560126316,87.1,86.6337711640786,81.932444,84.28,83.0310763978599,73.8389939129653,83.69,85.8602360992782,85.48441,83.0978942323622,80.7911547911548,83.1391721981329,63.0154340641142,84.4643154920579,52.6571354753526,86.0795454545454,81.622168,102.015354659069,74.8872649755752,79.247,79.0071699572367,66.648310005291,65.2680894790517,81.549124,81.820415,79.8077609990834,79.0829026121965,83.252134683779,81.5027743038488,69.033283691398,80.3813396889948,91.7021787575329,37.7293628685656,79.0104294592492,60.590507985964
2003-01,80.2937852778012,81.3608913735696,82.8342942486994,96.4852517255296,74.1429062374522,62.4144203061454,42.5045180736507,87.4,86.108645081983,81.736422,83.64,82.0925574466259,74.8038385682462,83.14,85.4013971622079,85.35354,83.0266333368295,80.0859950859951,82.1398323581095,63.6337418841636,84.0354951995883,52.6897346602908,86.1860795454546,81.867516,101.363293368269,75.1644410590877,79.0681,78.0264695451055,67.0713517883598,65.5509045541052,81.573086,82.391973,79.7987015212269,78.9091928925774,83.4101024488856,81.2514906223479,70.9112068126591,80.9413490224837,91.0822298055818,38.5345461477709,79.1755505239498,61.1189525213979
2003-02,80.3394153887756,81.8546029425176,83.2886253845828,96.5368786998876,74.4906182796914,63.182849318428,43.0252605294396,87.5,86.4508610115041,82.433546,83.85,82.2302349187554,74.8038385682462,83.34,85.7291392601152,85.876781,83.2582593912325,80.2874692874693,81.4039241036593,63.9416347855171,84.9785059489414,52.5944405344085,86.2926136363636,81.955059,101.036096145282,75.3717941597306,78.9594,79.2815986914289,66.8886746547619,65.8268939732392,82.046935,82.589339,80.0295333225959,79.160044334958,83.4484060468135,81.0213883274174,71.2776486650874,81.1113518558643,91.3335604617782,38.8490971976361,79.4645123871759,61.1421184906595
2003-03,80.4839107401942,81.9229718473726,83.3781146807084,96.6060370244002,75.2127894443419,63.7469089125503,43.3539792046563,87.4,86.4754558543566,83.027649,84.33,82.8303405415489,74.8605941362039,83.81,85.9503651762027,86.114994,83.4679687557999,80.4889434889435,83.5118733680565,64.3769722559225,85.4423327994243,53.2106208613948,86.1860795454546,82.184073,101.441633831291,76.1334994273986,79.0504,79.3929506673801,67.2251851640212,66.079319894433,82.930205,82.458811,80.298859913656,79.4480605944881,83.5955914684661,81.1604210910962,71.8140278881876,81.5613593559892,91.8831368299944,39.1391377760832,79.6709137180516,61.4369469415527
2003-04,80.5751709621428,81.9755579011102,83.4442857440393,97.1828859292478,75.6585741138792,64.098424311786,43.8855704616074,87.3,86.3836792457987,83.187777,84.7,84.1703312054048,74.6335718643731,84.17,86.122429777604,86.23705,83.5616149386641,80.7911547911548,83.9541517771183,64.9104022103296,85.5812271634814,53.3361221568709,86.0795454545454,82.414169,101.728332048037,76.3419104520245,79.1142,79.4347031770471,67.6386123611111,66.2725835282875,83.071151,82.453323,80.4808856782643,79.7346414054118,83.7082376127151,81.8727794760676,72.2251577713998,82.1313688561476,92.0238819974644,39.6089218115962,79.7121939842268,61.5969860962991
2003-05,80.7196663135615,81.8680591082788,83.6920177235487,97.20225183631,75.4535131658921,64.3518423903047,44.2381564993812,87.2,86.296856029299,83.36136,84.79,84.268071700886,74.6903274323308,84.27,86.2289459594239,86.336444,83.6483778689888,80.8918918918919,84.1794818749816,65.1202904474986,85.7191443247343,53.4486904022941,85.4403409090909,82.70087,102.004785947727,76.4106755109112,79.3431,79.6192287212015,67.9270499404762,66.3368029263276,83.103251,82.315246,80.5802933977409,79.8660485001637,83.7562592882996,82.4163275912734,72.2978257307364,82.8213803563393,92.0774992041196,40.0827909256788,79.753474250402,61.6555965876688
2003-06,80.9250018129459,82.0285088203179,83.4903566295097,97.1922432754234,75.1682109773882,64.5725613619178,44.4106524378612,87.1,86.57484364389,83.364429,84.88,84.3742199809248,74.7470830002885,84.34,86.0732684629179,86.436405,83.6047373512161,80.7911547911548,84.2759104660492,65.4340954239805,85.8811058974342,53.5315565889643,85.0142045454546,82.778298,101.818422994927,76.4804984937807,79.3345,79.6566095446905,68.0231958002646,66.4017817006392,82.578551,82.058251,80.5792797978972,79.9852296744528,83.749448275796,82.5103964541793,72.6524429152254,83.3413890231504,91.7457427379403,40.7159781039789,79.6709137180516,61.6467539805116
2003-07,80.9402118499374,82.2142580507398,83.5616536819706,96.3033055859094,75.0077284963547,64.6706586826347,44.7057398294749,87.7,86.8409477636561,82.829222,84.68,83.2864628537948,74.9741052721193,84.16,85.4177842671032,86.308946,83.6728334070831,80.6904176904177,82.6071590137754,65.6586934805274,85.1000255868787,53.4521032461921,84.4815340909091,82.931828,101.827256050438,76.4106755109112,78.9515,78.7075523392031,67.9078207685185,66.5030318795762,82.544463,81.654033,80.5930558506874,79.8960300000804,83.7462672420147,82.3483002904767,72.896700627403,83.6513941899032,91.1693577663965,41.0223589967047,79.753474250402,61.1274407405162
2003-08,81.1227322938346,82.3213226498652,83.639945999033,96.3793369388514,74.9096558690565,64.9404263146063,44.854368405398,87.8,86.8638319914726,82.784579,84.79,83.4630263295028,75.3146386798655,84.27,85.6635908405338,86.545053,83.8148359741608,80.992628992629,82.7269669027645,65.6266482544168,85.734027334351,53.407257308959,84.8011363636364,83.126018,101.981090121301,76.4804984937807,78.6352,79.9856729369502,67.8597478386244,66.7475877514744,82.762165,81.568643,80.7446072916536,80.0802995477934,83.7999773941496,82.144087020383,73.458350855128,83.2613876897948,91.0587722776701,41.4594624036602,79.8773150489274,61.226507747292
2003-09,81.2520176082618,82.3847448848491,83.9665412425513,96.3761104039814,75.3197777650309,65.1611452862194,45.0236097035294,86.8,86.7419105446116,83.401195,85.06,83.645895643629,75.2578831119078,84.54,86.0650749104702,86.799172,83.8733842732055,81.1941031941032,84.8314741482231,65.8206253421446,85.8421152042464,53.780155148975,84.1619318181818,83.135115,101.994843207309,76.6878515944237,78.2665,80.3123545028481,68.6769876468254,67.0783125804701,83.745066,81.894009,80.8874382295512,80.3212344268678,83.794356351513,82.2868071405543,73.9595939220654,83.5613926898782,92.0071266203846,42.1702660747842,79.9185953151026,60.6983080510453
2003-10,81.0466821088774,82.3764078200759,84.1173426568556,97.026325863259,75.596164260144,65.2265435000306,45.3338854167703,86.9,86.7245330189021,83.299816,85.24,84.6201476792325,75.598416519654,84.73,86.122429777604,87.113813,84.0740132509581,81.2948402948403,85.2958153180033,66.2044407272418,85.8906780659109,54.0701868023208,84.2684659090909,83.198685,102.01672977584,76.6878515944237,78.3834,80.359913375313,69.2827065634921,67.217285908792,83.620659,82.087985,81.1081312400877,80.5399699990006,83.8571185840627,82.9034477915112,74.1233886080934,84.0714011900198,92.0909035057834,42.5991993246003,80.2075571783287,60.1264950561225
2003-11,81.0771021828603,82.5686455737717,84.3695505613658,97.0372049129609,75.3911033121568,65.3573399276532,45.6061903259432,86.9,86.5284215643637,83.487185,85.26,84.9659178191608,75.4849053837386,84.76,85.9913329384411,87.307876,83.9674179499363,81.2948402948403,85.4266000236424,66.4642297607864,85.879335282281,54.1116198956559,83.9488636363636,83.412664,101.698274943543,76.619086535537,78.6203,80.4680211718672,69.3980815952381,67.4548117951422,83.523022,81.941102,81.0734420804091,80.6392031057365,83.8850911365976,83.3827894221351,74.1698641601087,84.231403856731,92.0171798466324,42.9668563958713,80.0424361136281,59.1908137245425
2003-12,81.3432778302104,82.6830982994675,84.2745064306731,97.0494235410426,75.3465248452031,65.5944084527191,45.882834755581,86.9,87.3778401317686,83.313087,85.64,85.0962384798025,75.2011275439501,85.11,85.9995264908888,87.497778,83.9999619504276,81.4963144963145,85.9706432544125,66.6601467657579,86.1167443434374,54.3187853623314,83.6292613636364,83.463472,101.663841090737,77.0348506608058,78.3767,80.5367226995517,69.1865607037037,67.6017451354655,83.014655,81.896315,81.1281149242305,80.8686808688925,83.9624927588804,83.4801525775054,74.27642745331,84.4014066901115,92.0707970532877,43.0567281244042,79.9185953151026,59.1706681897372
2004-01,81.1303373123304,82.7556358534999,84.2089449730132,96.5517913443123,75.2573679112956,66.068545502851,46.4762641791571,88.0,87.1865310705538,83.185296,85.08,83.9517288069091,75.4281498157809,84.65,85.4177842671032,87.305085,83.9504536836746,80.992628992629,84.7646110781782,67.9974594021734,85.6080103540111,54.153052988991,83.3096590909091,83.556009,100.926567589655,77.2432616854316,78.1066,79.6665551185618,69.3884670092593,67.9408114041172,82.777445,81.782373,81.094273110215,80.6612363079169,84.1330507151341,83.2510612999221,76.5114186902329,84.3814063567726,91.4709545538322,43.2936626814456,80.0837163798032,59.3931432119591
2004-02,81.6322685330478,83.1991099355975,84.2460568419208,96.6723421685875,75.1503795906066,66.7797510780487,46.8635663806501,88.3,87.4855645297651,84.033042,85.39,84.0683868176448,75.4849053837386,84.95,86.0568813580226,87.894112,84.2351208055719,81.1941031941032,83.8597075029606,68.5584280984027,86.488252143378,54.0287537089857,83.4161931818182,83.788955,100.733476782138,77.3120267443183,77.8562,80.9036409969209,69.6096024867725,68.3056968732766,83.257199,81.893928,81.3548311025416,80.9144177066986,84.1080855668816,83.0808158190123,77.385909704184,84.6214103568393,91.3369115371941,43.3835344099785,80.4552387753796,59.4986576052439
2004-03,81.8680241064151,83.1189715394406,84.5373951588806,96.7364716472191,75.5337544064088,67.3601602256238,47.3788844358578,88.2,87.760177375433,84.171876,85.83,84.6443200598354,75.4849053837386,85.37,85.5488811062662,88.086858,84.6303215302838,81.2948402948403,86.2488170531534,69.00377817929,86.9821824644224,54.5673839223421,83.4161931818182,84.099293,101.116013449254,77.93514397023,78.2349,80.9885551550585,70.2633943333333,68.5573997954711,84.107618,82.347206,81.7474838206522,81.2254669970552,84.1319812233615,83.1716213401907,77.5902768222846,84.9714161902698,91.9199986595698,43.7021705384134,80.9506019694815,59.8073259608879
2004-04,81.7919739214579,83.4428037690794,84.6027300310207,97.6478700377328,75.7833938213497,67.662626964501,47.9213244939712,88.1,87.9756546816765,84.407999,86.26,86.1282940342389,75.7686832235271,85.78,85.5243004489231,88.242989,84.8163925432562,81.5970515970516,86.6398696504024,69.2352433179607,87.1141209121151,54.898848669023,84.375,84.338283,101.329034888284,78.0049669530996,78.5347,81.0396141194662,70.6479777724868,68.7907137811432,84.404671,82.481529,81.997029192408,81.5776237177029,84.4104902613056,83.882289521931,77.7818057294796,85.6014266904448,92.0004244695527,44.0085514311392,81.1157230341821,59.814926563129
2004-05,82.058149568808,83.5463118216175,84.7467960581402,97.7067051331429,75.8992978354294,67.8342972757556,48.1914596429117,88.6,87.9429027393462,84.398383,86.36,86.3006536176682,75.8821943594425,85.92,85.5079133440278,88.383044,84.8618365320796,81.7985257985258,86.835760374534,69.5781845091587,87.1644232550304,55.271746509039,84.8011363636364,84.50224,101.403619323839,78.0737320119863,79.2682,81.1999578535901,71.4267592367725,68.8379254082655,84.436472,82.415462,82.0903855895114,81.7773575484886,85.2964313654006,84.505504740172,77.9344944416715,86.1614360239337,91.9836690924729,44.5477818023367,81.1157230341821,59.7989923831232
2004-06,82.3547452901411,83.5598666600098,84.7791506249468,97.6886726580878,76.1221901701981,68.1367640146329,48.4550855111548,88.7,88.0763011459773,84.367564,86.49,86.4803700125854,75.8821943594425,86.06,85.5980424209523,88.415468,84.9053211430886,81.7985257985258,87.0966439850639,69.7461638672184,87.4796550200926,55.5617781623848,84.9076704545454,84.607959,101.38580479713,78.142497070873,79.3043,81.3928201248503,71.4652175806878,68.9805715520241,83.893797,82.447095,82.1585045163212,81.8766746060419,85.564511842362,84.8206475337024,77.9595320242798,86.661444357406,91.8429239250029,44.8868433236199,81.1570033003573,59.8220170923203
2004-07,82.3395352531496,83.9058930394649,84.8593752018072,96.728863039347,76.3450825049668,68.3002595491611,48.8727643559022,89.4,88.2645680578593,83.934287,86.25,85.291719470765,75.8254387914848,85.85,85.1965583510158,88.416901,84.9084899523402,81.5970515970516,85.7830051661479,69.8118851570505,87.2591376074107,55.271746509039,84.8011363636364,84.760904,101.279399230633,78.4196731543855,78.9874,80.2969586250878,71.2536966891534,69.11276560366,83.692319,82.190635,82.1333407913394,81.7578083751336,85.7817624718489,84.4170447890537,78.2107923969514,87.1314521908698,91.3838265930174,44.9644598164438,81.1570033003573,60.0541016472778
2004-08,82.628525955987,83.9428397937113,84.6939178348636,96.9492409237644,76.2826726512315,68.3084343258875,49.3240744842525,89.5,88.3498020918717,83.624794,86.44,85.5607685766059,75.9389499274002,86.01,85.5980424209523,88.779205,85.0250712470269,81.7985257985258,85.2976564677497,69.6761134428376,87.9137570284387,55.1060141356986,84.9076704545454,85.017917,101.407602417211,78.489496137255,78.7441,81.4264712345055,71.2825404470899,69.323385359995,84.119224,81.994678,82.2509117459431,81.9325902352375,85.713907488648,84.1069207316924,78.2402281417648,86.6814446907449,91.3201561601144,45.2136496091941,81.2395638327076,60.0078251750071
2004-09,82.6741560669613,83.9704070445457,85.039276268993,96.9449490610653,76.407492358702,68.4474055302365,49.5291168262194,88.5,88.2450512074195,84.332731,86.64,85.7772690289622,76.2794833351464,86.22,85.9831393859934,88.835445,85.1906924211359,81.8992628992629,87.6045400099648,69.8951978152968,87.9141848685154,55.4374788823794,84.4815340909091,85.026822,101.508338605437,78.489496137255,79.4455,81.6137237746398,72.3305303187831,69.7156306167852,85.013186,82.719085,82.4594450459881,82.1227662753392,85.7934163317489,84.1983289093618,78.4074565885087,86.6914448574143,92.2651594274129,45.761050137531,81.4872454297586,59.9367048226503
2004-10,82.8490714923628,84.1828857739899,84.9644429255068,97.7143407429429,76.4877335992187,68.4474055302365,49.8686843025984,88.6,88.0806125294294,84.495448,86.83,86.7967129065624,76.4497500390194,86.42,86.1715910922901,88.856499,85.3724918183628,82.0,87.8731336227769,70.1535639167544,87.9854383190368,55.8518098157306,84.375,84.964818,101.58679255093,78.489496137255,79.692,81.8224563088739,72.7343429298942,69.914033239377,85.01536,82.971795,82.6921239910137,82.3267024545989,86.0270603583509,84.9007703873778,78.5813682761451,86.9914498574976,92.4461174998743,46.5658106157575,81.8174875591598,60.0087482751287
2004-11,82.87188654785,84.2103035650333,85.4101432733983,97.9409358388193,76.6214690000799,68.6517749483967,50.2093366590936,88.5,88.0905647187599,84.452346,86.87,87.1782161308602,76.4497500390194,86.45,85.9585587286504,88.860419,85.3405037265734,82.1007371007371,87.9207922695291,70.2521419413165,88.0657758387926,56.0589752824061,84.0553977272727,85.075295,101.193588612341,78.4196731543855,79.7845,81.9727726444773,72.8977908915344,70.1600085864912,84.923253,83.058446,82.7193163031307,82.45662361358,86.0056951299535,85.5920430987447,78.7048116667477,87.2514541909032,92.2450529749172,47.1622320869305,81.7762072929846,60.2815178425271
2004-12,83.168482269183,84.1441413049868,85.4304242114928,97.9154001165527,76.8265299480671,68.9460669105475,50.5727714980296,88.5,89.4042885562448,84.369927,87.27,87.2864663570383,76.4497500390194,86.8,86.0159135957842,89.048326,85.4525272952989,82.6044226044226,88.3826655577842,70.2171178463221,88.1987678175662,56.3490069357519,83.7357954545454,85.35776,101.139006370911,78.6979071618809,79.7219,81.8902191725836,72.5228220383598,70.3319044185832,84.134792,82.992041,82.8204160383343,82.8152947568074,85.9860389042634,85.6626070642918,78.8499387341431,87.1214520242004,92.2886169553246,47.2480187368937,81.6523664944592,60.2742531048445
2005-01,83.4194478795417,84.4437633459338,85.2809211257133,97.6305512437873,76.7017102405966,69.3956796305001,51.4569487927544,88.7,88.3444527241106,84.00639,86.44,86.0379103502455,76.5065056069771,86.07,85.3932036097602,88.56953,85.377498730845,82.0,88.5792310698054,70.9563214548886,87.363202173674,56.4318731224221,83.203125,85.359163,100.768368431712,79.3220823117755,79.1706,81.1463005780347,72.68627,70.5852354157893,83.976423,82.723728,82.7745226431865,82.3808803105474,86.0377591718086,85.4548125530404,79.96397602115,86.2814380239671,91.4407948750886,47.3378904654266,81.9000480915101,60.5608776947623
2005-02,83.5867887980564,84.8066859976379,85.5243264482925,97.64798323928,76.6482160802522,69.9842635548016,51.8431661141312,88.9,88.6303197272198,84.887855,86.63,86.1955563106992,76.8470390147234,86.27,85.8312055592822,89.027831,85.681929439978,82.1,86.5595408576337,71.2131954686023,88.3452307328394,56.6390385890977,83.0965909090909,85.58624,100.41908859014,79.4807709092063,78.9021,82.394450867052,72.79337,70.8360535404221,84.435137,82.902529,83.0191851268663,82.5338586888679,85.9567152930144,85.3295052322708,80.245482973008,86.4114401906698,91.5681357408948,47.1132111440943,82.3541310194368,60.593438221923
2005-03,83.8378001758283,84.998021526745,85.7722076958725,97.7042572123514,77.1564106035247,70.3521285074902,52.1501871870234,88.8,88.7618839743955,85.178209,87.19,86.8849946444164,76.7902834467656,86.78,86.002971029683,89.357633,86.0808660366129,82.4,88.7412672650224,71.4677834689058,88.6221205950648,57.3848342691297,82.9900568181818,85.801395,100.79570977145,79.880666174732,79.0373,82.4771098265896,73.20066,71.0588925429466,85.25195,83.302212,83.4019712552331,82.8504816094384,85.9784835830923,85.4916075578063,80.1739821237536,87.2814546909115,91.8730836037465,47.3092949154389,82.8494942135387,60.9238743720147
2005-04,83.5031183387991,84.999164875044,85.6128932694835,98.4285883215055,77.4238814052471,70.5810222558296,52.5939031545602,88.8,88.3608376707251,85.539898,87.46,88.1514171933939,77.0173057185964,87.05,86.0115593032031,89.500894,86.1447623374594,82.7,89.2841671608221,71.8800617458166,88.7921809996393,57.8405982958159,83.5227272727273,85.768177,101.058383638093,79.9621263214132,79.285,82.5928323699422,73.95332,71.2098219734145,85.442561,83.592208,83.5396740196281,83.0220940257022,86.1850851853105,86.102017014689,80.2043884127407,87.3914565242754,91.9870201678889,47.5094637653531,82.932054745889,61.0109648169857
2005-05,83.6704592573137,85.1833672265219,85.8920015230994,98.4600303670846,77.8072562210493,70.7526925670843,52.9551682332637,88.8,88.6057618420995,85.609631,87.71,88.4047017031894,77.0740612865541,87.29,85.9772062091229,89.626633,86.2024214246085,82.9,89.6623837706331,72.0046371982825,89.1496926040188,57.7577321091457,83.7357954545454,86.101461,101.09967439659,79.9621263214132,79.4995,82.6589595375722,74.17935,71.237186683615,85.394282,83.753863,83.6427245959291,83.2973387706549,86.1662504634083,86.5853390078149,80.1461127635245,87.7714628577143,92.0205309220484,48.5389035649119,82.8907744797138,60.7539367991556
2005-06,83.9214706350856,85.3903941287973,85.9269069216699,98.1771561644617,77.9409916219105,70.9407124317917,53.2209638617393,89.5,88.4975348189443,85.489401,87.7,88.5329204176917,77.3010835583849,87.28,85.994382756163,89.635475,86.1459585250456,83.0,89.6934760743437,72.0331331144691,89.5122860647086,58.0891968558266,84.2684659090909,86.113558,100.998805441951,79.9621263214132,79.6487,82.7829479768786,74.28104,71.3957718954872,84.904807,83.575126,83.6363794362291,83.3526372501582,86.363555815771,86.6795539398569,80.2314715093354,88.0014666911115,91.9132965087379,48.9678368147281,82.8082139473635,60.7108602894324
2005-07,83.754129716571,85.820280648769,85.8251102447513,97.2084637837466,78.0925584095532,71.0551593059615,53.7655736800851,90.1,88.8138972308454,85.07486,87.37,87.331658199035,77.2443279904272,87.0,85.3330856951199,89.345101,86.2063553119275,83.1,88.7406515461023,72.1069418794783,89.1186350299998,57.9234644824862,85.1207386363636,86.428846,100.809420816443,79.9621263214132,79.4131,81.7166473988439,74.26047,71.5657457975788,84.665662,83.318629,83.6336889721525,83.2435671192134,86.4836645431274,86.6865742051328,80.1793078313399,88.4914748579143,91.1827620680603,48.6451156077235,82.8907744797138,61.0285178650792
2005-08,83.754129716571,85.8368706605011,85.9400136346626,97.2956318728178,78.1460525698976,71.1777809568576,54.1561305219268,90.2,88.875909137775,84.97486,87.54,87.5534135167398,77.5281058302157,87.15,85.7624993711219,89.809017,86.3253601899938,83.3,87.7711195099937,71.9471229761262,89.5414153454241,57.882031389151,85.1207386363636,86.586178,100.886622537392,80.1218728428269,79.5002,82.9895953757225,74.34849,71.6689627392889,84.964413,83.405365,83.7597052444119,83.4363871118147,86.437742364784,86.5906869656484,80.1958193676625,87.5714595243254,91.2966986322027,49.298728178872,82.9733350120642,61.0445320370646
2005-09,83.5867887980564,85.8726194642358,86.1994910143133,97.3045396815117,78.4402704517923,71.4066747051971,54.625883612253,89.3,88.6657136194393,85.51078,87.78,87.8613486261592,77.8118836700042,87.38,86.0115593032031,89.908531,86.404113568001,83.3,89.9915110632254,71.9866381913293,90.0231391681298,58.627827069183,84.5880681818182,86.449424,101.072796416684,80.1218728428269,80.1413,83.0722543352601,75.73097,71.9959982151808,85.896251,83.930162,83.896094268307,83.5600219871256,86.5801218764894,86.7324854025229,80.1837059935449,88.011466857781,92.1344674861908,49.5765135216101,83.0971758105896,61.0087770437011
2005-10,83.6704592573137,85.9611297069267,86.1887786984527,98.1525904561262,78.5650901592628,71.4802476957348,55.1531353487392,89.6,88.7528620639828,85.61732,88.03,89.0163680297495,78.038905941835,87.64,86.0115593032031,89.83139,86.647438675674,83.4,90.4570236007073,72.2071648150637,89.9624441277643,59.0007249091991,85.0142045454546,86.532875,101.01724119432,80.1218728428269,80.5683,83.278901734104,76.07709,72.1578954958858,85.89768,84.200397,84.174625513913,83.8226164996619,86.7159712472637,87.3157981602789,80.4433695588093,88.3914731912199,92.4092556702988,50.3935292355456,83.5099784723412,61.0370480979321
2005-11,83.5867887980564,86.0548024194866,86.5903089285084,98.2749300553548,78.698825560124,71.6273936768102,55.9960871990475,89.5,88.7287096579822,85.563099,88.06,89.4472669883228,78.0956615097927,87.68,86.0974420384035,89.809773,86.6476787928147,83.5,90.6119304716479,72.3691726209048,90.1699987895775,59.0835910958693,85.2272727272727,86.768196,100.696243688324,80.2022750655252,80.7018,83.3698265895954,76.09444,72.4370112862047,85.775392,84.280739,84.227406025691,83.9454471253974,86.6445628586038,87.8835936511156,80.5265722223101,88.4414740245671,92.3824470669712,50.8020370925134,83.5099784723412,61.0407583306254
2005-12,83.754129716571,86.0873974544414,86.5689949061333,98.2960951350679,78.8325609609852,71.7990639880648,56.4886227718144,89.5,89.4705981194688,85.674249,88.45,89.5986071103583,78.1524170777504,88.02,86.0630889443233,90.021233,86.7119525230955,83.8,90.9776294657552,72.3318943055426,90.2715164017691,59.3736227492151,85.4403409090909,86.779612,100.783612762194,80.360963662956,80.4772,83.4276878612717,75.94112,72.6773072973346,85.175532,84.167636,84.3093629308396,84.1842935664418,86.6548311987444,87.879684370858,80.6884811041525,88.2214703578393,92.3522873882277,51.2268852637599,83.4274179399909,61.067876927645
2006-01,83.6704592573137,85.3993330959241,86.132487199524,97.9652992683228,78.8503923477667,72.1178802803949,57.1775216456185,89.8,88.7001223241101,85.146838,87.5,88.3910390532834,78.5497060534543,87.17,85.5392042596008,89.655176,86.6242926660824,83.4,90.4384469103624,72.1876665760823,89.8189570109589,59.3736227492151,85.1207386363636,86.893512,100.091444514781,80.5207101843697,80.1532,82.5845664739884,76.2181,72.8762435903452,84.221275,83.667537,84.2067471158652,83.7778947635956,86.6768093892632,87.3649310189575,82.116231438605,86.931448857481,91.2665389534591,51.4311391922438,83.6338192708666,61.2766141248939
2006-02,83.754129716571,85.7781087118392,86.5032330269612,98.1575773502557,79.0019591354094,72.6165416607059,57.7807149902406,89.8,89.0809073430195,86.108509,87.72,88.57285739434,78.6632171893697,87.38,86.0802654913634,89.977492,86.9358288890442,83.6,88.6019355798373,72.2350759964883,90.8118442717894,59.2078903758746,85.2272727272727,87.053431,99.9563158383111,80.7608589284817,80.0539,84.1550867052023,76.11586,73.0557866903902,84.668632,84.076952,84.457748779791,83.9401391649394,86.5898717670072,87.4992309857032,82.6174253640653,87.1714528575476,91.7792534920998,51.0144611781366,84.0466219326182,61.2954719670118
2006-03,84.1724820128576,85.5838648062417,86.8692594619718,98.1651557677064,79.5814792058079,72.9435327297623,58.2645715220778,89.7,89.0914455763902,86.402208,88.34,89.2286645898271,78.7767283252851,87.95,86.5010908938454,90.238564,87.3450878193162,83.8,91.1268016408028,72.4993848691122,91.2464092713922,60.0365522425768,85.546875,87.238679,100.385167972913,81.3194427914382,80.2189,84.3121387283237,76.56132,73.3185601593102,85.382296,84.246586,84.8540639502236,84.2041078949162,86.5898717670072,88.994642831889,82.5884564632849,88.3414723578726,92.3723938407234,50.8755685067676,84.5832653928952,61.5084690044439
2006-04,84.5071638498868,85.7295477354398,86.679390456105,98.9249495225471,79.9024441678748,73.0988534875641,58.5770169955511,89.6,89.0846326824315,86.575934,88.78,90.6884661836278,79.1172617330313,88.36,86.7329742788864,90.435115,87.5491781223129,84.1,91.3181810975298,72.8203072009592,92.0345268481859,60.5751824559333,85.9730113636364,87.40299,100.624155533946,81.3998450141365,80.482,84.37,76.76993,73.5317005672813,85.615779,84.528482,85.12727710001,84.5595757515632,86.5898717670072,89.2825940215583,82.7003454640725,88.9314821913699,92.6538841756634,51.7906261063754,84.8309469899462,61.5719675261528
2006-05,84.5071638498868,85.8752306646379,87.0150565813357,99.0344757494092,79.9470226348286,73.2868733522716,58.9762528783226,89.9,88.9735757529203,86.541843,88.9,90.8797432823115,79.2875284369044,88.48,86.7930921935267,90.63779,87.6388685433079,84.2,91.5439226758421,72.9826024329751,92.2066230082427,61.4452774159707,85.7599431818182,87.636335,100.669260070777,81.6410516822314,80.7982,84.3865317919075,77.11576,73.4951764100416,85.7486,84.518792,85.259881457031,84.7753722627051,86.5898717670072,89.4312348583027,82.77834527368,89.1614860247671,92.5298943852731,53.1427871129388,84.9135075222965,61.6588341422327
2006-06,84.6745047684014,85.9335038363171,86.8834623448507,99.0066394789234,80.2234091299417,73.4830679937054,59.2778495506336,89.8,89.1372457100793,86.584007,88.98,91.0247775659288,79.741572980566,88.55,86.9992107580077,90.70689,87.7130631892576,84.4,91.8006934842197,73.1275196262829,92.6117042023716,62.1082069093324,85.9730113636364,87.683327,100.631345385494,81.5595915355502,80.9609,84.5849132947977,77.34528,73.6861936254914,85.284036,84.581823,85.3503096044346,84.9145740876531,86.6768093892632,89.3123998918199,82.8271857592831,89.2114868581143,92.5198411590253,53.7146981126937,84.9960680546468,62.0401315443368
2006-07,84.5071638498868,86.1471721324744,86.6107423734465,98.0252053265725,80.6781094928698,73.7119617420449,59.8908068163018,90.5,89.5494954863011,86.176829,88.65,89.8550445393629,79.911839684439,88.27,86.5354439879255,90.479481,87.7744770549705,84.3,90.8208764392232,73.1597160790714,92.9237161193448,62.1017311654427,86.0795454545454,87.828697,100.437876350191,81.7203959809468,81.1043,83.4276878612717,77.33907,73.8768910919203,84.978983,84.097085,85.3822121346422,84.8394008372507,87.1984351227994,89.0073556018675,83.1075624571666,88.8814813580226,92.191435768262,53.8862714126202,85.1199088531723,62.345785599832
2006-08,84.5071638498868,86.2248696947134,86.8564613560948,98.0935358860778,80.7048565730421,73.9245059369316,60.2238650119834,90.9,89.3677700930294,86.113905,88.75,90.0767998570676,80.3091286601429,88.37,86.9648576639276,90.90915,87.9579474772027,84.6,89.8450330338916,73.3062413267114,93.5414579352633,62.2325061893378,85.8664772727273,87.911069,100.602035801343,81.7203959809468,81.1309,84.6675722543352,77.60058,74.0608235423956,85.534909,83.910278,85.5353524713397,84.9426668090218,87.1984351227994,88.6301074194055,83.3870238950381,89.1214853580893,92.18473361743,53.812739998366,85.326310184048,62.7214877753837
2006-09,84.5071638498868,86.1374599371945,87.5297515288672,98.0345976659632,80.8564233606848,74.1043510249126,60.3432018247684,89.9,89.3163439365548,86.905858,89.09,90.2996061478421,80.7631732038045,88.72,87.5059188956901,90.833879,88.1226424228939,84.8,92.2629101734334,74.4184391196105,94.3040798590352,62.688270216024,85.2272727272727,87.94708,100.7248984766,81.8812004263434,81.4159,84.7667630057804,79.08188,74.4428829015838,86.268718,84.497245,85.7573063683568,85.176974801015,87.2853727450554,89.538245930718,83.2195865970163,89.5914931915532,93.1833540913838,54.4295868623873,85.5327115149238,62.9270795844286
2006-10,84.7581752276588,86.176308718314,87.7503689082998,98.8281966013214,80.91883321442,74.0062537041957,60.580790570222,89.9,89.5484216001951,86.994957,89.38,91.3663438135784,80.9334399076776,89.0,87.9610973922522,90.879473,88.3043355139122,84.9,92.9488941357392,74.875836083223,94.3001348923185,63.1854673360453,84.8011363636364,87.954319,100.74170973346,81.8812004263434,81.9813,84.9403468208092,79.61991,74.6067756972878,86.179423,84.897553,85.988627001025,85.4707222873546,87.2853727450554,89.9064000078719,83.6210417519146,89.6614943582393,93.3207481834379,55.3650698548435,85.7803931119748,63.3562479956056
2006-11,84.7581752276588,86.254006280553,87.8509948492296,98.9709775924977,80.7316036532143,74.2760213361673,61.2523313621664,89.9,89.5466127831847,86.777336,89.42,91.752050930155,81.4442400192969,89.03,87.9525091187322,90.942978,88.2687708391389,85.1,93.1007524471488,75.0928825259743,94.9379801702452,63.3511997093858,84.5880681818182,88.028479,100.593850494486,82.0409469477571,82.2783,84.9899421965318,79.85745,74.8363000786516,85.997291,85.03628,86.0117107985951,85.598985091755,87.2853727450554,90.0066406234874,83.885619464894,89.8814980249671,93.3542589375974,55.7572373975326,85.6978325796245,63.3802751204511
2006-12,84.9255161461734,86.4385379908706,87.767845155199,99.0258216365123,80.990158761546,74.5457889681388,61.7513762156308,90.0,90.3387785436402,86.829894,89.83,91.8949832676329,81.6712622911277,89.4,88.0212153068925,91.250481,88.3258404245849,85.5,93.5010017826089,75.1895260387468,95.3663756355963,63.5169320827262,84.4815340909091,88.089071,100.677016567359,82.1213491704554,82.2544,85.1552601156069,79.98471,75.0829657052989,85.555277,85.131108,86.0801879369406,85.8587803853075,87.2853727450554,90.0672930012545,83.8749864777756,90.261504358406,93.4648444263238,55.7286418475449,85.573991781099,63.698234994618
2007-01,84.6745047684014,86.5356599436693,87.7958455718046,98.2263810601429,81.3289551103944,75.0853242320819,62.4619726917594,91.0,90.0569494367643,86.354991,89.02,90.7473206755304,82.1253068347892,88.69,87.7206257336911,90.844832,88.3246422758669,84.9,93.1716221954346,75.9579263711495,94.9216378844983,63.4754989893911,84.2684659090909,88.135127,99.995412124483,82.3604399905845,81.8279,84.3865317919075,80.67325,75.3951518818032,85.409713,84.484156,86.0630170074709,85.5240738277297,87.2853727450554,89.2777586801631,84.9257172568431,89.3514891914865,92.9856406418426,55.5448133119094,85.8666688682809,64.0446205088463
2007-02,85.092857064688,87.0115575123831,88.1703489189181,98.483950826601,81.0169058417182,75.7147820400155,62.9263013815044,91.4,90.4503792797833,87.387966,89.37,90.8618767401268,82.3523291066201,89.04,88.2960400595338,91.127603,88.6602893198249,85.2,91.5386745480713,76.4838467317806,96.0578957610806,63.8898299227422,84.1619318181818,88.540081,99.6763470614029,82.7603352561102,81.8636,85.9983815028902,81.08444,75.695170540991,85.791947,84.922927,86.3600386799715,85.7847820012234,87.2853727450554,89.3797379420505,85.1777823212031,89.451490858181,93.4648444263238,55.4917072905035,86.3219902041928,64.0339769746743
2007-03,85.5112093609746,87.0989672699019,88.3334575216737,98.4720509776858,81.1149784690164,76.0989965461568,63.283226939743,91.5,90.551789185239,87.783635,90.0,91.5208368548229,82.8631292182394,89.64,88.9401605735368,91.498943,88.9544875437549,85.5,93.9032244221202,77.0097670924117,96.7124107328879,64.3870270427636,84.2684659090909,88.624022,100.024563650976,83.4003792657478,82.1834,86.039710982659,82.26301,75.8975813135987,86.827994,85.482566,86.7055666734658,86.177321076021,87.3723103673115,90.8680605965081,85.1670141950224,90.0715011916865,94.1216552078504,56.04319289741,86.6567731628734,64.4347267970028
2007-04,85.7622207387465,87.2252258085403,88.5682710274075,99.4364398446657,81.3824492707388,76.4259876152132,63.416667194039,91.7,90.8539133668026,87.905122,90.48,93.0216263983416,83.1469070580278,90.08,89.189220505618,91.769825,89.1655202741208,85.8,94.1839772321426,77.1600300525921,97.2447251381851,64.92565725612,84.375,88.68621,100.403383625829,83.5601257871616,82.491,86.2380924855491,82.78388,75.9709179786639,87.166456,85.558442,86.9869691884525,86.5974488494894,87.5461856118235,91.6473277391519,85.2090485860402,90.4915081918032,94.5438907102604,56.8724638470546,86.816940595633,64.720202173497
2007-05,85.9295616572611,87.3029233707792,88.7731055305694,99.618720435199,81.551847445163,76.6140074799207,63.7171789862338,91.9,90.8403583265442,87.989955,90.64,93.1614058166104,83.6577071696471,90.26,89.1806322320979,91.906416,89.2264322611873,86.0,94.334730253003,77.610818933133,97.4818991885951,65.3399881894712,84.2684659090909,88.90574,100.545703557233,83.639470085877,82.8578,86.2215606936416,83.08656,75.9745810211527,87.200319,85.650637,87.0838306064478,86.7981062109374,87.7200608563356,91.7293813886203,85.0433680958266,91.2615210253504,94.6511251235709,57.7752662109534,86.8190046089417,64.8301893893849
2007-06,86.0969025757758,87.2737867849396,88.758837354342,99.5985811780805,81.6677514592427,76.7775030144489,63.9515130913388,92.1,90.7648188336716,87.949948,90.68,93.2601972851614,84.1117517133087,90.31,89.3953390700989,91.931029,89.2564862400924,86.2,94.5070874991908,77.7610818933133,97.585199467773,65.671452936152,85.2272727272727,89.016083,100.333999009581,83.639470085877,83.0702,86.2794219653179,83.47036,76.1338572026864,86.752862,85.47627,87.1377906525057,86.8794125216701,87.8939361008476,91.7231255945711,85.3912283272073,91.7315288588143,94.8622428747759,58.1061575750974,86.8842274294985,65.2546686073025
2007-07,85.8458911980038,87.6137136197352,88.9673265287323,98.8107666913842,82.0511262750449,77.0472706464205,64.1956111174898,92.6,91.2586279893838,87.37266,90.33,92.0673428510622,84.3955295530972,90.01,89.0346315822572,91.729005,89.336018504218,85.9,93.6458569170331,77.9113448534936,97.8670657327686,65.7957522161574,86.2926136363636,89.256091,100.190623075326,83.8002745312736,83.4243,85.1304624277457,84.24467,76.3294460760912,86.489335,85.1076,87.161291973018,86.7358933116594,88.0678113453597,91.3731590743669,85.3936546876416,91.5915265254421,94.6075611431635,57.6077779895967,87.0006377801124,65.7148622615008
2007-08,85.8458911980038,87.6040014244553,89.0548968866961,98.8038000034638,82.3185970767673,77.2843391714864,64.5189053921254,92.9,91.2533599286337,87.300212,90.47,92.2764864919307,84.8495740967588,90.14,89.4726335317793,92.29702,89.5304814429926,86.3,92.6214017520842,77.9864763335838,98.4361553025934,65.8371853094925,86.6122159090909,89.448628,100.469287702392,83.879618829989,83.8578,86.4530057803468,85.13897,76.5188469084767,86.757811,85.152548,87.3077398108481,86.8574380794131,87.8069984785916,90.7292537333628,85.5773271011771,92.151535858931,94.7449552352176,57.1625044255018,87.1471827250342,66.0872670392016
2007-09,85.9295616572611,87.4680306905371,89.4050477318547,98.8159213824927,82.9159485339473,77.3987860456561,64.8346055059474,92.4,91.2862808205972,87.814864,90.75,92.3794818527604,85.4738853442935,90.43,89.8591058401811,92.260656,89.6538573563882,86.3,94.7900288645943,78.1367392937641,98.8057167314808,66.7072802695298,86.0795454545454,89.330705,100.434213743835,83.879618829989,84.7428,86.5687283236994,87.07089,76.8533327225531,87.289027,85.916556,87.4742876049646,87.0030079891599,87.8939361008476,91.3971912003232,85.7286337093242,92.0915348589143,95.8843208766413,57.4607151610883,87.3606017011598,66.367396838047
2007-10,86.1805730350331,87.6137136197352,89.3302068081306,99.7175183137989,82.8535386802121,77.456009482741,65.2240774676728,92.5,91.309492388328,88.069599,91.07,93.4651370337511,85.8144187520396,90.74,90.2369898750629,92.342853,89.8525764733277,86.5,95.1872496639028,78.5123966942149,98.9031618283882,66.9558788295405,85.7599431818182,89.419165,100.54586861163,84.0404232753855,85.138,86.7340462427746,88.02067,77.0595349858689,87.256069,86.159628,87.7298442772694,87.2903844413402,88.0678113453597,91.918920255316,85.8649337388863,92.3815396923282,96.3132585298832,58.2327950107574,87.6454355377684,66.8755241745138
2007-11,86.1805730350331,87.7496843536534,89.3444783626468,99.8337599692749,83.1210094819345,77.7257771147126,65.8804299379901,92.6,91.2774162445304,87.979116,91.14,93.819314958237,86.1549521597858,90.81,89.9621651224216,92.46868,89.9113478093331,86.6,95.3573652927539,78.587528174305,99.0822771769336,67.494509042897,85.7599431818182,89.585369,100.616796296686,84.1187096501181,85.6627,86.8415028901734,88.34242,77.2966914582876,87.086783,86.625724,87.8495329265031,87.4922714797722,88.1547489676157,92.0563827860585,86.1782966533072,92.9215486924782,96.4607058481851,59.4215528745336,87.6937334491933,66.982407373988
2007-12,86.5989253313196,88.0022014309301,89.2514879128999,99.974880938471,83.7272766325053,77.9791951932313,66.387068952268,92.7,92.1719179656186,88.064002,91.56,93.9843177301784,86.3252188636589,91.2,89.8591058401811,92.739816,89.9982272914377,87.0,95.7486011039254,78.7377911344854,99.1328778027193,67.8259737895779,86.0795454545454,89.721742,100.405820197457,84.2784561715318,85.7936,86.9076300578035,88.43481,77.5479199000801,86.618568,86.968724,87.9518393782124,87.7896588146105,88.3286242121278,92.0986665102811,86.2925321596287,93.1215520258671,96.5913977894072,59.4133827173942,87.6611220389149,67.3794889516978
2008-01,86.0969025757758,88.0216258214899,88.8184140522779,99.3438651434166,83.985831740837,78.5677791175329,66.7353154695768,94.7,91.4143404188193,87.74108,90.6,92.6979266928768,87.3468190868975,90.43,89.8075761990608,92.249824,89.9985025447039,86.4,94.9239091847064,79.3388429752066,98.361391755668,67.7016745095725,85.546875,89.975787,100.031872093725,84.6794093610404,86.1657,85.9983815028902,91.04465,77.8828223606438,86.698671,86.373718,87.9430667308702,87.3894177343195,88.7633123234079,91.4906737280818,87.3071930944676,92.1315355255921,95.133679983468,59.0947465889594,87.9839337204046,68.3163931050723
2008-02,86.3479139535477,88.468386804364,89.1452287147754,99.6648043438932,84.0036631276185,79.1400134883816,67.568503398839,95.1,91.8158270474713,89.141071,90.98,92.911274226024,87.8008636305591,90.81,90.3829905249036,92.535503,90.2375793486435,86.6,93.6589552107428,79.5642374154771,99.900205967335,68.5737794521116,85.0142045454546,90.158387,99.8397895537286,84.9989024038678,87.0792,87.3126589595376,92.13189,78.2678206679601,87.341751,86.959974,88.1815090552749,87.6326754489768,88.850249945664,91.5553176910121,87.7544603914396,92.7315455257588,95.4587342988154,58.8864075819058,88.2844540581598,68.6838048564766
2008-03,86.9336071683489,88.623781928842,89.2204509457076,99.7871726094835,84.6099302781892,79.6550244221455,67.7485934981327,95.1,92.0891241978707,89.483361,91.84,93.6774335938287,88.198152606263,91.62,91.0700524065068,93.104503,90.6156371924897,86.9,96.2505732119969,80.0901577761082,100.614046087807,69.5694280351359,85.2272727272727,90.50579,100.185949515832,85.9584394563329,87.9502,87.6598265895954,93.40431,78.6967818055242,88.26047,87.310136,88.6222949455319,88.1384706906962,89.1110628124321,93.093624683752,87.9428811002048,93.8515641927366,96.4137907923618,59.4133827173942,88.6972567199114,69.4194937332976
2008-04,87.1846185461209,88.4780989996439,89.355414638083,100.744695246143,84.7525813724412,79.9574911610227,68.1619328224151,95.4,91.7180368879068,89.633623,92.01,94.920734735273,88.5386860140092,91.79,91.1816999622673,93.28185,90.690905159953,87.3,96.6586356701437,80.2404207362885,100.683986892835,71.6124689139955,86.2926136363636,90.557527,100.287876371429,86.1181859777466,88.9848,87.841676300578,94.08845,78.8607247086208,88.486712,87.463591,88.8257850136089,88.4477784060721,89.3718756792002,93.2717164366266,87.9328685242353,94.5515758595976,96.748898333957,60.6103107383098,88.7769276336294,69.600598834414
2008-05,87.5193003831501,88.8180258344395,89.5475197070051,101.053968992086,85.4034269899658,80.1863849093622,68.9180942634252,95.5,92.0094169287342,89.795,92.25,95.1950387064624,88.6521971499246,92.03,91.2418178769076,93.382118,90.824906662076,87.6,97.3282455138513,80.5409466566492,101.108201376403,72.3808237484156,86.5056818181818,90.770396,100.570522728866,86.437679020574,89.4274,87.9739306358381,94.60643,78.9917645147543,88.616831,87.34351,89.0221494114764,88.7864683388018,89.5457509237122,93.3885062703774,88.0284302692395,94.9315821930366,96.9265053310025,61.9951523734306,88.8268767557013,69.7375140303153
2008-06,87.6029708424074,89.0219819353168,89.5774367945175,100.777022559906,85.8224645793308,80.382579550796,69.5798711343235,95.5,92.0071836257704,89.72633,92.34,95.3684492629613,88.935974989713,92.13,91.4307598943485,93.428249,90.9582312206816,87.9,97.4502649851078,80.6160781367393,101.353657044824,72.806484825068,86.9318181818182,90.93389,100.654717887842,86.5974255419876,89.7357,88.0152601156069,94.70938,79.3026681620719,88.207347,87.550384,89.168256941781,88.9191335917422,89.8065637904803,93.4351839776526,88.2106960079916,95.3715895264921,97.0840058755522,62.4077453089681,88.9808521485347,70.5528080111824
2008-07,87.5193003831501,89.3813331606721,89.5242728596366,100.075872701157,86.5624671307629,80.6278228525884,70.8285681481006,95.9,92.540223942246,89.308684,91.91,94.2912018665282,89.6170418052054,91.75,91.0786406800268,93.135682,91.106526662828,87.8,96.544297167269,80.7663410969196,100.94872549429,73.2929946773328,87.5710227272727,91.324029,100.587202531832,86.9983787314962,89.8357,87.1804046242774,94.51624,79.6467472490184,88.063297,87.44673,89.2695451291626,88.8292466323441,89.9804390349924,92.758523735577,88.52617200593,94.8015800263338,96.5478338089999,61.991067294861,89.1839510581164,70.981344944174
2008-08,87.6029708424074,89.391045355952,89.7776926268162,100.257474974785,87.0349988804724,80.8321922707486,71.7474616065447,96.2,92.6037542840039,89.699612,92.22,94.5644548646478,90.638642028444,92.04,91.963232852591,93.693044,91.3314775446524,88.2,95.5196677989184,80.7663410969196,101.56111930925,74.0726660497522,88.5298295454545,91.70275,100.771032866852,86.9983787314962,90.1929,88.2384393063584,94.9013,80.0219504258917,88.493946,87.565312,89.4744709906728,89.052952466272,90.0673766572484,92.468975841406,89.0222490750819,95.2315871931199,97.0136332918172,61.7255371878319,89.3618690053314,71.3245076130366
2008-09,88.021323138694,89.4104697465117,90.1053419536559,100.430343072242,87.650181724434,80.9548139216448,72.2595250214038,96.0,92.447027100834,90.24218,92.5,94.7389163942165,91.6602422516826,92.32,92.3754699815529,93.634486,91.4298011548298,88.3,97.9431584929072,80.7663410969196,101.94922850935,74.8216371500418,88.5298295454545,91.408477,100.97411048516,87.3178717743236,90.8204,88.4037572254335,96.59754,80.5360930429956,88.994551,88.58909,89.656971366892,89.1958726083214,90.3281895240165,93.4436376071383,89.7773508702953,95.4515908598477,98.0692220478422,61.9583866663035,89.5212108327675,71.9188799831189
2008-10,88.2723345164659,89.6532746285086,90.160635330933,101.207145825793,88.1940390212696,81.2409311070692,73.0981373512471,95.7,92.4682176085777,90.330322,92.87,95.8340303328344,91.6034866837249,92.67,92.7533540164347,93.764615,91.4919339191636,88.3,98.2668954917342,81.0668670172803,102.061501378305,76.4060978931405,88.7428977272727,91.525121,101.021073650819,87.3982739970219,91.5889,88.5360115606936,96.98917,80.8564824910281,89.089331,88.806094,89.8317276123738,89.485989991068,90.5020647685286,93.7978435134581,90.3192523668903,95.8215970266171,98.7092774522891,62.9959966230017,89.5876720613095,72.2313544423796
2008-11,88.1049935979513,89.6629868237884,91.0000117263547,101.252317053279,88.9340415727016,81.3880770881446,74.2123092306121,95.5,92.4567501522245,90.284477,92.9,96.1545771190901,91.773753387598,92.69,92.5644119989938,93.771072,91.4290650459141,88.5,98.4488129004714,81.1419984973704,101.375310171711,77.6819371002018,89.1690340909091,91.542477,100.725708462783,87.7177670398494,91.7258,88.5856069364162,96.92728,81.3170423542707,89.072282,88.667262,89.8497060249068,89.5733159176126,90.5890023907846,93.6590561545002,90.9100127771424,96.021600360006,98.0993817265858,63.4984612870721,89.4502087749462,72.3807105528466
2008-12,88.4396754349806,89.8766551199456,90.8706981826181,101.337937930876,89.1569339074702,81.7477672641066,74.7026750431466,95.5,93.3637647055213,90.229862,93.28,96.148271280672,91.8305089555557,93.04,92.607353366594,93.972519,91.352112349579,88.3,98.8439923162384,81.2171299774606,100.346540586325,79.2824245899004,89.9147727272727,91.656978,100.59687209652,88.0372600826767,91.6511,88.6434682080925,96.56324,81.71853765545,88.48752,88.851475,89.8183417812192,89.68837670904,90.6759400130406,93.5895510356661,90.973884412069,96.1516025267088,96.6383128452306,63.347313379994,89.2066552045128,72.6754308872072
2009-01,87.9376526794367,89.8572307293859,90.3698041471022,100.653900386049,88.8805474123571,82.1810304306064,75.3991680777642,96.2,92.4515581188094,89.921357,92.08,94.471969234515,91.8305089555557,92.04,92.1006452289116,93.555817,91.2579033848675,87.8,97.8762113246683,81.5176558978212,98.5787033807329,79.477405818698,89.5951704545454,91.676316,99.8952609363744,88.0372600826767,93.2616,87.775549132948,98.51735,82.0072017018481,88.201051,88.525591,89.6924423066641,89.204438742428,90.8498152575527,93.0731528245572,91.5536494168086,94.6315771929532,95.8139482929063,63.2901222800185,89.462180052137,73.3075726456383
2009-02,88.3560049757233,90.4982356178575,90.7774878108819,100.946556866785,87.4131798843229,82.9985081032474,76.2030642438883,96.2,93.1336320745331,91.079518,92.54,94.3710758198247,91.6602422516826,92.49,91.971821126111,93.965307,91.6012742732837,88.2,96.406822650534,81.8181818181818,98.0202093808828,79.9744493067981,89.1690340909091,91.854278,99.705156000067,88.4382132721853,93.6006,89.4617919075144,99.77792,82.3617294092938,88.798661,89.208419,89.973508607134,89.4638049218305,91.0236905020648,92.9989743606484,91.5737421382786,95.0515841930699,95.6028305417014,63.0531877229772,89.860947423389,74.0843714405979
2009-03,88.8580277312671,90.4496746414581,90.9459305484168,100.911734606963,87.7887560968554,83.3581982792095,76.1021703930792,96.3,93.1043583827762,91.554046,93.2,94.9165308429942,91.3764644118941,93.12,92.0834686818715,94.39403,91.9158657557144,88.5,99.0067623683145,82.1938392186326,98.0167495004503,79.62720626731,89.5951704545454,91.940881,100.002403745174,88.8370506137281,93.8016,89.3791329479769,100.54487,82.7489301434474,89.935653,89.432345,90.3124968122764,89.772942232179,91.3714409910889,94.2507800038069,91.3909911274398,96.3716061934366,95.8977251783051,63.0491026444075,90.2547611627,75.1096535433833
2009-04,89.0253686497818,90.5953575706562,91.1574697865491,101.896295187519,87.7014127916153,83.587092027549,76.2507989690023,96.3,93.1950135881438,91.542805,93.65,96.2985604296378,91.0359310041479,93.54,91.9374680320308,94.576696,92.1181020911576,88.8,99.0500559183325,82.9451540195342,97.0498379573285,79.8278476269033,90.234375,92.230297,100.152176567165,88.7566483910299,93.8831,89.6023121387283,100.56252,83.0212681411225,90.172251,89.776443,90.5596481938348,90.0952276842562,91.719191480113,94.5322635755874,91.4992682296567,96.471607860131,96.0887364770144,63.4249298728179,90.4628137042228,75.4512064304808
2009-05,89.2763800275537,90.6730551328952,91.4131909101323,101.907142683167,87.3695082317028,83.7751118922564,76.4048519455065,96.4,93.0719084379152,91.793657,93.69,96.2565215068501,91.0926865721056,93.61,91.7742908351501,94.754538,92.1489608285531,89.1,99.1912187415742,83.320811419985,96.6949436093807,80.6700969434038,90.6605113636364,92.437372,100.048761142616,89.0771993578401,93.6448,89.6519075144509,100.13719,83.0347878582137,90.249381,89.916931,90.6320264187052,90.269917626554,91.9800043468811,94.3439447970143,91.4397701861965,97.191619860331,95.6899585025161,64.4216890438193,90.4566216642965,75.6607758230382
2009-06,89.0253686497818,90.8672990384927,91.375511123029,101.600969797321,87.3782425622268,83.9549569802375,76.6489499716575,96.3,93.1285963195287,91.768627,93.65,96.1724436612749,90.9791754361902,93.6,91.75711428811,94.758563,92.1746914408564,89.2,99.1679946248439,83.6213373403456,96.1901445434767,81.5400382081272,91.5127840909091,92.352985,99.9060444869949,89.2369458792538,93.4638,89.8337572254335,99.58471,83.2297250803238,89.714785,90.239642,90.6772722449973,90.3025101536343,92.2408172136492,94.4289054735028,91.8012364640633,97.7216286938116,95.6698520500204,64.8261118222174,90.520606076868,75.9386074065111
2009-07,88.7743572720098,91.0032697724109,91.370929073877,100.997751940643,87.0026663496942,84.1021029613129,77.129551863146,96.5,93.5849936908399,91.480347,93.12,94.8271981320705,91.3197088439364,93.17,91.2332296033876,94.443591,92.1950007875296,89.2,98.2227078978208,85.4996243425996,95.5442908224241,81.407747578997,92.3650568181818,92.543432,99.6774984743391,89.3173481019521,93.2912,88.8418497109826,99.44979,83.4959315601281,89.649485,89.687929,90.693998982981,90.2696739991004,92.5885677026733,94.1136120899388,92.0644873571597,96.4616076934616,95.3950638659123,65.3367466434271,90.5482638552053,76.4897389912629
2009-08,89.1927095682964,91.0129819676908,91.2272032540609,100.976190204312,86.9153230444541,84.2083750587562,77.2705862782555,96.4,93.6703829473278,91.619625,93.43,94.8881545701126,91.5467311157672,93.45,91.6197019117894,95.053673,92.3558370127415,89.6,97.2651067923961,85.72501878287,95.8996059802127,81.548196801519,92.578125,92.886018,99.7839954224938,89.3966924006675,93.2208,90.1643930635838,98.7395,83.6799409039392,89.915721,89.502875,90.8221747995152,90.4585465896814,92.5885677026733,93.6594112801629,92.1717509164105,96.6416106935116,95.5425111842142,65.2713853863122,90.6498133099962,76.7607220234118
2009-09,89.360050486811,91.07125513937,91.5602625378171,101.073692331279,87.1686186296505,84.2574237191147,77.459355418479,96.0,93.5584453678535,92.069005,93.62,94.8398098089068,91.7169978196402,93.64,91.971821126111,94.726476,92.4551741541655,89.6,99.7760245671916,85.72501878287,95.7286959214014,82.2978896016589,92.4715909090909,92.671377,99.8196963010275,89.5564389220812,94.2271,90.1726589595376,98.95506,83.9939756124197,90.693006,90.446354,90.9726679383659,90.5317914193636,92.7624429471854,94.0827330053446,92.2085394547424,96.2816046934116,96.3769289627863,65.5777662790381,90.8731395500038,76.9911441381395
2009-10,89.4437209460683,91.1198161157694,91.7406000452496,101.957187292408,87.0288693412663,84.2737732725675,77.70345344463,96.1,93.5707797470121,92.156134,93.94,95.8655595249251,91.6602422516826,93.94,92.2981755198725,94.713891,92.5952718325782,89.6,100.173253375852,85.9504132231405,95.7386256275948,83.3991030361874,92.6846590909091,92.862504,99.6671821807243,89.5564389220812,94.634,90.2139884393064,98.84234,84.2413544854351,90.740315,90.444865,91.189228321848,90.8127917048661,92.9363181916975,94.2450619365322,92.5089105911416,96.741612360206,96.604802091071,66.9054168141834,91.1183443310843,77.0102847224788
2009-11,89.2763800275537,91.0906795299298,91.7953094786957,102.030237383841,86.81924540869,84.322821932926,77.7088778452111,96.0,93.3307107657216,91.996692,93.86,96.3143250256831,91.2629532759787,93.87,91.9889976731511,94.703068,92.495919379705,89.7,100.565941883207,86.0255447032307,95.6253946379041,83.9333947669724,92.7911931818182,92.741153,99.670368746289,89.7955297422104,94.6527,90.3049132947977,98.09648,84.4683279791302,90.55554,90.448596,91.162488180471,90.8443275499135,92.9363181916975,94.3155919699684,92.612488539606,97.2216203603394,96.4506526219372,67.4078814782537,90.9751018074564,77.0252659285004
2009-12,89.6947323238403,91.304347826087,91.5476051535034,101.880746167913,86.6620274592578,84.4372688070957,78.2458935027434,95.8,94.3100452654433,91.885001,94.3,96.3300896217285,91.206197708021,94.24,92.1006452289116,95.082736,92.5225007087072,90.0,101.059287919384,86.0255447032307,95.091652090379,84.562970714584,92.7911931818182,93.033205,99.4256250090495,89.9563341876069,94.3187,90.2470520231214,97.41507,84.8698871469136,89.854714,90.733684,91.1940703336151,91.0947671039703,92.7624429471854,94.4608523050585,92.5607732775896,96.7216120268671,96.6383128452306,67.1791170783518,90.8269056518876,77.141253961456
2010-01,89.0253686497818,91.2946356308071,91.5146418342399,101.305553865938,87.3520395706548,85.0258527313973,79.6562376538383,96.4,93.1472230165886,91.67908,92.81,94.4961416151179,90.8089087323171,92.94,92.0662921348314,94.400599,92.3217038335141,89.6,99.5971687331822,86.4763335837716,94.1291233972449,83.6853620998191,92.2585227272727,93.13208,99.0291128646104,90.179556147993,94.064,89.1807514450867,96.77958,85.6569130373851,89.810012,90.34321,91.0554856922052,90.6158890827121,93.0232558139535,93.5028842282836,92.8080900467199,95.031583859731,95.0599563243171,68.2208121136196,90.8520866142545,77.4205650553373
2010-02,89.360050486811,91.7316844184014,92.1275246268372,101.517132972098,87.5148073462523,85.5081645582555,80.2789588405525,96.4,93.7019332353921,92.854125,93.21,94.3805345774519,90.9224198682325,93.31,92.438277153558,95.064688,92.5688155198799,89.9,98.1265115779556,86.7768595041322,94.7466472758474,84.7188377748455,92.0454545454546,93.199329,98.9448998755599,90.361519073047,93.6423,90.6107514450867,96.33632,86.139064108387,90.43016,90.863804,91.2815590876761,90.8829356955535,93.0232558139535,93.5377909236982,92.7589117134613,95.301588359806,95.4386278463197,68.2085568779106,91.0650927877183,77.9763677987368
2010-03,90.1967550793842,91.6248502703228,91.8569076248305,101.403460771156,87.3954443108141,85.6062618789724,80.5566881503066,96.3,93.8588684377978,93.310573,94.25,95.0384437190784,91.4332199798518,94.23,92.717265917603,95.401397,92.7688912259808,90.2,101.383856889629,87.152516904583,94.5942869968877,85.1409139801309,92.2585227272727,93.404856,99.1401169346673,90.361519073047,93.7963,90.8256647398844,96.53884,86.5488740546152,91.601206,91.043563,91.5406155930914,91.2773202118107,93.1971310584656,94.7312645470042,92.7401089557665,96.4516075267921,95.8508101224818,68.6129796563087,91.2537436041388,78.7916431694102
2010-04,90.1967550793842,91.6734112467222,92.1853682657062,102.298945270114,87.5799144564912,85.6716600927837,80.5718764719337,96.5,93.7427820888933,93.310625,94.44,96.1461693345326,91.3764644118941,94.42,92.9032584269663,95.383368,92.8074665368208,90.6,102.373732679325,87.5281743050338,94.7432868230384,85.1721602662656,92.7911931818182,93.708385,98.8281032523088,90.452500535574,93.7309,90.7678034682081,96.54601,86.5788536229322,91.852524,91.330822,91.6718352762446,91.5688949020901,93.3710063029776,94.9222222590462,92.7945761405034,97.3516225270421,96.048523572023,69.2584220703178,91.2979134889462,78.7719256690626
2010-05,90.3640959978988,91.9550649098385,92.3408222546758,102.191761152181,87.6992774919294,85.8188060738591,80.7975315361089,96.7,93.6768959556876,93.320134,94.54,96.3647717330283,91.4332199798518,94.53,92.9962546816479,95.457416,92.821220331954,90.8,103.136202947871,87.603305785124,95.1214532607924,85.7515167365663,93.2173295454546,93.706773,98.7715316752831,90.634463460628,93.5806,90.8256647398844,96.26467,86.5938408409589,91.917541,91.35646,91.7475186798929,91.7446665778478,93.4579439252336,95.0483888632329,92.7469027649826,97.5116251937532,96.3601735857066,70.3042021841553,91.3090591608135,78.8342139877633
2010-06,90.5314369164134,92.0327624720775,92.3947164519866,101.820008474347,87.9054500076862,85.9414277247553,80.8669638635474,96.6,93.725853335647,93.237249,94.57,96.4456966593945,92.1142867953442,94.56,93.1822471910112,95.537213,92.8422754294817,91.0,103.176590104352,87.603305785124,95.0787998146475,86.0398515335384,93.8565340909091,93.744177,98.586122045911,90.7243869991722,93.6786,90.9496531791908,96.15723,86.7685370785969,91.361785,91.645403,91.7837063893956,91.8093578693571,93.6318191697457,95.1483534590591,92.8349950054599,97.8816313605227,96.397035415282,70.4635202483728,91.3387809524596,79.0213674018698
2010-07,90.1130846201268,92.2270063776749,92.5633524601839,101.115225968923,88.4480092596779,85.9823016083873,81.1620512551611,96.9,94.0868754712133,92.966929,94.01,95.5744399846207,92.1710423633018,94.1,92.3452808988764,95.296662,92.8251995459701,90.8,102.44038049804,87.6784372652141,95.060128512145,85.3058460915042,94.2826704545454,94.126344,98.2293855175406,90.9074078482091,93.3341,90.5032947976879,95.8011,86.9741282909977,90.897149,91.070259,91.7518001145847,91.6929256961407,93.7187567920017,95.2629811894237,92.9079393856055,96.5016083601393,96.1591090607494,70.1203736485198,91.3358913338273,79.1813778482962
2010-08,90.2804255386415,92.2755673540743,92.5618282695021,101.072881371036,87.8511940824871,86.1212728127363,81.3106798310842,96.8,94.2970530386505,93.42699,94.32,95.8434890904616,92.511575771048,94.38,92.9032584269663,95.762443,92.9959274164996,91.3,101.289927216325,87.7535687453043,95.9790124958578,85.4433036447313,94.7088068181818,94.432608,98.1918761282379,91.0893707732631,93.1182,91.7101156069364,95.46485,87.0968356631222,91.069255,90.976517,91.8775346518631,91.8740076431359,93.6318191697457,94.8890474523696,92.9542920839279,97.0816180269671,96.1725133624132,69.6955254772734,91.4568425137205,79.2550183852246
2010-09,90.6151073756707,92.3629771115931,92.8922686573936,101.11976856954,88.1550272636024,86.2030205800004,81.3811970386389,96.5,94.1028654980601,93.80543,94.71,95.8781712017614,93.1926425865404,94.74,93.2752434456928,95.614559,93.0455367854633,91.3,103.800628738622,87.6784372652141,95.7678191847538,85.5028106408566,94.4957386363636,94.129835,98.1869041825395,91.1792943118072,93.6161,91.7183815028902,96.14054,87.4496796415919,91.809389,91.56132,91.9780498911793,91.9069890565282,93.8056944142578,95.204404468309,92.979575373922,96.5716095268254,97.1610806101191,69.5566328059043,91.6038002613041,79.4190393284182
2010-10,90.8661187534426,92.4892356502315,93.2954694951388,101.847513743107,87.9922594880049,86.235719686906,81.7630748395508,96.3,94.1791261946794,93.734559,94.99,96.9238894061039,93.3061537224558,95.0,93.6472284644195,95.598444,93.1744938873001,91.4,104.121723652522,87.8287002253944,95.8023205700944,85.8594259616553,94.4957386363636,94.340916,98.5942617780464,91.1792943118072,93.7294,91.759710982659,96.29815,87.6572548174398,91.91397,91.667919,92.1559211168937,92.1530959879149,93.9795696587698,95.7255470739909,93.0651982551725,96.7116118601976,97.5464542829536,70.169394591356,91.6748023191254,79.5203066980658
2010-11,90.698777834928,92.5183722360711,93.2557915972203,102.014873958623,87.7969381572879,86.3011179007174,81.9453346990769,96.2,94.1247075178268,93.738669,94.9,97.4546308062978,92.7953536108365,94.91,93.7402247191011,95.558403,93.1507390552887,91.6,104.249002264408,87.7535687453043,95.5806080172922,85.6959009618851,94.7088068181818,94.258356,98.3493814377972,91.1792943118072,93.5533,91.9167630057804,96.09024,87.943221471606,91.722186,91.748422,92.1834375610171,92.2407190169986,93.9795696587698,95.8530553872356,93.0561439380074,96.9316155269254,97.6335822437684,70.7045398839838,91.6739767138018,79.576090754028
2010-12,91.0334596719573,92.5960697983101,92.9164079935747,102.063740830598,87.9163011927261,86.4809629886984,82.1688200030196,96.2,94.4051375105527,93.641424,95.27,97.5439635172215,92.8521091787942,95.24,93.7402247191011,95.890306,93.1571922525887,92.1,104.348158039766,87.7535687453043,95.4160382270355,85.7819298858945,95.1349431818182,94.495393,98.3533866521745,91.4522386993882,93.4936,91.8506358381503,95.34629,88.2823419646289,91.236748,91.870698,92.2224048700188,92.4448615088132,94.0665072810259,95.8695797279356,93.0936941692352,96.7816130268838,97.8346467687255,70.8393474767831,91.5575663631879,79.6051040461865
2011-01,90.3640959978988,92.9554210236654,92.9026042235944,101.547327905609,88.0465154132041,87.069546913,82.8088992715934,96.4,93.8070220191106,93.44058,93.78,95.6847921569383,92.7385980428788,93.94,93.5542322097378,95.253791,93.0842279172892,91.9,102.761996019808,87.8287002253944,94.8685716545146,84.2510606374091,95.0284090909091,94.613614,97.8365600894341,91.9060880880404,93.1107,91.0405780346821,95.63405,88.7081876827208,91.08943,91.265687,92.1415056512152,92.0403107946176,94.41425777005,96.0933605499362,93.6934167563827,94.6615776929616,97.2247510430222,70.7127100411231,91.715256979977,79.6525228200287
2011-02,91.0862865753046,93.3050600537408,93.1248894738437,101.830861083616,88.3394974092796,87.6417812838487,83.366527651334,96.4,94.3330139680764,94.644,94.11,95.7152703759593,92.9088647467519,94.25,93.9262172284644,95.664024,93.3924754717057,92.4,100.627273494661,87.9038317054846,95.7752852953882,85.2869938832202,95.1349431818182,94.815614,97.7685319723709,92.2689560141656,92.5632,92.7350867052023,95.36875,89.0098047526268,91.685318,91.607195,92.4168505528728,92.3300376669442,94.501195392306,95.9431417179259,93.8221551411483,94.3015716928616,97.8648064474691,70.7208801982625,92.0595343998778,80.1990483818111
2011-03,91.9890247970618,93.4216063970993,93.6505418891978,102.305751500607,88.6541817754347,87.7807524881976,83.7082648879455,96.3,94.6459086887562,95.12127,95.45,96.2996114027075,93.4764204263289,95.45,94.298202247191,96.254813,93.6937080179256,92.7,104.621347018176,88.2794891059354,96.6077807347862,85.95247873129,95.4545454545454,95.043327,97.8681100033284,92.5419004017466,93.2904,93.01612716763,95.98821,89.1584830988965,92.813611,92.078482,92.7704659843869,92.8457790776271,94.9358835035862,97.6942273931092,94.0989260831459,96.3716061934366,98.5350215306596,71.1212178980909,92.3398274072071,81.0772634279688
2011-04,92.4403939079404,93.3439088348603,93.4277122693014,102.463250447595,88.6433305903949,87.8951993623674,84.0174557210701,96.4,94.450225943912,95.340964,95.94,97.7331386697658,93.7034426981597,95.92,94.4841947565543,96.521375,93.871409863366,93.4,105.04961707093,88.6551465063862,97.100470721336,86.7151852150058,95.9872159090909,95.462635,97.8457415381496,92.7228054028178,93.7367,93.1731791907514,96.46891,89.1594352643386,93.154552,92.915159,93.0315712965686,93.2948243389704,95.2836339926103,98.0801552345512,94.4429225658856,97.0916181936366,99.1114065022033,72.1996786404858,92.5165069464368,81.2241257724645
2011-05,92.5306677301162,93.5381527404578,94.0515523788522,102.432442781882,88.762693625833,88.0505201201692,84.2919303904755,96.6,94.4921339004264,95.384298,95.92,97.8392869498046,93.9872205379482,95.93,94.6701872659176,96.577741,94.0091086347875,93.4,105.211345907271,88.8805409466567,97.081912906929,87.5283649896104,96.4133522727273,95.437449,98.0124185332972,93.0867312529258,94.1611,93.2475722543353,96.43992,89.2775421857188,93.220367,92.646046,93.2092920549374,93.4650650113321,95.6313844816344,98.035098495213,94.6134496342832,97.5916265271088,99.4096522142231,73.4333723685285,92.6882328537254,81.3517544816518
2011-06,92.8014891966433,93.6838356696559,93.4472460589882,102.231851946368,88.7192888856737,88.2875886452351,84.5674899399971,96.5,94.7277014299274,95.133669,96.01,97.896039495568,94.1007316738636,96.01,94.9491760299625,96.679964,94.0634222602619,93.3,105.201174030477,88.8805409466567,97.2104909018126,88.0114766917265,96.9460227272727,95.636053,97.8458314760365,93.267636253997,94.3621,93.3136994219653,96.57307,89.4059566244864,92.679271,92.524121,93.276097682488,93.559921842088,95.7183221038904,97.9051843673248,94.6698026232058,97.5916265271088,99.34598178132,73.8909011683325,92.8356034039708,81.825644456972
2011-07,92.4403939079404,93.8975039658131,93.4550332068159,101.486466482451,88.7843959959127,88.3775111892256,84.8647470918432,96.9,94.8944262076417,94.927627,95.13,96.7242045228626,94.4412650816098,95.24,94.7631835205992,96.158828,94.1156186695987,93.3,103.262640577817,89.030803906837,97.0505269204568,87.8744960290946,96.9460227272727,95.954916,97.7221075859439,93.449599179051,93.761,92.1812716763006,96.17387,89.5945291236142,93.019469,92.063768,93.2839102113156,93.4033593754253,95.8052597261465,97.6725814049962,94.8922599475825,96.1016016933616,99.2353962925936,73.707072632697,92.9482985306289,82.2118245888393
2011-08,92.7112153744676,93.907216161093,93.8190117029765,101.335805149555,88.8820566612712,88.4102102961313,85.1381368811324,96.9,95.1413387050118,95.041421,95.44,96.9732851403793,94.4980206495675,95.53,95.2281647940075,96.80361,94.4239684719833,93.8,101.374696193501,89.1059353869271,97.1623267549613,88.1750924794422,97.3721590909091,96.286774,97.7889922055742,93.631562104105,93.5197,93.735260115607,96.38773,89.7110315469357,93.3071,91.790342,93.5266982054866,93.6577516708852,95.9791349706586,97.0260223168406,94.8542367296371,96.1816030267171,99.3560350075678,73.9194967183202,93.2413884204725,82.2546745600997
2011-09,93.0723106631705,93.9363527469326,94.4146298148181,101.624029724544,89.218443397506,88.5410067237539,85.3605373049589,96.5,95.1096236910552,95.42135,96.23,96.9974575209822,95.0655763291444,96.25,95.6001498127341,96.589088,94.5370289204917,94.0,105.827455283253,89.030803906837,97.5056643992409,88.7750790717011,97.3721590909091,96.233937,97.8038227692755,93.540580641578,94.2526,93.8179190751445,96.88291,89.9308187916411,93.688143,92.79881,93.7002455748693,93.8676685435168,96.1530102151706,98.0225378048306,95.2310720044828,97.0816180269671,100.384815160265,74.3974509109725,93.4127015250994,82.4652116827355
2011-10,93.0723106631705,94.13059665253,94.5821971886676,101.505169403445,89.348657617984,88.6145797142916,85.6219934129696,96.6,95.0501449726884,95.335204,96.49,98.0536854560216,95.1790874650598,96.5,95.879138576779,96.748685,94.6884175510858,94.1,105.794767116195,89.4815927873779,97.69921081366,89.3139843330956,97.4786931818182,96.688239,97.7213311598798,93.540580641578,94.2954,94.0989595375722,96.98239,90.0705949388756,93.772518,92.826626,93.9364313323303,94.2525709846368,96.4138230819387,98.5717944355198,95.3662233520166,97.7516291938199,100.481996347328,76.4440752743811,93.6001139335346,82.6596044622362
2011-11,92.9820368409948,94.2471429958885,94.7591647143397,101.317568971876,89.4246159132629,88.7862500255462,85.7576034274979,96.6,95.1484229743188,95.197964,96.4,98.4961451183614,95.1223318971022,96.45,95.6931460674157,96.91988,94.6789858681251,94.2,105.80363747332,89.6318557475582,97.6713750963689,89.4069840923192,97.0525568181818,96.352637,97.3035048973197,93.7214856426491,94.3273,94.1650867052023,96.8678,90.3088700666348,93.410688,92.760409,93.996438719321,94.3988799950186,96.6746359487068,98.4484870404833,95.8684738192356,98.0416340272338,100.609337213134,77.5960674310302,93.6479990422978,82.6352437185316
2011-12,93.2528583075219,94.3831137298068,94.1716661391631,101.054997932987,89.999728720374,89.080541987697,86.0700489009712,96.6,95.4359921449825,95.115341,96.81,98.6516891326757,95.0655763291444,96.83,95.6931460674157,97.377436,94.7301977446956,94.6,105.557029531215,90.007513148009,97.2657425308735,89.5749258139311,97.1590909090909,96.653032,97.3408964728367,93.9034485677032,94.1547,94.1816184971098,96.85307,90.6517124496132,93.072297,93.071045,94.0667017756718,94.6088731162495,96.8485111932189,98.4485907652532,95.9520757572383,97.1716195269921,100.937742603897,77.5838121953212,93.5988755255494,82.8506194915594
2012-01,92.4403939079404,95.0144064229985,94.29714311139,100.494422467461,90.3144130865292,89.5546790378288,86.7567780145428,97.3,94.9557390854639,95.367604,95.2,96.5802212123149,95.0088207611868,95.43,95.9721348314607,96.678168,94.680488022693,94.1,103.762023662917,91.3598797896319,96.3650688670453,89.2408636811549,97.0525568181818,96.511623,97.0478359280086,94.1213809081748,93.8955,93.0574566473988,96.47381,90.9096535836872,92.813188,92.524646,93.9826153754614,94.1220629775844,96.6746359487068,98.2264936094323,96.4450323425911,95.6915948599143,99.3325774796562,77.624662981018,93.8040384484399,83.1928609558281
2012-02,92.891763018819,95.4223186247532,94.6455458122972,100.730031685229,90.7267581180428,90.1514377388568,87.4239792860223,97.4,95.4428852900169,96.508863,95.53,96.5013982320881,95.1223318971022,95.75,96.3441198501872,96.972925,94.9656166040251,94.5,101.346803625837,91.7355371900826,97.2993641323944,90.1845387041834,96.7329545454546,96.719433,97.2478081752376,94.4853067582829,93.98,94.8180924855491,96.22229,91.2025285393786,93.289906,93.054084,94.2354819346052,94.3647438403181,96.9354488154749,98.1373228970574,96.6350317213098,95.841597359956,99.8251855658012,77.5021106239276,94.0632785200199,83.7235492426735
2012-03,93.884775062752,95.4126064294733,94.9972232944365,101.178158910209,90.6833533778835,90.3231080501114,87.6290216279892,97.2,95.8788291963593,96.854432,96.98,97.086790231906,95.9736654164676,97.04,96.6231086142322,97.756948,95.3367466964591,94.8,104.887688000793,92.3365890308039,98.3220294642916,91.0386280280304,97.0525568181818,97.105401,97.4608017989467,94.2038989788389,94.8607,94.9420809248555,96.72214,91.3668225155116,94.498697,93.412198,94.6020469137433,94.8938541361113,97.196261682243,99.3658971564451,96.873484596499,96.9516158602644,100.180399559892,77.7717258095264,94.4224168357438,84.7876429046613
2012-04,94.2458703514549,95.4514552105928,95.3705483565131,101.3379201836,90.846121153481,90.5029531380924,87.8112814875153,97.4,95.6278302297362,97.014722,97.44,98.4299338149709,96.1439321203407,97.49,96.9950936329588,97.91648,95.5443365609167,95.2,105.87832467891,92.7873779113449,97.9763828896449,91.6474907160275,97.9048295454546,97.473091,97.7388837379501,94.1763929552842,95.3612,95.0908670520231,97.31384,91.485769500839,94.88016,93.801344,94.8936364915684,95.3004686596214,97.7178874157792,99.5442385811949,97.3494382307577,97.9316321938699,100.572475383559,79.1769928374956,94.6568887476186,84.98144015796
2012-05,94.3361441736306,95.6942600925896,95.4469698425258,101.279286895767,90.8569723385208,90.6582738958942,88.4372573145782,97.5,95.8539598103528,97.281697,97.43,98.5581525294732,96.3709543921715,97.5,97.2740823970037,97.977075,95.6328534440228,95.3,105.632027099188,92.862509391435,98.0161057316964,91.9324555944493,97.9048295454546,97.447197,97.5396110939986,94.4578007347282,95.7147,95.1569942196532,97.39564,91.7121704881792,94.866662,93.937037,95.0192080303695,95.4693674933326,97.7178874157792,99.3857128703062,97.418267012192,98.541642360706,100.676358721453,80.1124758299518,94.7803167434824,84.9779228313288
2012-06,94.6069656401578,95.7816698501085,95.1424364514334,101.127221221977,90.9329306337996,90.8299442071488,88.445936355508,97.6,95.7672062855768,97.060712,97.5,98.5949365869124,96.3709543921715,97.56,97.460074906367,98.171994,95.6674882180522,95.1,105.540109775525,93.2381667918858,98.0793165922312,92.5782657942932,97.9048295454546,97.730107,97.2956610172161,94.558303513101,96.0691,95.2727167630058,97.48969,91.8576166496098,94.363629,93.630595,95.0647935022651,95.5086915240247,97.8048250380352,99.256910730209,97.4962668217995,98.3916398606644,100.418325914425,80.4719627440834,94.8946630807875,85.6094225380732
2012-07,94.1555965292792,95.9953381462657,94.8760053528028,100.569210889473,90.976335373959,91.0506631787619,88.364570346791,97.8,96.1681227092168,96.882442,96.74,97.7320876966962,96.2574432562561,96.91,97.0880898876404,97.719,95.6709088768747,95.2,103.743922527836,93.5386927122464,98.0576122450535,91.6031567483866,98.2244318181818,98.078461,97.0691838081742,94.566766904964,95.7191,94.1816184971098,96.82072,92.098747751985,95.043023,93.531856,95.0507263826467,95.4430464287808,97.8917626602912,98.9200435945705,97.6734218469278,97.101618360306,100.116729126989,80.1206459870911,94.9004423180521,85.933081723817
2012-08,94.1555965292792,96.0924600990644,94.8996007896199,100.356408725321,90.6182462676445,91.1078866158468,89.206437316983,97.8,96.3503253852022,96.98762,96.9,97.8981414417074,96.4277099601292,97.05,97.1810861423221,98.273952,95.8505153130698,95.6,101.836395278355,93.6889556724268,98.3711366670866,91.3859177139722,98.7571022727273,98.361655,97.298796051239,94.7212238064634,95.9732,95.6033526011561,96.44628,92.3055001895447,95.102944,93.010841,95.1777603737524,95.5860206473379,97.8048250380352,98.4147428911126,97.8064232548363,97.4716245270754,100.01619686451,79.932732372886,95.0255215245628,86.1135912987314
2012-09,94.9680609288607,96.0924600990644,95.2141796784826,100.652891298032,91.0305912991581,91.2550325969222,89.4678934249936,97.5,96.3194561753468,97.345052,97.68,98.8177428776869,96.7682433678754,97.74,97.460074906367,97.948833,95.9638094518703,95.8,105.294823376468,93.8392186326071,97.9387329628947,91.9564087853991,98.2244318181818,97.986284,97.2008257458285,94.8122052689904,96.6568,95.776936416185,96.89685,92.436219310692,95.498655,94.081565,95.3500139500267,95.7403364624911,97.8048250380352,99.0983850193203,98.0799692873958,98.4116401940032,100.502102799824,80.0879653585337,95.2665982790257,86.3762090487601
2012-10,95.2388823953878,96.2478552235424,95.4972866437119,100.782815892233,91.0305912991581,91.3858290245448,89.6349649628926,97.7,96.4006776555708,97.444085,97.91,100.340602855669,97.0520212076639,97.97,97.5530711610487,98.004931,96.1315193230732,96.3,105.553685626836,93.9894815927874,97.6517486860895,92.146246988791,98.1178977272727,97.942755,97.1771214788912,94.8576960002539,96.9708,95.9918497109826,96.64208,92.6236450935053,95.964523,94.196479,95.5825536805721,96.0885771527296,98.0656379048033,99.5046071534727,98.4594643446923,98.901648360806,100.512156026071,81.0397886652686,95.4713483992545,86.5935761125262
2012-11,95.4194300397393,96.2964161999418,95.5901160596617,100.719628473067,91.0522936692378,91.4839263452617,90.3672590413457,97.5,96.5314932446844,97.261256,97.76,100.538185792771,96.8249989358331,97.84,97.2740823970037,97.938181,96.0991132040352,96.4,105.226723862738,94.1397445529677,97.4334447934289,92.5966754367309,97.9048295454546,97.770804,96.9543729363302,95.0026315859074,96.8688,96.1736994219653,96.67009,92.6153118244513,95.591793,94.257478,95.5841690982363,96.1484717828224,98.1525755270594,99.4847914396116,98.5199145042723,99.2716545275755,100.274229671539,81.6648056864294,95.4659819646517,86.6334670629699
2012-12,95.5999776840908,96.4032503480204,95.0831756697701,100.500962689357,91.3344244802734,91.6719462099692,90.914038619924,97.3,96.924697117569,97.1572,98.26,100.548695523468,96.8817545037908,98.26,97.3670786516854,98.361166,96.1047647712322,96.6,104.950851751473,94.290007513148,97.5857156879594,92.7637054875938,98.1178977272727,98.006187,96.7581377658043,95.1475671715609,96.7094,96.0331791907514,96.44974,92.663800723202,95.320662,94.351445,95.5964484425713,96.3125458672518,98.0656379048033,99.6135935797087,98.481700863103,98.8216470274504,100.428379140673,81.668890764999,95.3710373524489,86.9930718380685
2013-01,94.7875132845092,96.1604454660235,95.0684646719396,100.107015670054,91.3344244802734,91.9498886186671,91.7949612743002,98.1,95.9510034237256,96.496814,96.47,98.3805380806954,96.3709543921715,96.67,97.0880898876404,97.565661,95.9902714094299,95.9,102.550308851577,94.8159278737791,97.0000709166688,92.8228441866098,97.7982954545454,98.057726,96.4332719715228,95.5294777293778,96.1439,94.9007514450867,95.93998,93.0813796729181,95.324587,93.825825,95.4832115679262,95.7413822757345,97.9787002825473,97.8995343307243,98.7450684672076,97.1716195269921,99.1616726334426,82.5716931288978,95.610050093603,87.2566259522512
2013-02,95.0583347510364,96.5683576677782,95.6235571050483,100.319430021146,91.4537875157116,92.4730743291574,92.4480591042687,98.2,96.4929663927044,97.709238,96.77,98.3742322422773,96.4844655280869,96.96,97.2740823970037,97.763113,96.2971062693424,96.4,100.020933525545,95.4169797145004,97.8903870342268,94.2949431685918,97.3721590909091,98.088077,96.3635648489977,95.7749160934041,96.0059,96.9506936416185,95.93179,93.6638339193321,95.97443,94.428825,95.7590403344256,95.9775242074562,97.8917626602912,97.6716536213217,98.7695409228287,97.5616260271004,99.6073656637642,82.5798632860372,95.9485482762393,88.2442800751774
2013-03,96.2318944393208,96.7528893780958,95.9375618439709,100.587158297927,91.6925135865879,92.742841961129,92.5684807971699,98.1,97.1753761358242,98.089561,98.42,99.0373962492523,97.4493101833678,98.42,97.739063670412,98.654835,96.6590739282366,96.8,103.449278498275,95.7926371149512,98.4472942093792,94.7246234228532,97.6917613636364,98.293031,96.7761389631006,95.6384438996136,96.6978,96.9837572254335,96.72414,93.9702307702273,97.28104,94.748682,96.1388365409995,96.575365823557,98.1525755270594,99.7225800059447,98.8912766471004,98.1016350272504,100.180399559892,82.8576486287753,96.2044859265252,89.2584051189948
2013-04,96.2318944393208,96.5683576677782,95.9079314531392,100.739905286609,91.5622993661099,92.8899879422044,92.5554622357752,98.4,96.5164746782285,98.124388,98.4,100.019005096344,97.5060657513255,98.44,98.0180524344569,98.519628,96.7035618433878,96.9,104.203879578671,96.168294515402,98.4155567111069,95.1562115103022,98.2244318181818,98.51486,97.1622118813126,95.5749684606412,97.0429,97.1242774566474,96.97919,94.2238744321751,97.562508,95.162954,96.2876285970782,96.7342508351464,98.7611388828516,99.8513821460418,99.0023486708303,98.991649860831,100.002792562847,84.0423214139819,96.2804416162876,89.4248229857434
2013-05,96.502715905848,96.9374210884134,96.0268357831237,100.892835162468,91.6491088464286,93.0943573603646,92.7659289783232,98.1,96.9464462150374,98.217914,98.59,100.326940205763,97.8465991590717,98.6,98.0180524344569,98.72331,96.8485326681067,97.2,103.897421755197,96.2434259954921,98.5351731637265,95.2085332600101,98.4375,98.579957,97.2326620010352,95.9378363867664,97.3566,97.1904046242774,97.24033,94.443221203166,97.595079,95.428704,96.4656047332522,97.0202733461715,98.6742012605955,99.9207371445556,99.0513427235495,99.3016550275838,100.143537730317,85.07993137068,96.3737350178434,89.4701724861248
2013-06,96.4124420836723,97.1122406034511,95.7917745370338,100.901963879619,91.6382576613888,93.3314258854305,92.9145575542463,98.0,97.0239106777932,98.06649,98.63,100.312226582787,98.1303769988602,98.64,98.0180524344569,98.837719,96.8871194757006,97.1,103.585577642633,96.4688204357626,98.6706207035037,95.7031304835051,98.9701704545454,98.800665,97.1729165495004,95.9928484338758,97.4934,97.3970520231214,97.0252,94.6440095988176,97.110684,95.139458,96.5110793741384,97.064089461851,98.6742012605955,99.891013573764,98.9535143279118,99.531658860981,100.006143638263,85.3903973419755,96.4472138916352,89.9918060467605
2013-07,95.8707991506179,97.3550454854479,95.6893249195735,100.259625373033,91.7793230669066,93.5521448570436,93.2389367089981,98.2,97.4860090432896,97.718971,97.79,98.980643703489,98.0168658629447,97.93,97.9250561797752,98.562772,96.9486853993195,97.0,101.498510760731,96.4688204357626,98.3967237131764,95.176575903188,99.2897727272727,99.035235,97.1470565295687,96.0108331415846,96.8401,95.9835838150289,96.90215,94.6988750706439,98.132639,95.143346,96.5458322200428,97.0262442219054,99.2827646163878,99.3758050133756,98.9856037124912,98.9816496941616,99.62747211626,85.5170347776355,96.5099598962214,90.348766414979
2013-08,96.0513467949694,97.4327430476869,95.7770635392032,100.26955005047,91.6925135865879,93.6093682941285,93.334406159226,98.2,97.6217526820165,97.873793,97.96,99.0951997680853,98.1871325668178,98.08,97.9250561797752,99.107453,97.1677082724736,97.3,99.2349057509997,96.3185574755823,98.5572782343564,95.4846988840942,99.5028409090909,99.534205,97.3529338230246,95.9653424103211,97.0576,97.6780924855491,96.57918,94.8066422129052,98.056156,95.165177,96.6976402445774,97.1901351609974,99.1958269941317,98.4642821757654,99.0489470765384,99.3916565276088,99.8586963199607,85.574225877611,96.7023259365976,90.5408731072289
2013-09,96.8638111945508,97.4327430476869,96.1636663506802,100.514805564121,92.3435846889779,93.7074656148454,93.4190268082918,97.8,97.6021397414728,98.15306,98.67,99.0973017142246,97.9033547270294,98.7,98.3900374531835,98.820431,97.2880842721671,97.7,102.949645120931,96.9947407963937,98.386906490759,95.9660564358238,99.1832386363636,99.14512,97.3265463115304,96.256271505611,97.6629,97.6780924855491,97.16204,95.1185739716429,98.232004,95.588907,96.8724434664325,97.3303990359614,99.1088893718757,99.4352521549589,99.0341432065468,99.7916631943866,100.257474294459,86.0971159345298,96.9186345313555,90.9932852097339
2013-10,96.8638111945508,97.578425976885,96.4433922105995,100.669101178044,92.4629477244161,93.7810386053831,93.5882681064231,98.2,97.5419144769143,98.431372,98.72,100.013750230995,97.9601102949871,98.77,98.5760299625468,98.794508,97.4208266122657,97.8,102.991514007497,97.0698722764838,98.3076847698887,96.0276474248938,99.609375,99.084351,97.566302009561,96.3652376758468,97.8245,97.9426011560694,97.6027,95.2741373916356,98.075733,95.805156,97.0804516111773,97.5521338977611,99.5435774831558,99.6928564351531,99.2179200457212,100.251670861181,100.33119795361,87.3430648982815,97.0754995428211,91.1624103297555
2013-11,96.9540850167266,97.7241089060831,96.2245347522608,100.757691465579,92.7342273504119,93.8954854795528,93.9473634248942,98.0,97.8672005972538,98.227776,98.69,100.429935566593,97.789843591114,98.72,98.3900374531835,98.797505,97.4419563195071,98.0,101.393378006589,97.4455296769346,98.238540390168,96.5390209202272,99.3963068181818,98.760882,97.5281211452871,96.6096181158902,97.8175,98.0252601156069,97.21329,95.4152265093972,97.576166,95.99004,97.1196660213368,97.6204506308634,99.3697022386438,99.4649757257505,99.2089885822491,100.211670194503,100.213910314052,87.7883384623764,97.1089365584229,91.2411131904599
2013-12,97.5860017719566,97.8212308588818,95.8591925010785,100.414437302321,93.2659354173637,94.1243792278923,94.7989943161323,98.0,98.1142978832853,98.107586,98.96,100.323787286554,97.8465991590717,98.96,98.6690262172284,99.131445,97.4237212884572,98.1,102.534600510347,97.595792637115,98.1952190716028,97.0078967204375,99.3963068181818,98.795021,97.487897233074,96.6741514788455,97.6366,97.9508670520231,97.01007,95.8168846890659,97.444377,96.172777,97.1328682794344,97.7165173046546,99.2827646163878,99.8117507183196,99.1870837688091,98.7516458607644,100.616039363966,87.4860426482202,97.0086255116173,91.5333401248625
2014-01,96.502715905848,98.0154747644793,96.0803848359396,100.000960218672,93.5155126732799,94.5085937340336,95.3837446987785,98.2,97.4234438263113,97.869169,97.25,98.2060765511268,97.789843591114,97.44,98.3900374531835,98.343032,97.3093681641602,97.4,100.514161423782,97.8211870773854,97.6550197544694,96.1735319409504,98.6505681818182,98.919874,97.1519239684117,96.9460379424436,96.9862,96.8184393063584,97.39522,96.5003318321748,97.154445,95.905918,97.0180414565726,97.1776142851462,98.8480765051076,97.9787971861686,99.1963162238288,97.7016283604727,99.1951833876021,88.3479942264223,97.1601240884801,91.8614832860199
2014-02,96.7735373723751,98.2194308653566,96.6775007930763,100.16851582467,93.8410482244748,95.1053524350616,96.3861739261721,98.4,97.9818941676197,98.640634,97.71,98.2397076893569,98.0168658629447,97.86,98.6690262172284,99.076183,97.6371680733517,97.9,98.6064699825884,97.6709241172051,98.3305712010343,97.0363012287847,98.6505681818182,98.912189,97.2509040658852,97.1100161597888,96.5933,98.3889595375723,97.18687,96.8008037180152,97.572431,96.434419,97.3170343219298,97.5305113129416,99.0219517496196,97.7806400475577,99.1904131038861,98.1416356939282,99.624121040844,88.9444156975952,97.4523883730002,92.8619758055783
2014-03,98.0373708828353,98.345689403995,96.947210925924,100.550831630652,94.546375252064,95.3751200670332,96.940547665564,98.4,98.4254291921686,98.881012,99.12,98.8250996891747,98.6411771104794,99.09,99.2270037453183,99.698126,97.9897331344336,98.2,101.947154602141,97.8963185574756,99.224295978734,97.5296816500837,98.9701704545454,99.124895,97.5023783030738,97.2993845527229,97.1729,98.4633526011561,97.98173,97.0060166789113,98.618361,96.742856,97.7134542502506,98.0800413239571,99.2827646163878,99.5343307242643,99.2048238420606,99.3916565276088,99.7179511524907,89.9084942400392,97.798317003548,93.9802157941557
2014-04,98.2179185271867,98.4428113567937,96.9880563792798,100.680184902961,95.2734046497328,95.6121885920991,97.337613788103,98.6,98.1457584168569,99.045591,99.37,100.146172837776,98.7546882463948,99.36,99.5059925093633,99.696597,98.4135040163694,98.7,102.413118666831,97.9714500375658,99.3742810422444,97.8992902762544,99.2897727272727,99.503054,99.4354824053995,97.4369146704963,97.6951,98.5460115606936,98.4591,97.2637670755863,99.109661,97.550493,98.176573612892,98.4754578340699,99.5435774831558,99.9405528584167,99.5100906981208,99.9516658610977,100.197154936972,91.534355510771,98.044347389952,94.2430479741323
2014-05,98.3984661715382,98.5982064812716,97.2816426445094,100.854354156448,95.4470236103701,95.8983057775235,97.5535049312322,98.7,98.0503715658246,98.888798,99.25,100.244964306327,99.0384660861833,99.24,99.32,99.72169,98.5411383005016,98.7,101.468936229188,98.1217129977461,99.1653032598004,97.9499144741756,99.2897727272727,99.352513,99.5995761598934,97.6728317186768,98.0192,98.5873410404624,98.68449,97.3443756921106,98.741395,97.531629,98.3207383426816,98.5482013635076,99.5435774831558,99.9108292876251,99.5085918830678,100.421673694562,100.093271599077,92.7721343173834,98.2590047740628,94.4911887930142
2014-06,98.4887399937139,98.6661918482308,97.2652942560629,100.693727277249,95.4361724253303,96.029102205146,97.6175128580896,98.9,98.3480354770718,98.740932,99.38,100.300665879021,99.0384660861833,99.37,99.32,99.7194,98.6017083757641,98.9,102.47094618687,98.2719759579264,99.4464474191266,98.3762640768578,99.9289772727273,99.451776,99.4820747438638,97.6368623032592,98.3541,98.7278612716763,98.8981,97.5440183112694,98.369252,97.306522,98.3946255159232,98.6883390258319,99.7174527276679,99.9009214306945,99.5885020675995,100.681678027967,100.321144727362,93.0254091887034,98.311843514767,95.0516985106497
2014-07,97.9470970606595,98.9284211207874,97.1620025520011,100.218818872342,95.4036188702108,96.0127526516932,98.2109422816656,99.2,98.7204859993885,98.532086,98.56,98.9522674306073,98.6979326784371,98.67,99.1340074906367,99.404385,98.5957026936693,98.6,100.69708500734,98.4973703981969,99.1356085472464,98.0710867958095,100.035511363636,99.632455,99.5869919433332,97.8177673043303,97.9007,97.4879768786127,98.34371,97.7243511097344,99.39611,97.506136,98.3830642554568,98.5954008838836,99.7174527276679,98.9794907361538,99.6112975703128,99.2516541942366,99.7916748116416,93.4911081456466,98.3040002641937,95.5001279427843
2014-08,98.0373708828353,98.8118747774289,97.607245212614,100.206000777395,95.7400056064456,96.1108499724101,98.2836292494528,99.2,98.8528823235077,98.514305,98.88,99.1172702025488,99.0384660861833,98.95,99.5059925093633,100.18378,98.7757363828757,99.1,99.0600766186107,98.6476333583772,99.4677912156294,98.4409847112354,99.8224431818182,99.936453,99.7077660161222,97.9542394981209,98.2,98.9593063583815,98.30233,97.9241981284464,99.479404,97.145603,98.5233001505713,98.8074027736618,99.7174527276679,98.8110571683345,99.6330672446906,99.6616610276838,99.7715683591459,93.4175767313924,98.3692230847504,95.6979499474994
2014-09,98.6692876380653,98.8507235585484,97.8720389206286,100.397004264051,96.2391601182779,96.2089472931271,98.4723983896763,98.8,98.8127229956969,99.007844,99.42,99.0699764144127,98.5844215425217,99.41,100.063970037453,99.618976,98.8496857620326,99.2,102.129767823316,98.2719759579264,99.1913703705773,98.3115603001972,99.7159090909091,99.447972,99.6511025526227,97.8643159595767,98.8271,98.8187861271676,99.29031,98.2175864981648,99.487848,97.879204,98.6299017803212,98.792449274152,99.7174527276679,99.5541464381254,99.7133951317781,99.9216653610894,100.01619686451,93.5482992456221,98.594200535405,96.0450438815675
2014-10,98.6692876380653,98.9672699019068,98.3469715135638,100.651970244522,96.6840587049111,96.3887923811081,98.7013080942001,99.0,98.6559831413045,99.148171,99.43,99.9643544967196,98.8681993823102,99.44,100.063970037453,99.556639,99.0357344928238,99.4,101.823099754357,98.572501878287,99.072356509615,98.6691840374378,100.035511363636,99.466243,99.8086808281798,97.9182700827032,99.0265,98.8187861271676,99.42752,98.3554574660058,99.438912,98.22859,98.8735656401278,99.0115248173657,99.89132797218,99.8513821460418,99.9443232182786,100.401673361223,100.304389350282,94.8922900950462,98.830323657927,96.2921619603241
2014-11,99.1206567489439,98.8992845349477,98.2617421419436,100.773347369905,97.0095942561061,96.5604626923627,98.8868225940749,98.8,98.8599011248318,99.001002,99.35,100.393151509154,98.1303769988602,99.36,99.9709737827715,99.404434,98.9559879575106,99.3,100.737832584652,98.7227648384673,98.999162713957,98.2453410892544,100.142045454545,99.228626,99.759116480733,97.9002853749944,99.154,98.7526589595376,99.22749,98.5123974620005,98.816163,98.180916,98.8409365673542,99.0215858929815,99.8043903499239,99.7721192905974,99.877017822636,100.141669027817,100.110026976157,95.4029249162559,98.7622112187379,96.4336851291981
2014-12,99.3914782154711,99.0449674641458,98.0024645265091,100.557773823322,97.2917250671417,96.9692015286833,99.0886102956931,99.0,99.3237829648936,99.112451,99.7,100.379488859248,98.5844215425217,99.69,100.063970037453,99.801323,98.9299648119682,99.5,101.129129467131,98.6476333583772,98.9127932517113,98.6835747730732,100.461647727273,99.430935,99.6079705612317,98.027236252939,99.0248,98.67,98.90686,98.722167705428,98.783993,98.461879,98.8441573799306,99.2021823797246,99.8043903499239,100.069354998514,99.6923810076115,100.0816680278,100.569124308143,95.1047141806694,98.5669555597294,96.6625142080662
2015-01,98.3081923493624,99.2489235650232,98.4060834416401,100.212461006206,97.9753497246512,97.4842124624471,99.7178407631047,99.2,98.4203564794319,98.660631,97.87,98.446749384086,98.7546882463948,98.08,99.32,98.703375,98.8152111299712,98.9,99.308397560833,98.8730277986476,98.5827588225867,97.7316075135475,99.7159090909091,99.249823,99.3054192572814,99.3200193600089,98.3646,98.06,98.49088,98.6710211363864,98.045837,98.296865,98.7347187888657,98.5617530749844,99.6305151054118,98.2562171802239,99.8090244463134,98.721645360756,99.2990667254966,95.8563686374901,98.7622112187379,97.0363558044713
2015-02,98.6082173514459,99.6374113762181,99.2537368116542,100.134498609333,98.2357781656072,98.4079622325316,100.189763613663,99.5,98.9648536929086,99.74802,98.38,98.3942007306014,99.095221654141,98.55,99.69,99.306058,99.1734206312145,99.3,97.6191131340357,99.1735537190083,99.4064624497043,98.5871549283584,99.2897727272727,99.583414,99.3154309756566,99.4395647700734,97.9554,99.83,98.52337,99.0852703861869,98.40509,98.484334,99.0373206614131,98.8548537350246,99.6305151054118,98.0382443277519,99.8341664545606,99.0416506941782,99.835238792049,95.7869223018056,99.1069014413005,98.2621519575246
2015-03,99.80831735978,99.4043186895011,99.8336149716639,100.386028125723,98.9302540081565,98.8248758455785,100.220140256918,99.5,99.4093401150796,100.09787,99.77,98.997459272604,99.7195329016757,99.74,99.89,100.00149,99.5473355150894,99.4,100.505671510868,99.3989481592788,99.8205533934298,99.6289309640831,99.5028409090909,99.513868,99.5663558728782,99.5897899756413,98.8419,99.75,99.48702,99.4048293776056,99.596371,99.170787,99.4330136083417,99.2975808144159,99.7174527276679,100.158525710889,99.7882437441632,99.9416656944282,99.8687495462085,96.3302377515727,99.513099260464,99.2203752293144
2015-04,99.9083256938078,99.7151089384571,99.8659052616644,100.222063104353,99.3643014097498,99.2581390120782,100.336222429354,99.9,99.8854433492328,100.1829,100.29,100.305920744369,99.9465551735065,100.24,99.88,100.12019,99.8753042785506,99.7,100.987033554404,99.7746055597296,99.7462478161639,99.8116136420926,99.9289772727273,99.930277,99.9844035978934,99.650091642665,99.5511,99.86,100.1281,99.5375036291574,100.26029,99.605303,99.8108532292263,99.8180567346108,100.152140838948,100.406222134152,99.8241723066451,99.9916665277755,99.7347065295704,98.1072469293826,99.8165092168514,99.54517342865
2015-05,100.108342361863,99.6568357667778,100.089506201668,100.311354810333,99.4945156302278,99.6096544113139,100.3058457861,100.0,100.025382218539,100.26275,100.51,100.687423968667,100.173577445337,100.45,99.73,100.29688,99.99476728971,99.9,100.052589487388,100.0,99.9833937456299,99.8825800267504,99.9289772727273,99.935199,100.12706850995,99.8500392754278,99.8215,100.09,100.48712,99.6582031150155,100.45097,99.832192,99.9842701800277,100.091807861447,100.152140838948,100.653918557416,100.009146969325,100.341672361206,100.056409769502,99.8311500857866,99.9473676606267,99.6544983319309
2015-06,100.208350695891,99.9676260157338,100.044243001667,100.30517033608,99.9068606617414,99.9611698105496,100.480511484812,100.2,100.153106029365,99.969627,100.57,100.8145917101,100.34384414921,100.49,99.7,100.2992,100.058306722024,99.9,100.881480309292,100.07513148009,100.238218710003,100.114911456955,100.461647727273,100.16489,99.9529664698247,99.8098381640787,100.1104,100.3,100.62128,99.8682098715766,99.973342,100.18981,100.065228179267,100.185713314766,100.065203216692,100.495392846527,100.069185569034,100.45167419457,99.9257178282797,100.157956371361,100.044376286138,100.09561216411
2015-07,99.9083256938078,100.152157726051,100.042917401667,99.6680042879304,100.047926067259,100.091966238172,100.045474558205,100.4,100.545340553729,99.92703,99.94,99.6122785183732,100.173577445337,99.98,99.73,100.0093,100.111108018277,100.0,99.2235044387039,100.375657400451,100.114283683839,100.289867952168,100.568181818182,100.35379,100.011800750006,100.270035096628,99.7032,99.17,99.78736,100.042241897936,100.97983,100.04224,100.102454864789,100.154928904323,100.239078461204,99.7027642920836,100.080322256293,99.5816596943282,99.9424732053595,100.284593807021,100.078226104402,100.451609953387
2015-08,100.008334027836,100.22985528829,100.284446901671,99.5517254133097,100.438568728693,100.386258200323,99.9217982249553,100.4,100.841539882843,99.985663,100.25,99.7079170677151,100.400599717168,100.23,100.09,100.65249,100.306136061109,100.3,97.9485898346006,100.450788880541,100.871724323677,100.947904397411,100.568181818182,100.76317,100.201891420234,100.469982729391,99.6568,100.66,100.02413,100.258314526953,100.76396,99.958314,100.26788118675,100.385422928823,100.152140838948,99.5046071534727,100.130378993456,99.9916665277755,99.7313554541545,100.578719464038,100.166978676679,100.653306338342
2015-09,100.508375697975,100.084172359092,100.609935301677,99.7656596029602,100.905169685406,100.876744803908,99.8415170963545,100.2,100.749094867299,100.3471,100.72,99.7646696134784,100.230333013295,100.64,100.52,100.12641,100.448073848532,100.4,100.950981459588,100.22539444027,100.559782709064,100.636007115853,100.142045454545,100.31198,100.327485135957,100.240413225108,100.7332,100.66,100.55247,100.634772173626,100.75705,100.77405,100.452070739267,100.442615788497,99.978265594436,100.673734271277,100.020676788402,100.26167102785,100.384815160265,101.416160570822,100.459242961199,100.991460320491
2015-10,100.608384032003,100.472660170287,100.81025360168,99.9373970786576,101.350068272039,101.260959310049,99.7851033303108,100.4,100.824489697048,100.33205,100.87,100.784113491079,100.684377556957,100.79,100.66,100.10089,100.622602389019,100.6,101.317269141053,100.525920360631,100.429783602188,100.79037966165,100.035511363636,100.3795,100.420147965158,100.339858079498,101.3362,100.56,100.83348,100.855743664666,100.74549,101.12731,100.723076669926,100.787581330203,100.152140838948,100.782720697513,100.142682790798,100.511675194587,100.441783442336,103.405593834255,100.717657427455,101.192747609395
2015-11,100.708392366031,100.676616271164,100.625655601677,99.7983135167237,101.534538417716,101.694222476549,99.5768063479952,100.1,99.911319041492,100.24135,100.24,101.280172779973,100.360870819598,100.24,100.34,99.952329,100.52311462186,100.7,100.269415655972,100.601051840721,100.134676389842,100.509180350364,99.8224431818182,99.849846,100.375030343516,100.400159746521,102.1058,100.6,100.60265,100.857424305696,100.00995,101.14986,100.677008557652,100.611555080716,100.065203216692,100.743089269791,100.196621704655,100.841680694678,100.136835579485,104.157248291075,100.754809667013,101.331046138815
2015-12,101.308442370198,100.754313833403,100.133701501669,99.7073241083909,101.816669228752,102.143835196501,99.5789761082276,100.3,100.269734073031,100.245,100.6,101.204502718955,100.11682187738,100.57,100.39,100.43139,100.524619494644,101.0,100.935953913262,100.525920360631,100.112114353872,101.069861990768,100.035511363636,99.964251,100.411999701645,100.620207934959,101.82,100.47,100.46214,101.126465915194,100.01183,101.36893,100.712103334474,100.808130432189,100.065203216692,100.584563558902,100.095377976355,100.321672027867,100.642847967293,104.087801955391,100.632620079134,101.565662723569
2016-01,100.408367363947,101.05539188708,100.435851001674,99.3395392901732,102.695615216978,102.912264208784,100.034625757043,100.8,99.666382198895,99.829143,98.84,99.2444379439814,99.8330440375911,99.01,99.99,99.335055,100.478773659395,100.3,98.3925792414419,100.676183320811,99.4468712419256,100.312525265366,99.5028409090909,100.00616,99.7921780336375,101.089926183354,101.1526,99.19,99.86204,101.351711683273,99.046184,101.33445,100.64427523498,100.249597675553,99.5435774831558,99.2271871594174,100.30699960502,98.8416473607894,99.7347065295704,105.260219504888,100.941809272786,102.293853692814
2016-02,100.508375697975,101.307908964356,101.000393201683,99.6055220672781,103.118811433532,104.10578161084,100.417588438071,101.0,100.076435629885,100.72325,99.24,99.3337706549051,100.627621988999,99.37,100.34,99.766091,100.857095392504,100.6,98.1515798479392,100.751314800902,100.26393330466,101.248630631869,99.2897727272727,99.889289,99.9227476931959,101.330074927466,100.765,100.93,99.95037,101.721059976859,99.733863,102.01248,100.991565043171,100.49966812931,99.5435774831558,98.9695828792232,100.360686668807,99.1516525275421,100.398219461929,105.403197254827,101.417357939124,103.551932337118
2016-03,101.408450704225,101.735245556671,101.608854801694,99.8855789851949,103.639668315444,104.776113302405,100.370938593073,101.0,100.802555810919,100.90109,100.8,99.99693466188,101.308688804491,100.71,100.7,100.47526,101.23385828648,101.1,100.057081732583,100.901577761082,100.699684405508,101.631345828313,99.3963068181818,100.16674,100.217149956217,101.460199577359,102.2483,100.85,101.16328,102.057258248905,100.89856,102.78955,101.387460211697,101.078702353475,99.5435774831558,101.129495690082,100.329580113771,100.071667861131,100.807050662675,105.811705111795,101.697238143792,104.627217240431
2016-04,101.308442370198,101.78380653307,101.761953101696,100.179406074206,103.91094794144,105.38104678016,100.376362993654,101.6,100.785262760026,100.87516,101.02,100.959625993717,101.308688804491,100.93,100.97,100.54324,101.440525844089,101.2,101.02186422307,101.352366641623,100.783384386712,101.724062526835,99.7159090909091,100.28058,100.574325552709,101.640046654448,102.441,101.02,101.36606,102.133001004656,100.91176,102.81645,101.663351366196,101.39547756936,99.8043903499239,101.169127117804,100.628876280358,100.461674361239,100.776890983932,107.592799368174,101.958955031342,104.893743317095
2016-05,101.508459038253,101.978050438668,102.095675301702,100.149518198638,103.802436091041,105.806135169933,100.42084307842,101.6,101.311582048906,100.93908,101.31,101.320109756621,101.535711076322,101.19,100.98,100.64562,101.661438065248,101.4,100.096859177158,101.427498121713,101.250463223506,102.068304554198,99.9289772727273,100.52666,100.612576354089,101.88019539856,102.5412,101.13,102.06408,102.251951593252,101.01734,103.16239,101.897212894892,101.717117194288,99.8043903499239,101.44654711186,100.598076859553,101.121685361423,100.917636151402,108.940875296168,102.186822100629,105.02588134129
2016-06,101.608467372281,101.929489462268,102.209058501703,100.07648268604,104.127971642236,106.296621773518,100.41216403749,101.6,101.334923496667,100.9183,101.36,101.370556463966,101.535711076322,101.24,100.94,100.73277,101.725155424997,101.5,101.159364770199,101.502629601803,101.907619555411,102.279407379641,100.461647727273,100.52286,100.493369409604,101.900295954234,102.934,101.24,102.12636,102.486759207451,100.51524,103.46807,101.980059312112,101.786689766324,99.89132797218,101.238482116318,100.597886436329,101.591693194887,100.981306584305,109.202320324628,102.290022766067,105.556454853844
2016-07,101.20843403617,102.240279711224,102.200272301703,99.6026012166924,104.236483492635,106.590913735669,100.635649341433,102.0,101.938265867386,101.04279,100.8,100.257575983163,101.195177668576,100.78,100.9,100.35589,101.754336109478,101.5,98.5095868608059,101.728024042074,101.798580595016,101.72396970784,100.674715909091,100.95692,100.353766989617,102.120344142672,102.4138,99.95,101.90121,102.838059132784,101.42577,103.83883,102.023177966196,101.845704997052,99.89132797218,100.495392846527,100.558954101057,100.491674861248,100.974604433473,110.027506195702,102.269382632979,106.077631189483
2016-08,101.108425702142,102.366538249862,102.172208301703,99.5085248753621,104.334144157993,106.795283153829,100.782108157123,102.0,101.985569652811,100.71654,101.04,100.634875315182,101.762733348153,100.97,101.19,100.91216,101.964621453621,101.8,97.9847030007246,101.652892561984,101.823969790179,102.270320393187,100.568181818182,101.23956,100.430012196707,102.309712535606,102.1176,101.49,101.6966,103.011618012569,101.59311,103.43203,102.204671344581,102.036836122732,99.8043903499239,100.138709997028,100.547970980913,100.801680028,100.900880774322,110.374737874125,102.489819254355,106.253843296961
2016-09,101.808484040337,102.172294344265,102.522553401709,99.5733242284107,104.355846528073,107.138623776338,100.886256648281,101.7,101.885275870869,100.67995,101.51,100.651690884297,102.216777891814,101.35,101.33,100.62126,102.040486018705,102.1,100.856531178416,101.577761081893,101.292102307027,102.958272922064,100.248579545455,100.81275,100.340166721285,102.239889552736,102.6863,101.4,102.10442,103.443669727406,101.20402,103.86229,102.305612460098,102.047560159142,99.6305151054118,101.218666402457,100.64193562791,100.711678527975,101.155562505934,110.497290231215,102.676818860128,106.532401610395
2016-10,102.008500708392,102.269416297064,102.710646901712,99.5867077796243,104.55116785879,107.310294087593,100.811399920261,102.1,101.955523016482,100.85975,101.62,101.691103250222,101.819488916111,101.48,101.39,100.54867,102.182379413831,102.2,100.883662857659,101.878287002254,100.612268442418,103.098171662271,100.461647727273,100.5957,100.613502437686,102.199688441387,103.2689,101.34,102.53701,103.684333437582,101.41046,104.19644,102.527952637116,102.31105597293,100.065203216692,101.525809967304,100.886088914449,101.261687694795,101.246041542165,112.025109616275,102.877853756401,106.81784236326
2016-11,102.10850904242,102.337401664023,102.349924801706,99.403478622291,104.583721413909,107.441090515215,100.737628072358,102.0,101.080253043328,100.62461,101.04,102.265985519343,101.422199940407,100.98,101.32,100.39584,102.069091321687,102.4,99.3982544787438,102.028549962434,100.521568354795,103.210202362199,100.035511363636,100.31131,100.524644259759,102.100243586997,103.5231,101.46,102.23197,103.900182552034,100.99194,104.08841,102.480051577711,102.207146258277,100.065203216692,101.198850688596,100.989716004391,101.411690194837,101.182371109262,112.919741823034,102.881568980357,106.899938314733
2016-12,102.608550712559,102.337401664023,102.0167300017,99.3587410198985,104.692233264308,107.81713024463,100.847200964097,102.1,101.611878406625,100.34365,101.46,102.387898395427,101.422199940407,101.36,101.45,100.65847,102.132359789594,102.8,100.477738896444,102.103681442524,100.431942888961,103.423502310086,100.142045454545,100.66725,100.439847825422,102.23036823689,103.3402,101.43,102.31282,104.317211198307,100.97222,104.15859,102.603256254774,102.5649553588,100.152140838948,101.099772119291,100.915850221548,100.681678027967,101.691734572487,113.981862251151,102.843178332814,107.387761290048
2017-01,101.908492374365,102.735601670498,102.56963280171,99.1274643131085,105.234792516299,108.77357912162,101.211720683149,102.7,100.649064013224,100.27492,99.69,100.475127408589,101.365444372449,99.81,100.8,99.825217,102.127344613335,102.1,97.9488791724346,102.103681442524,99.5677380722342,102.441032805828,99.5028409090909,100.53589,99.9692928314333,102.859833006699,102.9463,100.32,101.44828,104.927759931136,100.43961,103.72966,102.592934411647,101.97381550803,99.89132797218,99.7324878628752,101.244219714554,99.0316505275088,100.549017855647,115.174705193497,103.234928058816,107.637562721326
2017-02,102.208517376448,102.910421185535,103.041496001717,99.5554272843843,105.419262661977,110.155116388384,101.56213696069,103.0,101.121282461749,101.08895,100.06,100.489841031565,102.443800163645,100.17,101.14,99.925035,102.490319234767,102.7,97.4818959177274,102.329075882795,100.427232630839,103.314341822648,99.2897727272727,100.66137,99.9200955048738,103.129603622332,102.9531,101.94,101.45479,105.670298911739,101.0799,103.96493,102.968084971122,102.320031398478,99.978265594436,99.564054295056,101.589555302546,100.171669527825,101.29965874882,115.963125357444,103.672498880273,108.944118629594
2017-03,103.108592382699,103.036679724174,103.295596801722,100.038382795238,105.86416124861,110.825448079949,101.476431431508,103.1,101.703395255122,101.4015,101.5,101.01742951255,102.897844707307,101.41,101.37,100.85341,102.68264935772,103.0,100.30953249683,102.404207362885,101.160405900317,103.667342415642,99.7159090909091,100.90574,99.9298792183883,103.149704178006,105.0917,102.04,103.09506,106.195424711523,101.55032,104.49812,103.259447880992,102.926296147544,100.152140838948,101.793322104429,101.640644010729,100.871681194687,101.450457142538,117.225414635475,103.73318087155,109.568001385828
2017-04,103.308609050754,103.444591925928,103.302173301722,100.341231195292,106.070333764367,111.422206780977,101.745481700333,103.3,102.170307629229,101.67874,102.28,102.442548995051,103.295133683011,102.16,101.71,101.00943,102.942462826308,103.6,101.220696381653,102.930127723516,101.722252318421,104.402930248914,100.035511363636,101.52214,100.330173559919,103.250206956379,106.4413,102.36,103.85028,106.635444243374,102.15317,105.22602,103.642466813027,103.608432570217,100.76070419474,102.893094223719,101.740057219005,101.71169519492,102.207800186543,119.218932977478,103.878487408487,109.829843875577
2017-05,103.408617384782,103.493152902328,103.604384901727,100.446883733391,106.406720500601,111.691974412949,101.996089007181,103.5,102.339067194088,101.65537,102.24,102.44359996812,103.408644818926,102.12,101.66,101.08556,103.038114936217,103.9,100.557662215778,103.155522163787,101.499875910476,104.675257932772,100.461647727273,101.27219,100.336663222603,103.450154589142,106.6773,102.57,103.77887,107.012445914488,101.79724,104.99186,103.772594473686,103.744761062992,100.673766572484,102.665213514317,101.874876861568,101.981699694995,102.361949655677,120.517987962635,103.958158322205,109.913698153283
2017-06,103.708642386866,103.454304121208,103.643564901727,100.340078725333,106.016077839167,111.994441151826,101.9906646066,103.6,102.840413615312,101.54939,102.57,102.673763070383,103.181622547095,102.41,101.85,101.27486,103.141410761587,104.0,101.955063837049,103.365890308039,101.819821950937,104.985287934446,99.9289772727273,101.39805,100.309706471324,103.389852922118,107.2024,102.74,104.0814,107.306030841658,101.44141,105.35879,103.877142328208,103.941723127388,100.673766572484,102.377885663331,101.893784044902,102.351705861764,102.660195367697,120.611944769738,104.032049998658,110.339755270205
2017-07,103.308609050754,103.871928518243,103.635986101727,99.8821465618775,106.287357465163,112.07618891909,102.038399331714,104.1,103.338928018308,102.36013,102.02,101.707918819337,103.976200498503,101.98,101.51,100.9439,103.153427614642,103.9,99.5081868369562,103.711495116454,101.87733932463,104.88740972796,100.035511363636,101.83025,100.146165529926,103.659623537751,106.7918,101.84,103.19886,107.601272060769,102.35017,105.23506,103.90652996093,103.968019501229,100.586828950228,101.525809967304,101.972545547405,101.461691028184,102.948387853469,121.155260219505,103.999851391042,110.806238003101
2017-08,103.208600716726,103.852504127683,103.658531901728,99.8651697789839,106.211399169884,112.166111463081,102.090473577293,104.1,103.430960163186,102.07161,102.28,101.888686187324,104.430245042165,102.18,101.71,101.48689,103.403869837097,104.5,98.5764739589062,103.861758076634,102.298872275323,105.017318002866,100.142045454545,102.15715,100.306245276161,103.809848743319,106.6754,103.23,103.36782,107.901867703414,102.45093,104.77402,104.116244629197,104.205154861418,100.412953705716,101.416823541068,102.036331184747,101.601693361556,102.660195367697,121.72308614069,104.2161599858,110.927226096623
2017-09,104.208684057005,103.745669979604,103.899761401732,100.081721070091,106.211399169884,112.313257444156,102.339996004025,103.9,103.350529578433,102.00182,102.68,101.909705648718,104.600511746038,102.49,101.93,101.19373,103.467774087932,104.7,101.18573556102,103.74154770849,101.525927956461,105.425189110508,100.142045454545,101.58728,100.380430513904,103.639522982076,107.4825,102.94,103.63879,108.109361932117,102.1401,105.42106,104.227253586028,104.275889223865,100.499891327972,102.54631923115,102.098126592264,101.651694194903,102.747323328512,122.699419918843,104.414718066102,111.344938211391
2017-10,104.208684057005,103.910777299362,104.303684901738,100.119636389229,106.569488276199,112.403179988147,102.593857951222,104.2,103.007725493001,102.05339,102.51,102.618061497689,104.316733906249,102.38,101.91,101.13883,103.600089804077,104.7,101.503897049821,103.981968444778,101.247460308413,105.704828033599,100.355113636364,101.01247,100.527386113368,103.829949298993,107.7746,103.0,104.18146,108.548909015896,102.33342,105.74206,104.467911886438,104.445915574763,100.76070419474,102.883186366789,102.235206742776,101.671694528242,102.743972253096,125.289359732019,104.702441521343,111.463414141633
2017-11,104.208684057005,103.687396807925,104.160691601736,99.9850193151621,106.439274055721,112.640248513212,102.675223959939,104.2,102.333383094867,101.60166,101.97,103.045807537053,104.146467202376,101.92,101.91,101.08983,103.498286976535,104.9,100.063697457174,103.981968444778,100.806945720514,105.453778444426,100.248579545455,100.59895,100.490374906054,103.470255144817,107.8063,102.46,103.91779,108.887420909146,101.96437,105.44848,104.431437317739,104.378841524719,100.847641816996,102.318438521748,102.346475332414,101.911698528309,102.693706121856,126.641520738582,104.642172332727,111.448716542683
2017-12,104.808734061172,103.910777299362,103.737192101729,100.017268179953,106.656297756518,113.14708467025,102.856398939349,104.1,102.895833318741,101.4357,102.39,103.069979917656,103.749178226672,102.31,101.98,101.44607,103.608180527979,105.2,100.760028500845,104.057099924869,100.769675426508,105.718625770268,100.461647727273,101.08026,100.490606071058,103.639522982076,107.3275,102.55,103.52843,109.313124633261,101.95652,105.7945,104.573790506596,104.702998561085,100.934579439252,102.298622807887,102.337543868942,101.551692528209,103.065675493027,127.193006345489,104.669417308403,111.76025366464
2018-01,103.908659054921,104.173006571919,104.260834401738,99.5792874432714,106.970982122673,113.743843371278,103.263228982934,104.9,101.976750481958,100.94616,100.67,101.230777045697,103.522155954841,100.8,101.51,100.77808,103.647986817474,104.5,98.0150654522519,103.906836964688,99.8551331156858,105.356419171276,99.8224431818182,100.93192,100.066919963429,103.879671726188,106.9112,101.18,103.10088,109.565551822856,101.46441,104.91949,104.539297618211,104.078935185755,100.847641816996,100.673734271277,102.755025288076,99.891664861081,101.772160382469,127.875214466625,105.115244183094,112.132775715837
2018-02,104.308692391033,104.367250477516,105.097023101752,100.075384009376,107.15545226835,114.773865238806,103.670059026519,105.0,102.415105088379,101.86199,101.06,101.555527724232,104.600511746038,101.15,101.77,100.76627,104.041483057618,105.0,97.9705444690696,104.057099924869,101.06220354656,106.125830896537,99.7159090909091,101.07372,100.152077179137,104.319768103063,106.87,102.86,103.16576,110.102790979064,101.96943,105.53603,104.929795225842,104.40138995679,100.847641816996,100.138709997028,103.244382260228,100.671677861298,102.589822783962,128.467550859228,105.5879032308,113.250775001029
2018-03,105.108759063255,104.425523649196,105.479136501758,100.577393085273,107.513541374664,115.109031084589,103.50298748862,105.1,103.223922947056,101.95528,102.62,102.160888212374,104.600511746038,102.49,102.03,102.09003,104.457157904537,105.2,100.313977687082,104.282494365139,101.420424200457,106.845359215599,100.461647727273,101.5009,100.24397624304,104.530294975655,107.7528,102.96,105.27127,110.465716156214,102.34462,106.02511,105.358306098044,105.057088895699,100.847641816996,102.585950658872,103.414485483385,101.231687194787,102.750674403927,129.423459244533,105.929291032069,114.018919455409
2018-04,105.208767397283,104.551782187834,105.445123401757,100.720656010229,107.7956721857,115.370623939834,103.61798478094,105.7,103.255946294093,102.3572,103.03,103.141446086395,105.451845265403,102.9,102.3,102.1993,104.633167547322,105.6,101.506219761845,104.80841472577,101.195506864357,106.818385514441,100.568181818182,101.8411,100.417781875837,104.730242608417,108.4703,103.03,105.8107,110.610514344609,102.94752,106.61639,105.671742227949,105.613209621196,101.369267550532,103.071435648469,104.096796465569,102.2417040284,103.276793244232,132.564884664615,106.100604136695,114.556609023299
2018-05,105.208767397283,104.755738288711,105.458415901758,100.802813662457,108.121207736895,115.632216795079,103.542043172804,105.9,103.960553907145,102.41722,103.5,103.583905748735,105.565356401319,103.31,102.24,102.36886,104.838989342552,105.9,100.70203078208,105.033809166041,101.694713879681,106.637212583773,100.887784090909,101.94531,100.54715259915,104.879409890002,108.7866,103.16,105.93922,110.890913730827,103.10373,106.792,105.919907084202,106.025037674878,101.282329928276,103.319132071733,103.929156458954,103.161719361989,103.390729808374,134.742231542253,106.283888518513,114.7380334127
2018-06,105.308775731311,104.629479750073,105.648690601761,100.706307989854,107.990993516417,115.934683533956,103.638597503148,106.0,104.038459750817,102.25748,103.55,103.671136513519,106.076156512938,103.38,102.44,102.32906,104.895964621427,105.8,102.011209393209,105.334335086401,101.616798778387,107.265478977895,100.78125,102.12606,100.365957642104,104.690041497068,109.1817,103.24,106.44815,111.150150671306,102.72416,107.1557,106.043874904339,106.244083611576,101.369267550532,103.348855642525,103.911686663827,103.281721362023,103.655464766235,137.021705384134,106.378007525393,114.788074550188
2018-07,105.108759063255,105.066528537667,106.17467640177,100.40660584081,108.273124327453,115.959207864135,103.821942242791,106.8,104.604435742349,103.30915,103.18,102.634877066804,106.076156512938,103.12,102.39,102.13965,105.0002469233,105.8,99.1443380031161,105.785123966942,102.050463907782,107.317067789274,100.674715909091,102.39013,100.17768557895,104.699562812914,108.4147,102.29,105.49171,111.432978005936,104.02176,107.14871,106.146683939844,106.360908890483,101.282329928276,102.526503517289,104.091071483481,102.25170419507,103.826369612448,138.247228955037,106.44818397789,115.435866170726
2018-08,105.208767397283,105.241348052705,106.22413300177,100.459147100649,108.262273142413,116.032780854673,103.719963511865,106.9,104.665274505263,102.88771,103.34,102.680068908801,106.984245600261,103.24,102.42,102.72454,105.194734537188,106.5,98.6041793079719,105.860255447032,102.289783184492,107.475110713653,100.887784090909,102.92978,100.595113925928,104.879409890002,108.3204,104.0,105.7188,111.676458176602,104.03646,106.83936,106.393385199122,106.85019563484,101.369267550532,102.031110670762,104.484768427674,102.341705695095,103.461102392109,141.641929246439,106.508040363844,115.304280790732
2018-09,105.908825735478,105.047104147107,105.935328401766,100.414503378335,108.479296843209,116.13087817539,104.012881143247,106.3,104.546793295308,102.38893,103.65,102.727362696937,106.984245600261,103.49,102.52,102.21759,105.184893366056,106.5,101.380713219046,106.010518407213,101.802668175092,107.541293568796,100.78125,102.25007,100.461570833809,104.800065591287,109.361,104.08,106.28893,111.994807905452,103.5015,107.63168,106.659257573345,107.393229290188,101.369267550532,103.438026354899,104.301280294678,102.561709361823,103.94030617659,150.318636128435,106.680179073795,115.943756284555
2018-10,106.008834069506,105.192787076305,106.553217201776,100.469343562066,108.848237134564,116.228975496107,104.585697844614,106.8,104.689527225109,102.66185,103.72,103.646964132917,107.438290143923,103.59,102.65,102.19405,105.383510374187,106.6,101.822889508872,106.536438767844,101.552060348001,108.12120891642,101.100852272727,101.80078,100.723444224989,104.879409890002,109.9274,103.98,106.66571,112.332582429153,103.95381,107.72199,106.957724946329,107.759011270327,101.630080417301,103.348855642525,104.416357348795,102.741712361873,103.933604025759,153.656145319862,106.941895961345,116.101214058772
2018-11,106.208850737561,105.338470005504,106.22760510177,100.210854907868,108.815683579444,116.351597147003,104.978424446689,106.9,103.597584627056,102.36119,102.92,104.006396922751,106.473445488642,102.9,102.67,102.03899,105.251871751638,106.8,100.267253130984,106.536438767844,101.020494160678,108.468193741722,100.994318181818,101.43905,100.730392280123,104.750343164092,110.0201,103.97,106.52969,112.562485589023,103.6624,107.76657,106.78912069337,107.305608683765,101.543142795045,102.823739225206,104.713939706366,102.9617160286,103.802912084536,150.927312835317,106.959233673139,116.191218805194
2018-12,106.608884073673,105.571562692221,106.249225901771,100.288718411307,109.11951676056,116.65406388588,105.39501841132,106.8,104.121136309757,102.24128,103.34,104.07576114535,106.643712192515,103.29,102.85,102.20757,105.336584643873,107.1,101.404691216015,106.761833208114,101.280080603464,109.448964949474,100.887784090909,101.59254,100.654955776986,104.730242608417,109.6338,104.08,106.16491,113.06346551324,103.72093,108.14961,106.883512026278,107.496496522721,101.543142795045,102.873278509858,104.51717108917,102.79171319522,104.399403508576,150.363571992701,106.95015201458,116.623224262752
2019-01,105.80881740145,105.688109035579,106.406442001773,100.0926300796,109.564415347193,117.23667556009,105.908166706295,107.8,103.322159767214,102.29063,101.79,102.132511939492,106.132912080896,101.96,102.34,101.64664,105.384381884081,106.4,98.2987737130908,107.137490608565,100.747188714495,108.728754062129,100.568181818182,101.51904,100.391251774224,104.970391352529,109.2375,102.75,106.32652,113.319086276914,103.03767,107.3203,106.837371496191,106.864327940872,101.543142795045,101.45645496879,104.806706529858,101.201686694778,102.965143230548,150.367657071271,107.37905398014,116.944145902703
2019-02,105.908825735478,106.057172456214,107.086379101785,100.455300052851,109.846546158228,118.038683487159,106.579707498239,107.9,103.72804753381,102.73813,102.06,102.298565684503,106.303178784769,102.24,102.71,101.55654,105.731597510435,106.9,98.209453421751,107.438016528926,101.717863442517,109.035719141297,100.568181818182,101.52194,100.526074986979,105.469731472445,109.306,104.68,106.42918,113.79629722694,103.89906,108.20824,107.169870340869,107.09228224297,101.717018039557,101.109679976221,105.006349923467,102.07170119502,103.769401330377,149.946893978594,107.788554220598,118.198812645326
2019-03,106.808900741728,106.251416361812,107.442141101791,101.072842367137,110.323998299981,118.348863864464,106.371410515924,108.0,104.208902476397,102.94538,103.41,102.92074174176,106.700467760473,103.42,102.76,102.55358,106.052393667105,107.0,100.773534270327,107.888805409467,102.482953983445,109.664614145466,101.100852272727,101.93952,100.568069750743,105.309984951031,110.3935,104.84,107.80054,114.168694289965,104.37253,108.75593,107.522625235562,107.64316805596,102.151706150837,103.25968493015,105.497869120613,102.901715028584,104.003976609494,150.38399738555,108.086597742382,119.046624438614
2019-04,106.808900741728,106.533070024928,107.581162701793,101.231334660208,110.42165896534,118.774995191623,106.641545664864,108.1,105.201698038144,103.22624,104.36,104.263885324825,108.062601391457,104.33,103.23,102.89616,106.407457020314,107.5,102.018387774765,108.489857250188,102.776024435989,110.075962952724,101.420454545455,102.61079,100.962106957594,105.469731472445,111.1963,105.01,108.864,114.682250702318,105.0206,109.42432,107.994546374958,108.483054122585,103.194957617909,103.923511344496,105.676713384019,103.981733028884,104.885309443889,153.251722541464,108.291347862611,119.269109703669
2019-05,106.908909075756,106.494221243808,108.0046870018,101.4175191199,110.812301626773,119.096765625418,106.330185071507,108.4,105.177645945988,103.06801,104.31,104.421531285279,108.0058458235,104.3,103.16,102.83058,106.46674173371,107.7,100.935683597638,108.865514650639,102.455596322202,110.124255098765,101.953125,102.3762,100.874082360915,105.480310712274,111.3583,105.15,108.52963,114.810675519775,104.7716,109.23134,108.108582131826,108.626050197948,102.847207128885,103.80461706133,105.891559922122,104.441740695678,105.217065910068,156.058171518832,108.397850949343,119.331567280348
2019-06,107.20893407784,106.659328563566,108.115290401802,101.45511286242,110.801450441734,119.389246355024,106.464710205919,108.6,105.697572603122,102.8933,104.71,104.662204118238,108.630157071034,104.67,103.27,103.1524,106.66889274962,107.7,102.367675607022,109.015777610819,102.833833062316,110.642516359358,101.740056818182,102.65639,100.613663372791,105.409429805421,111.7566,105.32,109.25992,115.119997224167,104.70076,109.57731,108.334514304067,108.975812046343,103.281895240165,103.982958486079,106.076325733524,105.031750529175,105.528715923752,157.304120482584,108.640166111791,119.736776329604
2019-07,106.708892407701,106.931270031403,108.512506701809,100.849955840177,111.126985992929,119.523285402548,107.090686032982,109.3,106.30253900219,103.62625,104.08,103.607027156268,108.176112527373,104.19,103.08,102.90512,106.839264268362,107.8,100.072135309302,109.39143501127,102.759794634018,110.264547321104,101.420454545455,102.94503,100.664483710704,105.619956678013,111.3235,104.37,108.56707,115.434565860336,105.9864,109.69912,108.52558999283,109.181623425107,103.368832862421,102.397701377192,106.28128254935,104.23173719562,105.354460002122,160.306653231297,108.800746347212,120.137365308463
2019-08,106.808900741728,106.960406617242,108.650200301811,100.858622526567,111.202944288207,119.695440064772,107.007150264033,109.6,106.157295114401,103.34452,104.32,103.727889059283,109.197712750611,104.39,103.43,103.42271,107.090790554223,108.1,99.3204155932178,109.46656649136,103.355024629938,110.802742730441,101.633522727273,103.47738,100.932879375634,105.759602643752,111.3054,105.91,108.71093,115.713476789876,106.56156,109.15978,108.794492321518,109.510942687777,103.542708106933,102.258991380164,106.694070957416,104.711745195753,104.969086329288,162.761785451674,109.049666352249,120.337731986493
2019-09,107.508959079923,106.659328563566,108.223357101804,100.795933635385,111.268051398446,119.892689282756,107.356481661458,109.0,106.170504863847,103.15791,104.71,103.832986366252,109.367979454484,104.73,103.55,103.03862,107.095573637336,108.3,102.096849387394,109.69196093163,103.223719907805,111.006728417352,101.420454545455,102.81809,100.839620753366,105.299405711203,112.6506,105.71,109.24024,116.031773540452,105.78961,110.00297,108.875049721226,109.618062926916,103.716583351445,103.63618349351,106.755657513655,104.741745695762,105.609141733735,164.608240965168,109.195385691847,120.630066940862
2019-10,107.708975747979,107.018679788922,108.671286701811,100.674122854827,111.919122500836,120.010775056168,107.423744228664,109.5,106.35165054869,103.54652,104.83,104.741027098465,109.595001726315,104.89,103.61,103.08186,107.290494335524,108.4,102.182729662133,110.142749812171,102.726099717179,111.457452247697,101.633522727273,102.48338,101.219192943343,105.539554455315,113.0779,105.72,109.46026,116.316775147077,106.37143,110.23195,109.145504064638,109.93470929491,104.064333840469,103.665907064302,106.773637151608,104.631743862398,105.64600356331,167.198180778344,109.417060721208,120.614849583992
2019-11,108.009000750062,107.057528570041,108.352062401806,100.62476056315,111.745503540199,120.194798403919,107.408555907037,109.5,105.296052184543,103.22693,104.26,105.118326430484,108.913934910823,104.4,103.43,103.09741,107.196297129598,108.6,101.230848235067,110.217881292261,102.681990007862,111.551425353895,101.313920454545,102.11818,101.377868293522,105.299405711203,112.7937,105.76,109.19205,116.568753420056,105.81494,110.28309,109.091996965268,109.758453030327,104.064333840469,103.44793421183,106.921012441583,104.791746529109,105.518662697504,167.851793349492,109.437288051633,120.712564072889
2019-12,108.809067422285,107.271196866198,108.219015201804,100.661725931802,111.886568945717,120.623767064526,107.381433904131,109.5,105.878464863515,103.01491,104.68,105.19820038378,108.289623663288,104.81,103.4,103.47811,107.242847974158,108.6,102.053989343542,110.368144252442,102.8918927685,111.819626417587,101.420454545455,102.35109,101.421863852187,105.39038717373,113.216,105.89,108.56495,117.041261322289,105.93726,110.42468,109.190756982793,110.038233885918,104.672897196262,103.249777073219,106.773925857786,104.431740529009,106.185526705278,167.994771099431,109.36587319115,121.004899027258
2020-01,107.908992416035,107.951050535789,108.369918301806,100.41965570314,112.33146753235,121.194314438483,107.990051649334,111.0,104.839203928898,103.03802,102.9,103.184535982253,107.665312415753,103.33,102.89,102.78258,107.29617746708,108.2,98.9148480481586,110.894064613073,101.937628619946,110.435590050215,101.100852272727,102.30688,101.100494721389,105.623130449962,112.7384,104.47,108.34634,117.368002449904,105.26028,110.4554,109.173280374384,109.442999074477,104.759834818518,101.882492816804,107.365675240266,102.661711028517,104.637329863109,168.64021351344,109.807159236563,121.134289873814
2020-02,108.23631999667,107.91220175467,109.164494701819,100.702830727093,112.808919674103,121.919438859682,108.237404315834,111.4,105.108566664715,103.92234,103.3,103.422055896003,108.23286809533,103.73,103.34,102.9947,107.672685342219,108.6,98.4719869587529,111.269722013524,102.839216214455,111.797988759309,100.994318181818,102.25777,101.09799467429,105.866452966022,112.9095,106.37,108.56425,117.769369060635,106.03881,110.53787,109.525341264991,109.689286130005,105.36839817431,101.208758545527,107.62421469424,103.781729695495,105.374566454618,168.38693864212,110.328941801017,122.650885732506
2020-03,108.89097515794,107.844216387711,109.308662901822,100.904266613661,113.101901670178,122.273150126912,108.28730880118,111.4,105.596551281822,103.82334,104.48,103.971714811451,108.176112527373,104.74,103.51,103.50133,107.820935208943,108.8,101.819495546044,111.795642374155,103.561291754243,112.14081974837,101.526988636364,102.52268,101.22123148833,105.527917291503,113.7396,105.93,109.74952,118.069217109552,106.49739,110.96637,109.754433672305,110.198689523912,105.890023907846,103.299316357872,107.854141523144,104.251737528959,105.451641189185,169.612462213023,110.347105118134,123.291458493049
2020-04,109.000084351485,108.048172488588,108.996086301817,100.56140810435,112.99338981978,122.087887875619,108.130001184327,111.3,105.90118858918,104.11132,105.25,105.248647091125,107.665312415753,105.46,103.42,103.48486,107.587024857947,109.0,101.957016116552,112.021036814425,103.498069846195,112.785053514723,101.420454545455,103.15902,101.106227605419,105.570234250818,114.5339,106.4,110.31205,118.232845434583,107.30163,111.90599,109.678414493607,110.680401582305,106.759400130406,103.745169919746,108.052703804256,104.271737862298,105.434885812105,171.646831340723,109.842247462812,123.115722565323
2020-05,108.563647577305,108.048172488588,108.849309801814,100.616643641226,113.101901670178,121.815882453879,108.125661663863,112.0,106.020709895314,103.94932,105.25,105.345336613537,107.665312415753,105.58,103.58,103.77575,107.558911654667,109.1,101.287504387404,112.096168294515,103.097828467394,113.368747021995,101.207386363636,103.08492,101.122365943536,105.71834360842,114.6618,106.41,109.57257,118.361583006988,107.11929,112.1648,109.719714037483,110.895905786031,106.67246250815,103.338947785594,108.141846443808,105.011750195837,106.034728311561,174.400174296686,109.722534690904,123.04327408641
2020-06,109.000084351485,108.145294441387,109.342178001822,100.48496096383,113.00424100482,121.489792525085,108.099624541073,112.9,106.026675929236,103.8534,105.58,105.527154954594,108.176112527373,105.94,103.55,103.90415,107.709797148472,109.3,101.014405514201,112.246431254696,103.440401824588,113.762847676743,101.100852272727,103.31588,100.907546413124,105.813556766878,115.499,106.64,109.88641,118.683372339998,107.36897,112.77009,109.957657222402,111.287760356276,107.454901108455,104.200931338551,108.327969788516,105.651760862681,106.674783716008,177.737683488112,109.930174429765,123.214389943739
2020-07,109.10919354503,108.320113956425,109.133338801819,100.332116615801,113.123604040258,121.700976971073,108.186414950371,113.8,105.450513330758,104.62104,105.3,103.995887192054,108.176112527373,105.79,103.9,104.52941,108.0389454076,109.7,98.8521007837729,113.448534936138,103.031673946613,113.756059906856,101.207386363636,103.30904,100.931996696054,105.972245364309,115.59,105.94,110.03694,119.098039499314,108.8586,113.10667,110.262337407657,111.332684944129,107.628776352967,102.476964232636,108.54263204608,105.391756529276,106.999838031355,179.473841880225,110.508510958879,124.216338835646
2020-08,108.89097515794,108.368674932824,109.17186350182,100.451286461414,113.373181296174,121.795218614458,107.977033087939,113.9,105.519264216182,104.25315,104.71,103.979071622939,108.573401503077,105.28,103.9,104.32639,108.244199260108,109.2,97.9710390465437,113.598797896319,102.945121698231,114.28615122265,101.207386363636,103.76053,100.741274269719,106.173250921055,115.3228,107.08,109.93067,119.456323573076,108.22496,112.72688,110.456232515139,111.36188107383,107.628776352967,102.17972852472,108.694896913031,105.231753862564,106.413399833563,181.56948718647,110.943192161703,124.25647569722
2020-09,109.54563031921,108.261840784745,109.21620500182,100.416310291605,113.763823957608,122.191244593728,108.371929450246,113.4,105.608620621244,104.28429,104.93,104.123054933487,109.084201614696,105.46,103.88,103.80281,108.281140305463,109.8,100.603726000352,113.148009015778,102.604556979895,114.820750860651,100.994318181818,102.92493,100.745824674482,105.961666124481,115.8537,107.08,110.34337,119.79433897193,107.95261,113.10312,110.580165414019,111.51710203242,108.063464464247,103.44793421183,108.963418229552,104.871747862464,106.661379414344,183.681472806994,111.066207354905,124.508673790016
2020-10,109.7638487063,108.446372495063,109.740284001829,100.526700750616,114.588514020635,122.234016167572,108.488011622682,113.8,105.806133301803,104.42452,105.06,104.848226351573,108.516645935119,105.62,104.0,103.68459,108.394928584352,110.0,100.886436095722,113.523666416228,101.750664515064,115.232820487637,101.313920454545,102.81902,100.811816871598,105.263436295785,116.1539,107.08,110.58428,120.044699290736,108.6997,113.35635,110.777707982217,111.873659468323,108.411214953271,103.566828494997,108.978037819004,105.521758695978,106.778667053902,186.953620741306,111.179315284225,124.885180651931
2020-11,109.98206709339,108.485221276182,109.881212201831,100.373861115141,114.371490319839,121.987378280511,108.37952361106,113.8,105.583738564015,104.45239,104.53,105.197149410711,108.686912638992,105.17,104.07,103.79206,108.397348549334,109.9,99.4915894576763,113.448534936138,102.108684305075,115.364001554024,101.207386363636,102.57026,100.898403855376,105.961666124481,115.8803,106.85,110.00206,119.869240182235,107.75046,112.95195,110.848798954641,111.971394869688,108.585090197783,103.25968493015,109.088716710917,104.821747029117,106.751858450574,190.417767368392,111.239171670179,124.863033189465
2020-12,110.527613061115,108.67946518178,109.465764901824,100.267092303504,114.783835351352,122.29430045381,108.488011622682,113.9,105.661090041704,104.17143,104.92,105.167722164759,108.686912638992,105.54,104.17,104.00034,108.38336609242,110.2,100.132625938816,113.899323816679,102.669486230972,115.682853557798,101.100852272727,102.83431,100.871449244514,106.067458522768,115.599,107.13,109.48587,120.524061418307,108.02147,113.2476,110.922520016178,112.214770736617,108.585090197783,103.101159219261,109.015047493984,104.281738028967,107.432126760013,191.835289632071,111.137209412726,125.02384051472
2021-01,109.654739512755,108.912557868497,109.955639401833,100.175903534111,115.304692233264,122.544823474372,108.619282116746,115.2,106.276605233494,104.26353,104.36,103.621740779244,108.516645935119,105.09,104.24,103.9606,108.612749660408,109.8,97.6997412763281,114.575507137491,102.740180275572,115.220806486987,101.100852272727,103.24425,101.101360984377,106.38483571763,115.4124,107.36,109.51559,120.91907144177,107.6607,112.82951,111.114886073291,112.278823064498,108.932840686807,102.447240661845,109.866540296628,103.271721195353,106.416750908979,194.278166616738,111.355582020793,125.164175153029
2021-02,109.54563031921,109.087377383535,110.181033101836,100.267096113653,115.521715934061,123.387149453025,108.622536757094,115.4,106.769462991585,104.69494,104.45,103.56709017962,108.97069047878,105.24,104.43,103.75277,108.884591969969,109.9,97.5770249914645,115.026296018032,103.043253749628,116.140812462993,101.207386363636,103.32211,101.207780887626,106.532945075232,115.3325,106.15,109.38409,121.371881678457,108.43485,113.08891,111.384007807928,112.46907651947,109.367528798087,101.882492816804,109.942764870373,103.33172219537,106.678134791423,194.939949345026,111.744029325501,125.847772319144
2021-03,110.745831448205,109.019392016576,110.452941601841,100.541861536041,116.053424001013,123.711552671939,108.762486292088,115.4,107.167001478496,104.82298,105.46,104.082066983769,108.857179342865,106.13,104.52,104.31721,109.247269926083,110.2,99.0576077359165,115.401953418482,103.552925773401,116.663989339067,101.846590909091,103.48443,101.271582368243,106.659895953176,116.1498,107.6,110.51744,121.951745794445,108.75607,113.43893,111.807523076083,113.016452502093,110.149967398392,103.44793421183,110.648387340781,103.401723362056,106.926114372204,197.29295460116,112.163849632502,126.417773504372
2021-04,110.745831448205,109.233060312733,111.01639180185,100.753355114371,116.21619177661,123.968398489814,108.860125502548,115.9,107.350913713582,105.15154,106.03,105.168773137829,108.913934910823,106.69,104.97,104.37698,109.701401903364,110.6,100.441066076863,116.453794139745,104.213918605524,117.491175371498,101.953125,103.61498,99.9963540087971,106.860901509922,117.461,107.72,111.39956,122.300471524465,109.31864,114.03033,112.326000851744,113.546994213225,110.671593131928,103.834340632121,110.800990055388,104.631743862398,107.348349874614,200.72442059969,113.094719634752,126.842733354575
2021-05,110.85494064175,109.40787982777,111.357065501856,100.964027705749,116.606834438044,124.110794601729,108.644234359419,116.4,107.651285042701,105.31518,106.25,105.499829654782,110.276068541808,106.93,105.17,104.63024,110.255394127124,111.3,99.5914130127406,116.904583020286,104.236415360732,118.160086330508,102.379261363636,103.44469,100.107850374697,106.977273148038,118.4166,107.89,111.60717,122.778636133687,109.24366,113.7276,112.824708254395,113.895368936118,111.019343620952,103.99286634301,111.629263510079,105.741762362706,107.435477835429,202.738364334541,113.889364758624,126.840885326417
2021-06,111.618704996566,109.592411538088,111.739599901862,100.96690186195,116.530876142765,124.307542954026,108.81347565755,117.2,108.028560132981,105.28369,106.52,105.60597793482,111.013890925258,107.2,105.23,104.84941,110.894042774724,111.8,100.538710087067,117.956423741548,104.378305609645,118.600008290984,102.379261363636,103.63677,99.899416171751,106.998431627695,119.2562,108.02,112.10535,123.347082391823,109.33344,114.28737,113.436692436802,114.421369456805,111.019343620952,103.933419201427,112.289976813055,106.491774862914,107.536010097907,207.329992646859,114.849130947196,127.38845029478
2021-07,111.618704996566,110.146006669041,112.306353801872,100.713578757786,117.203649615235,124.664164196787,108.703902765811,118.5,108.477205883934,105.54939,106.05,104.41837836607,111.411179900962,106.89,105.49,104.6594,111.203414743094,111.8,98.3474885931124,118.407212622089,104.526824366789,118.752944274949,102.805397727273,103.9568,NA,107.326388062386,119.0209,107.26,111.89239,123.772079030918,109.58874,114.51218,113.718405498727,114.513953217968,111.454031732232,103.348855642525,112.782466554375,106.801780029667,107.311488045038,208.469729567799,115.232211817302,127.964486446965
2021-08,111.618704996566,110.398523746318,112.511953901875,100.979528897952,117.637697016828,125.042372514189,108.635555318489,119.6,108.543581971076,105.35321,106.34,104.52032275383,112.319268988285,107.17,105.68,105.27218,111.388181539401,112.4,97.6496107433748,118.632607062359,105.04894995148,119.351118290276,103.125,104.26206,NA,107.590869058104,119.2484,108.52,112.1696,124.172045415653,110.0141,113.89391,113.923475652085,114.83006697034,111.714844599,103.120974933122,113.42569163417,106.871781196353,107.666702039129,209.176448160353,115.381233578194,128.297709024348
2021-09,112.164250964291,110.291689598239,112.746200301879,101.056711497594,118.744517890891,125.364404802934,109.422093402754,120.1,108.882104239242,105.61379,106.89,104.931253224079,112.830069099904,107.72,106.04,104.98057,111.494874797697,112.8,100.70698656851,118.782870022539,105.596826286328,119.877294350531,103.125,103.94636,NA,107.463918180159,120.4184,108.65,112.88616,124.602640237769,109.82593,114.57343,114.162977724844,115.24807105734,112.497283199304,104.329733478649,114.688996158022,106.451774196237,107.978352052813,212.403660230398,115.536860181674,128.579850948404
2021-10,112.382469351381,110.835572533912,113.262530201888,101.288969187535,120.383046831906,125.07431019684,110.010098425749,121.4,109.135729316726,106.05455,107.22,106.110445008272,113.567891483354,108.12,106.41,105.02762,111.957679674746,113.4,101.083325986491,119.684447783621,105.706698831849,120.506963861857,103.125,103.86673,NA,107.728399175877,121.7037,109.09,113.40201,125.130702357555,110.65942,114.84279,114.752677293753,115.877312751981,113.279721799609,104.676508471218,115.420940032128,107.071784529742,108.447502611046,216.827800321359,116.25224719449,128.864851541018
2021-11,112.928015319106,110.95211887727,113.305258601888,101.313518983483,121.012415564216,125.362741323448,110.626310331765,121.9,109.054538458623,105.99249,107.26,106.753640526923,114.248958298846,108.23,106.66,105.22323,112.257415196657,113.9,100.098388963353,120.210368144252,106.045264954522,120.88456331667,103.125,103.78806,NA,107.971721691938,121.9753,109.44,113.38399,125.50042115674,110.41302,114.98325,115.151381074233,116.360006763159,113.714409910889,105.013375606856,116.049840371334,107.811796863281,108.517875194781,222.763419483101,116.721603820901,128.893986859959
2021-12,113.691779673921,111.573699375182,113.223663401887,101.347438538673,122.151789993399,125.775925206889,110.522161840608,123.1,109.368256808764,105.79323,107.67,106.888165079843,114.532736138635,108.66,106.84,105.4303,112.607725409511,114.4,101.10938641493,120.811419984974,106.641780479311,121.465340845119,103.551136363636,104.13549,NA,108.44778748423,122.3599,109.7,113.2636,126.444234543495,110.56439,115.44661,116.06357845933,118.195012680286,114.149098022169,104.973744179134,116.125254110706,107.47179119652,108.923355320111,251.44067104224,117.197978092563,129.403262994908
2022-01,113.364452093286,112.204992068374,113.923390401899,101.287971730501,123.519039308418,127.24454935585,110.657771855136,125.7,109.135412536163,105.99918,106.72,105.700565511093,114.532736138635,108.02,107.01,105.30675,113.086345407754,114.2,98.8756492792513,121.863260706236,106.075926826686,121.736596405259,103.657670454545,104.62979,NA,109.146017312926,123.7222,108.79,113.80262,127.045180092163,110.27392,115.04485,116.836661767853,119.036938544172,115.279287111498,104.953928465273,117.291424362286,107.231787196453,108.909951018448,271.486151583649,118.0599100503,129.717806573374
2022-02,114.019107254556,112.49635792677,114.697234701912,101.862863130933,123.182652572183,128.831465975683,NA,126.7,109.648850471447,107.25104,107.3,106.077864843112,115.611091929831,108.67,107.17,105.80556,113.746072672521,114.9,98.7200365841828,122.839969947408,106.872311961018,123.172123619688,103.977272727273,104.7805,NA,109.590345385732,124.873,110.89,114.24521,127.913242963567,111.14294,115.82402,117.631576992737,120.000448058121,116.409476200826,105.122362033092,117.992550387534,108.211803530059,109.918624718649,280.910427843896,118.911521941494,130.222503668783
2022-03,115.219308383552,112.923694519084,115.834363501931,102.092795627003,124.636711367521,129.603060649,NA,127.8,110.649444114701,107.66579,108.59,106.892368972122,116.973225560816,109.91,107.78,106.42449,114.320042988875,115.8,100.784487058922,123.74154770849,107.516592917845,124.087173900822,104.509943181818,105.1593,NA,109.685558544191,126.3852,111.34,116.20906,128.623016545231,111.60293,116.3514,118.4325528911,121.355749010166,117.539665290154,107.401169127118,119.85761072715,108.031800530009,110.739638195558,293.28004575288,119.425874058036,131.354164273279
2022-04,115.437526770642,113.360743306679,116.528684501942,102.365782812508,125.906300017181,130.710577916035,NA,129.4,111.287883659846,108.57685,109.74,108.624372590973,119.186692711166,111.11,108.46,107.08832,114.937475154632,116.6,102.198718330676,125.319308790383,108.869792829942,125.660264553897,105.255681818182,105.65191,NA,110.076990417854,128.1334,112.16,117.91829,129.365521865202,113.10706,117.36038,119.398159441292,122.858211416066,119.104542490763,108.986426236005,121.298905681243,110.301838363973,111.701396839936,307.193823361203,120.062002959795,131.988369073381
2022-05,116.419509512547,113.817216484833,117.138338401952,102.777870535167,127.121632741642,131.534982201216,NA,131.2,111.943144252847,109.33941,110.26,109.1782353987,119.754248390743,111.75,109.45,107.56473,115.521524854625,117.1,102.027518435824,126.821938392186,109.139794065205,126.498073859179,105.788352272727,106.07475,NA,110.627110888947,129.8461,112.67,119.08262,129.840535824551,113.20322,117.80151,120.171209236967,123.967726976452,120.321669202347,109.779054790449,122.618237631731,111.551859197653,112.616240428491,318.689234456276,120.747255378303,132.339954640501
2022-06,117.401492254452,114.409660396905,117.61165640196,102.93220164364,128.098239395227,132.037705061391,NA,132.9,111.825470833326,109.55998,110.52,109.79095269833,121.683937701305,112.12,109.47,107.72053,116.109434060961,117.6,104.045845055851,128.39969947408,109.770225457108,127.93675109712,106.107954545455,106.74212,NA,111.177231360041,131.0841,112.93,120.01254,130.639572352372,113.33804,118.29113,120.931993901398,124.862594812215,121.017170180396,110.15555335381,123.546206858192,112.891881531359,113.440604980815,329.326779051717,121.644688364951,132.941225492044
2022-07,117.947038222177,115.439153096572,118.405446701973,102.773769611091,129.302720934649,132.801265040022,NA,134.5,112.411557110884,110.43993,110.35,109.116227987588,123.532016419927,112.12,110.02,108.14998,116.558964577734,117.9,101.821798234688,130.879038317055,110.391577801373,129.639316328174,107.173295454545,107.33251,NA,111.632138672676,131.7476,111.87,120.45488,131.308590983991,114.76906,118.82667,121.610974196965,125.802981433248,121.712671158444,109.788962647379,124.554282835092,113.331888864814,113.718744240339,341.406356382254,122.043455736203,134.10735185666
2022-08,118.383474996358,115.905338470006,118.595069901977,102.979698165264,130.442095363831,133.740863352478,NA,135.6,112.678296903645,110.50499,110.95,109.424163097007,124.919005074894,112.76,110.46,108.97946,117.113278018112,118.7,101.651779719228,132.682193839219,110.943883184902,130.248067308408,107.705965909091,107.89184,NA,111.970674347195,132.2635,113.66,120.85431,132.056377842795,115.39146,118.4463,122.309637499132,126.791581764841,122.66898500326,109.818686218171,125.666661597246,113.611893531559,114.767630845532,351.251395735178,122.675869414006,134.46677055108
2022-09,119.256348544718,116.216128718961,119.054713201984,102.995410018628,130.973803430783,134.663283154738,NA,136.2,113.999409119777,110.80789,112.01,109.568146407555,126.167627569963,113.83,110.97,108.23382,117.554098662599,119.3,105.457403206439,133.884297520661,110.841864417316,130.438711635638,108.025568181818,107.983,NA,111.822564989593,134.5207,113.7,122.27365,132.702811912181,115.95984,119.74682,122.941344999353,127.785693260102,124.407737448381,111.522837610225,126.584163689073,113.491891531526,115.943858316531,360.381546338408,123.19765197846,135.201100125025
2022-10,120.238331286623,116.973679950792,119.40661080199,102.915948347978,131.548916237894,135.37486125809,NA,137.4,114.421519218966,111.43403,112.62,110.589692231295,127.416250065032,114.56,111.79,108.47446,117.92453190613,120.0,106.148950664743,135.537190082645,110.986235335219,131.041103059077,108.558238636364,108.0873,NA,112.245734582742,136.2324,113.77,123.29843,133.327253529347,117.15282,120.18745,123.640754743276,128.907540488869,125.624864159965,112.137124739919,127.630121602172,114.271904531742,117.361363217479,372.334486233285,123.558028702169,135.701828435936
2022-11,120.892986447893,117.614684839263,119.521856001992,103.014771594152,132.47126696628,136.15964517925,NA,137.9,114.542803936897,111.4088,112.63,111.11517876614,127.529761200948,114.69,112.34,108.67681,118.047344802424,120.4,105.807291740081,137.190082644628,111.347509120179,131.258340130143,108.664772727273,108.08576,NA,112.51021557846,137.1163,113.92,124.53702,133.825161105666,116.46173,120.09621,123.956313137905,129.519858797318,126.494240382526,112.602794015654,128.583017842917,114.821913698562,117.941099264439,379.989923472861,123.675677460768,135.908657810553
2022-12,122.420515157524,118.381948266373,119.545086901992,103.135182345299,132.677439482037,137.385766103872,NA,138.0,115.093051773513,111.78234,113.28,111.636461408707,128.040561312567,115.38,113.24,108.97662,118.320326292882,121.0,106.219533077533,138.31705484598,111.973611895343,132.320382662132,108.877840909091,108.7898,NA,112.827592773321,138.0079,113.76,124.65235,134.551880804676,117.23681,121.16213,124.431150064011,130.446221027417,127.27667898283,112.652333300307,128.981653505564,115.421923698728,119.214507922501,387.919060976606,123.887445226247,136.287955241365
2023-01,122.747842738159,119.741655605555,119.834189701997,103.149029230746,134.153200647454,139.595063135014,NA,140.3,115.330932857054,112.02626,112.41,111.11412779307,128.494605856229,114.81,113.28,108.69776,118.753753236634,120.3,104.642471683565,140.871525169046,110.773138838797,132.921030632049,108.886135871911,109.31126,NA,113.504664122359,138.9228,112.79,125.5795,135.418068992983,117.13274,121.58355,125.327376202116,131.674967822061,128.406868072158,112.325374021599,131.182761693991,115.801930032167,119.690360631566,418.757319099104,124.650717347825,136.56966931297
2023-02,123.948043867154,120.256401955389,120.421900702007,103.930992230203,134.381075533291,141.908081826187,NA,141.2,116.078640577469,113.47336,113.35,111.580759836013,129.629717215383,115.79,114.24,109.58494,119.524023506265,121.5,104.982779030109,142.7498121713,112.811696372363,134.835948190651,109.347776614666,109.79561,NA,113.83262055705,140.0703,114.92,126.25393,136.242453668548,118.45252,122.30646,126.224194406473,132.87838417519,130.058682895023,112.70187258496,132.303531363368,116.511941865698,121.463079526605,426.710967074267,125.496550001754,137.543692582293
2023-03,125.039135802604,120.94596782026,121.070907302018,104.061720465148,136.290884100301,143.250796986698,NA,141.7,116.991507123686,113.35921,114.77,112.376346449769,130.93509527841,117.14,115.39,110.38668,120.160858015848,122.3,107.380378493216,144.778362133734,114.394081978132,135.706175901159,109.928142450746,110.16609,NA,114.054784593453,141.8965,115.16,128.20913,136.945094026353,118.93223,123.30745,127.028619267371,134.072292581612,131.710497717887,114.931140394333,133.804914058646,116.401940032334,122.250582249354,435.363163484844,126.10130590122,138.689313560332
2023-04,125.912009350965,121.188772702256,121.721746902029,104.260469895512,136.822592167253,144.560523838753,NA,141.8,117.642417263631,114.14048,115.9,113.581812560705,131.67291766186,118.28,116.27,111.25619,120.854437452857,123.9,108.31255691484,146.731780616078,115.179459771524,137.664162963228,110.871052117969,110.8468,NA,114.382741028143,143.5106,116.48,129.55881,137.430916685076,120.47215,124.32567,127.953247334895,135.561499833335,133.275374918496,116.120083225998,134.891296979387,119.091984866414,123.523990907415,448.435414907813,126.688724088893,139.409543505137
2023-05,126.45755531869,122.4222215028,122.240958502037,104.453153166792,137.115574163328,145.401723733445,NA,142.2,117.714727706639,113.93553,116.16,113.846657774267,132.070206637564,118.6,116.93,111.48761,121.287931257051,124.7,108.65347497446,147.40796393689,116.025759581472,138.223207847948,111.092250253977,111.27191,NA,114.795331381464,144.3455,116.9,130.6631,137.781063217903,120.92573,124.90737,128.611725787077,136.614821027097,133.797000652032,115.743584662637,134.766704906756,120.422007033451,124.951549034611,465.927721343174,127.18284887501,139.596389701665
2023-06,127.11221047996,122.529055650879,122.299458702038,104.428417275121,136.974508757811,145.952470873444,NA,142.9,118.132740777223,114.31773,116.58,114.487751346778,133.14856242876,119.06,117.48,111.69149,121.558523514603,125.1,109.050868976001,148.234410217881,117.085085585482,139.563252885854,111.121634904439,111.66537,NA,114.901123779751,144.8341,117.18,130.30473,138.120953368509,120.41568,125.55937,129.150770013568,137.719013838797,134.231688763312,115.941741801248,135.258469811287,121.882031367189,126.00378671522,485.286908684877,127.518870241675,140.06756101223
2023-07,127.33042886705,123.539123959986,122.933616654049,104.181770254763,137.365151419245,146.572422337537,NA,144.0,118.552168800986,115.97635,116.41,114.349022901579,133.091806860802,119.03,118.18,112.01405,121.852806384204,125.5,107.229512340262,149.211119459053,117.26913716402,139.439117600436,111.321690968928,111.82779,NA,115.218500974612,145.5532,116.48,130.93623,138.650158114455,121.67934,126.2483,130.094562920255,139.751944806474,134.49250163008,114.911324680472,134.99593146961,122.142035700595,126.640491044251,532.0324627577,127.721969151257,140.681991517637
2023-08,127.221319673505,123.888762990061,123.189988050053,104.269042731904,137.191532458607,147.239887900328,NA,144.4,118.886636277954,115.06223,116.8,114.649601199511,133.943140380168,119.44,118.0,112.59977,122.159832166945,125.7,106.897895140426,149.361382419234,117.772050118037,139.826742996227,111.996601570845,112.09616,NA,115.48298197033,145.2999,118.0,130.36503,139.04880046253,122.21964,125.66183,130.974756980746,141.70003443562,134.927189741361,114.732983255722,135.149148452681,121.942032367206,126.700810401738,577.221601895476,128.011343817145,140.938430698487
2023-09,127.875974834775,123.500275178866,123.128711067552,104.127074555912,137.723240525559,147.857180457964,NA,143.9,119.093230001297,114.66841,117.07,114.41313225883,134.113407084041,119.69,118.54,111.61181,122.317648213207,126.3,109.521268219253,149.812171299775,117.297689965384,140.191455911209,111.747937338388,112.16704,NA,115.334872612728,146.1382,117.93,131.26181,139.557562374363,121.60885,126.47402,131.556409172895,142.920225924826,134.753314496848,116.050728227484,135.716910651627,121.632027200453,127.655866895284,608.87687573191,128.306084917636,141.402534787534
2023-10,128.20330241541,124.218977629577,123.790673554963,104.264831514028,137.799198820838,148.216608193737,NA,144.3,119.28083800961,115.14091,117.34,114.833521486706,133.716118108337,120.01,119.18,111.88773,122.574371637637,126.8,109.781101603528,150.413223140496,117.804931536139,140.960388308614,112.084261805753,111.91877,NA,115.73688372622,146.7068,117.99,130.76259,140.027575704305,122.50705,127.16161,132.166213914411,144.054771703868,135.535753097153,116.080451798276,136.179743511486,121.702028367139,128.064698096031,631.026171736703,128.538492816202,141.890312327975
2023-11,128.748848383135,124.248114215417,124.040011289831,104.181930682111,138.732400734264,148.70531746583,NA,144.5,118.775551894128,114.7482,116.64,114.88817208633,133.829629244252,119.42,118.84,111.682,122.532983498583,126.6,109.259913058136,150.864012021037,117.398272556187,141.588292024865,111.644101009304,111.46471,NA,115.73688372622,146.4612,117.74,131.35648,140.276776466297,120.95254,126.84618,132.33110769895,144.328997443969,135.535753097153,115.812939661151,136.361855683122,121.622027033784,127.508419576983,646.194068465917,128.631786217758,142.05181400595
2023-12,129.621721931496,124.685163003011,123.776295985263,104.47975402638,138.178990297232,149.494829114156,NA,144.3,119.127114962105,114.61149,117.17,115.244451956956,134.056651516083,119.95,119.42,112.0159,122.733102281673,127.3,109.407695610645,151.314800901578,118.479532896524,142.353192922957,111.494346416655,111.89062,NA,115.948468522794,146.1611,117.85,130.70895,140.89473199589,121.17778,127.45445,132.758634450591,145.279884158461,135.970441208433,115.624690379471,136.453381684315,121.412023533726,128.781828235044,660.585800266892,128.756039818945,142.366914606802
